product_id,product_name,category,subcategory,brand,cost_price,list_price
P00001,LED TV 001,Electronics,LED TV,Vertex,909.89,1437.69
P00002,LED TV 002,Electronics,LED TV,Orion,850.23,1375.38
P00003,LED TV 003,Electronics,LED TV,Core,1457.62,2457.59
P00004,LED TV 004,Electronics,LED TV,Urban,1116.12,1607.47
P00005,LED TV 005,Electronics,LED TV,Zenith,833.09,1246.84
P00006,LED TV 006,Electronics,LED TV,Viva,1520.7,1832.38
P00007,LED TV 007,Electronics,LED TV,Prime,1169.47,1515.71
P00008,LED TV 008,Electronics,LED TV,Apex,866.67,973.26
P00009,Bluetooth Speaker 001,Electronics,Bluetooth Speaker,Elite,913.18,1218.26
P00010,Bluetooth Speaker 002,Electronics,Bluetooth Speaker,Nova,1327.87,1830.32
P00011,Bluetooth Speaker 003,Electronics,Bluetooth Speaker,Vertex,910.33,1398.87
P00012,Bluetooth Speaker 004,Electronics,Bluetooth Speaker,Orion,1557.03,2405.52
P00013,Bluetooth Speaker 005,Electronics,Bluetooth Speaker,Core,1462.51,1976.38
P00014,Bluetooth Speaker 006,Electronics,Bluetooth Speaker,Urban,1453.65,2305.19
P00015,Bluetooth Speaker 007,Electronics,Bluetooth Speaker,Zenith,1052.77,1475.14
P00016,Bluetooth Speaker 008,Electronics,Bluetooth Speaker,Viva,1278.23,1995.41
P00017,Wireless Headphones 001,Electronics,Wireless Headphones,Prime,1557.43,2286.22
P00018,Wireless Headphones 002,Electronics,Wireless Headphones,Apex,882.85,1342.41
P00019,Wireless Headphones 003,Electronics,Wireless Headphones,Elite,949.0,1590.23
P00020,Wireless Headphones 004,Electronics,Wireless Headphones,Nova,1548.39,2503.11
P00021,Wireless Headphones 005,Electronics,Wireless Headphones,Vertex,884.09,1496.64
P00022,Wireless Headphones 006,Electronics,Wireless Headphones,Orion,1100.79,1698.17
P00023,Wireless Headphones 007,Electronics,Wireless Headphones,Core,1140.15,1615.78
P00024,Wireless Headphones 008,Electronics,Wireless Headphones,Urban,975.6,1602.01
P00025,Smart Watch 001,Electronics,Smart Watch,Zenith,1344.28,1953.87
P00026,Smart Watch 002,Electronics,Smart Watch,Viva,969.38,1316.37
P00027,Smart Watch 003,Electronics,Smart Watch,Prime,1122.88,1311.11
P00028,Smart Watch 004,Electronics,Smart Watch,Apex,1279.8,1862.5
P00029,Smart Watch 005,Electronics,Smart Watch,Elite,1251.58,1729.56
P00030,Smart Watch 006,Electronics,Smart Watch,Nova,983.22,1447.21
P00031,Smart Watch 007,Electronics,Smart Watch,Vertex,1197.53,1766.36
P00032,Smart Watch 008,Electronics,Smart Watch,Orion,1006.98,1381.01
P00033,Digital Camera 001,Electronics,Digital Camera,Core,1442.04,2135.93
P00034,Digital Camera 002,Electronics,Digital Camera,Urban,844.54,1285.98
P00035,Digital Camera 003,Electronics,Digital Camera,Zenith,1412.23,1763.76
P00036,Digital Camera 004,Electronics,Digital Camera,Viva,1240.72,2044.02
P00037,Digital Camera 005,Electronics,Digital Camera,Prime,851.81,1342.94
P00038,Digital Camera 006,Electronics,Digital Camera,Apex,1425.09,2330.05
P00039,Digital Camera 007,Electronics,Digital Camera,Elite,1538.49,1959.05
P00040,Digital Camera 008,Electronics,Digital Camera,Nova,1026.63,1606.08
P00041,Smartphone 001,Mobile & Accessories,Smartphone,Vertex,430.47,532.08
P00042,Smartphone 002,Mobile & Accessories,Smartphone,Orion,351.05,526.99
P00043,Smartphone 003,Mobile & Accessories,Smartphone,Core,429.42,688.1
P00044,Smartphone 004,Mobile & Accessories,Smartphone,Urban,375.02,558.06
P00045,Smartphone 005,Mobile & Accessories,Smartphone,Zenith,491.55,759.84
P00046,Smartphone 006,Mobile & Accessories,Smartphone,Viva,511.86,580.86
P00047,Smartphone 007,Mobile & Accessories,Smartphone,Prime,488.08,694.23
P00048,Smartphone 008,Mobile & Accessories,Smartphone,Apex,517.45,834.0
P00049,Power Bank 001,Mobile & Accessories,Power Bank,Elite,339.25,524.39
P00050,Power Bank 002,Mobile & Accessories,Power Bank,Nova,448.18,736.23
P00051,Power Bank 003,Mobile & Accessories,Power Bank,Vertex,385.69,597.06
P00052,Power Bank 004,Mobile & Accessories,Power Bank,Orion,403.44,537.73
P00053,Power Bank 005,Mobile & Accessories,Power Bank,Core,432.4,660.51
P00054,Power Bank 006,Mobile & Accessories,Power Bank,Urban,494.79,669.72
P00055,Power Bank 007,Mobile & Accessories,Power Bank,Zenith,352.1,490.68
P00056,Power Bank 008,Mobile & Accessories,Power Bank,Viva,439.98,660.31
P00057,Phone Case 001,Mobile & Accessories,Phone Case,Prime,522.52,599.95
P00058,Phone Case 002,Mobile & Accessories,Phone Case,Apex,374.08,521.68
P00059,Phone Case 003,Mobile & Accessories,Phone Case,Elite,294.01,351.63
P00060,Phone Case 004,Mobile & Accessories,Phone Case,Nova,461.68,548.5
P00061,Phone Case 005,Mobile & Accessories,Phone Case,Vertex,405.94,667.77
P00062,Phone Case 006,Mobile & Accessories,Phone Case,Orion,482.91,658.83
P00063,Phone Case 007,Mobile & Accessories,Phone Case,Core,523.3,623.75
P00064,Phone Case 008,Mobile & Accessories,Phone Case,Urban,412.49,494.86
P00065,USB Cable 001,Mobile & Accessories,USB Cable,Zenith,340.85,456.55
P00066,USB Cable 002,Mobile & Accessories,USB Cable,Viva,484.22,719.87
P00067,USB Cable 003,Mobile & Accessories,USB Cable,Prime,366.55,465.06
P00068,USB Cable 004,Mobile & Accessories,USB Cable,Apex,505.9,798.31
P00069,USB Cable 005,Mobile & Accessories,USB Cable,Elite,377.59,452.28
P00070,USB Cable 006,Mobile & Accessories,USB Cable,Nova,500.4,719.32
P00071,USB Cable 007,Mobile & Accessories,USB Cable,Vertex,421.97,495.73
P00072,USB Cable 008,Mobile & Accessories,USB Cable,Orion,503.37,649.93
P00073,Fast Charger 001,Mobile & Accessories,Fast Charger,Core,320.42,431.46
P00074,Fast Charger 002,Mobile & Accessories,Fast Charger,Urban,408.66,641.71
P00075,Fast Charger 003,Mobile & Accessories,Fast Charger,Zenith,285.36,459.58
P00076,Fast Charger 004,Mobile & Accessories,Fast Charger,Viva,404.05,556.87
P00077,Fast Charger 005,Mobile & Accessories,Fast Charger,Prime,297.92,375.17
P00078,Fast Charger 006,Mobile & Accessories,Fast Charger,Apex,399.62,655.84
P00079,Fast Charger 007,Mobile & Accessories,Fast Charger,Elite,398.32,556.26
P00080,Fast Charger 008,Mobile & Accessories,Fast Charger,Nova,443.63,612.22
P00081,Laptop 001,Computers,Laptop,Vertex,2551.95,3073.93
P00082,Laptop 002,Computers,Laptop,Orion,2167.34,2625.03
P00083,Laptop 003,Computers,Laptop,Core,2421.57,2837.32
P00084,Laptop 004,Computers,Laptop,Urban,1803.41,2225.32
P00085,Laptop 005,Computers,Laptop,Zenith,2445.38,2758.49
P00086,Laptop 006,Computers,Laptop,Viva,1621.0,2751.36
P00087,Laptop 007,Computers,Laptop,Prime,1774.62,2626.04
P00088,Laptop 008,Computers,Laptop,Apex,2464.05,3129.92
P00089,Desktop PC 001,Computers,Desktop PC,Elite,1682.44,2219.01
P00090,Desktop PC 002,Computers,Desktop PC,Nova,2181.91,2724.6
P00091,Desktop PC 003,Computers,Desktop PC,Vertex,2518.41,3393.68
P00092,Desktop PC 004,Computers,Desktop PC,Orion,1765.83,2290.51
P00093,Desktop PC 005,Computers,Desktop PC,Core,2275.75,2724.53
P00094,Desktop PC 006,Computers,Desktop PC,Urban,1879.17,2375.67
P00095,Desktop PC 007,Computers,Desktop PC,Zenith,1523.29,2545.16
P00096,Desktop PC 008,Computers,Desktop PC,Viva,2506.69,3033.07
P00097,Monitor 001,Computers,Monitor,Prime,1779.22,2243.91
P00098,Monitor 002,Computers,Monitor,Apex,1770.79,2809.03
P00099,Monitor 003,Computers,Monitor,Elite,1557.49,2212.2
P00100,Monitor 004,Computers,Monitor,Nova,1459.56,1971.44
P00101,Monitor 005,Computers,Monitor,Vertex,1507.55,2007.21
P00102,Monitor 006,Computers,Monitor,Orion,1994.27,2892.04
P00103,Monitor 007,Computers,Monitor,Core,1926.63,2990.75
P00104,Monitor 008,Computers,Monitor,Urban,2447.25,4105.38
P00105,Keyboard 001,Computers,Keyboard,Zenith,2196.37,2783.99
P00106,Keyboard 002,Computers,Keyboard,Viva,2454.12,2894.94
P00107,Keyboard 003,Computers,Keyboard,Prime,1829.23,2160.34
P00108,Keyboard 004,Computers,Keyboard,Apex,2276.22,2787.32
P00109,Keyboard 005,Computers,Keyboard,Elite,2519.07,3171.91
P00110,Keyboard 006,Computers,Keyboard,Nova,2370.34,3056.82
P00111,Keyboard 007,Computers,Keyboard,Vertex,1680.46,2059.01
P00112,Keyboard 008,Computers,Keyboard,Orion,1571.62,2511.19
P00113,Mouse 001,Computers,Mouse,Core,2552.0,3300.79
P00114,Mouse 002,Computers,Mouse,Urban,2475.2,3321.88
P00115,Mouse 003,Computers,Mouse,Zenith,2573.59,3714.1
P00116,Mouse 004,Computers,Mouse,Viva,1820.04,2347.79
P00117,Mouse 005,Computers,Mouse,Prime,1545.87,2022.26
P00118,Mouse 006,Computers,Mouse,Apex,1574.65,2368.86
P00119,Mouse 007,Computers,Mouse,Elite,2020.94,2751.39
P00120,Mouse 008,Computers,Mouse,Nova,2045.64,2809.13
P00121,Refrigerator 001,Home Appliances,Refrigerator,Vertex,2220.94,2749.41
P00122,Refrigerator 002,Home Appliances,Refrigerator,Orion,3507.4,5649.52
P00123,Refrigerator 003,Home Appliances,Refrigerator,Core,3572.56,5715.44
P00124,Refrigerator 004,Home Appliances,Refrigerator,Urban,2814.0,3868.24
P00125,Refrigerator 005,Home Appliances,Refrigerator,Zenith,3326.76,4447.89
P00126,Refrigerator 006,Home Appliances,Refrigerator,Viva,2965.64,3756.62
P00127,Refrigerator 007,Home Appliances,Refrigerator,Prime,2770.49,4199.07
P00128,Refrigerator 008,Home Appliances,Refrigerator,Apex,2623.53,3749.04
P00129,Washing Machine 001,Home Appliances,Washing Machine,Elite,3582.58,5823.3
P00130,Washing Machine 002,Home Appliances,Washing Machine,Nova,2949.43,4860.88
P00131,Washing Machine 003,Home Appliances,Washing Machine,Vertex,2896.77,3556.95
P00132,Washing Machine 004,Home Appliances,Washing Machine,Orion,2211.3,3116.2
P00133,Washing Machine 005,Home Appliances,Washing Machine,Core,3533.16,4294.39
P00134,Washing Machine 006,Home Appliances,Washing Machine,Urban,3383.91,4131.28
P00135,Washing Machine 007,Home Appliances,Washing Machine,Zenith,2859.56,4600.22
P00136,Washing Machine 008,Home Appliances,Washing Machine,Viva,2852.3,4099.48
P00137,Microwave Oven 001,Home Appliances,Microwave Oven,Prime,2108.18,2688.74
P00138,Microwave Oven 002,Home Appliances,Microwave Oven,Apex,3141.01,5333.17
P00139,Microwave Oven 003,Home Appliances,Microwave Oven,Elite,3142.05,5004.1
P00140,Microwave Oven 004,Home Appliances,Microwave Oven,Nova,2420.17,3092.5
P00141,Microwave Oven 005,Home Appliances,Microwave Oven,Vertex,2454.0,4005.56
P00142,Microwave Oven 006,Home Appliances,Microwave Oven,Orion,2395.94,3757.1
P00143,Microwave Oven 007,Home Appliances,Microwave Oven,Core,2452.36,3056.88
P00144,Microwave Oven 008,Home Appliances,Microwave Oven,Urban,3593.04,5909.64
P00145,Air Conditioner 001,Home Appliances,Air Conditioner,Zenith,2890.13,3680.37
P00146,Air Conditioner 002,Home Appliances,Air Conditioner,Viva,2150.56,2861.47
P00147,Air Conditioner 003,Home Appliances,Air Conditioner,Prime,2844.82,3846.46
P00148,Air Conditioner 004,Home Appliances,Air Conditioner,Apex,3058.42,3617.77
P00149,Air Conditioner 005,Home Appliances,Air Conditioner,Elite,2060.71,3013.2
P00150,Air Conditioner 006,Home Appliances,Air Conditioner,Nova,2264.38,3091.44
P00151,Air Conditioner 007,Home Appliances,Air Conditioner,Vertex,2240.42,3481.8
P00152,Air Conditioner 008,Home Appliances,Air Conditioner,Orion,3588.42,5317.33
P00153,Mixer Grinder 001,Home Appliances,Mixer Grinder,Core,2998.98,4390.12
P00154,Mixer Grinder 002,Home Appliances,Mixer Grinder,Urban,2249.9,3382.1
P00155,Mixer Grinder 003,Home Appliances,Mixer Grinder,Zenith,2331.22,3868.92
P00156,Mixer Grinder 004,Home Appliances,Mixer Grinder,Viva,2463.03,4164.37
P00157,Mixer Grinder 005,Home Appliances,Mixer Grinder,Prime,2560.88,3446.03
P00158,Mixer Grinder 006,Home Appliances,Mixer Grinder,Apex,2563.08,3690.52
P00159,Mixer Grinder 007,Home Appliances,Mixer Grinder,Elite,2919.52,3876.76
P00160,Mixer Grinder 008,Home Appliances,Mixer Grinder,Nova,3278.95,4145.47
P00161,Office Chair 001,Furniture,Office Chair,Vertex,1655.65,2707.27
P00162,Office Chair 002,Furniture,Office Chair,Orion,1637.94,1846.28
P00163,Office Chair 003,Furniture,Office Chair,Core,2402.15,2735.14
P00164,Office Chair 004,Furniture,Office Chair,Urban,1830.84,2662.67
P00165,Office Chair 005,Furniture,Office Chair,Zenith,2236.57,3018.09
P00166,Office Chair 006,Furniture,Office Chair,Viva,2204.4,3238.21
P00167,Office Chair 007,Furniture,Office Chair,Prime,2620.31,4211.92
P00168,Office Chair 008,Furniture,Office Chair,Apex,2103.01,3034.16
P00169,Study Table 001,Furniture,Study Table,Elite,1680.28,1923.44
P00170,Study Table 002,Furniture,Study Table,Nova,2612.58,2951.48
P00171,Study Table 003,Furniture,Study Table,Vertex,1863.17,3124.84
P00172,Study Table 004,Furniture,Study Table,Orion,1449.08,2035.37
P00173,Study Table 005,Furniture,Study Table,Core,2274.17,3478.07
P00174,Study Table 006,Furniture,Study Table,Urban,1409.36,1664.2
P00175,Study Table 007,Furniture,Study Table,Zenith,2156.46,2504.75
P00176,Study Table 008,Furniture,Study Table,Viva,2245.48,2698.27
P00177,Sofa 001,Furniture,Sofa,Prime,1597.4,2193.7
P00178,Sofa 002,Furniture,Sofa,Apex,1655.8,1884.35
P00179,Sofa 003,Furniture,Sofa,Elite,2401.15,2959.72
P00180,Sofa 004,Furniture,Sofa,Nova,2420.88,3762.73
P00181,Sofa 005,Furniture,Sofa,Vertex,2196.41,3719.73
P00182,Sofa 006,Furniture,Sofa,Orion,1628.03,2339.16
P00183,Sofa 007,Furniture,Sofa,Core,1464.94,1661.98
P00184,Sofa 008,Furniture,Sofa,Urban,2489.62,3890.99
P00185,Bookshelf 001,Furniture,Bookshelf,Zenith,2240.26,2953.73
P00186,Bookshelf 002,Furniture,Bookshelf,Viva,1792.28,2967.49
P00187,Bookshelf 003,Furniture,Bookshelf,Prime,1596.54,2034.09
P00188,Bookshelf 004,Furniture,Bookshelf,Apex,1443.76,1622.59
P00189,Bookshelf 005,Furniture,Bookshelf,Elite,2363.77,3757.72
P00190,Bookshelf 006,Furniture,Bookshelf,Nova,1419.17,1885.08
P00191,Bookshelf 007,Furniture,Bookshelf,Vertex,1559.3,1979.31
P00192,Bookshelf 008,Furniture,Bookshelf,Orion,1532.69,2482.44
P00193,Bed 001,Furniture,Bed,Core,1408.4,1890.18
P00194,Bed 002,Furniture,Bed,Urban,1633.1,2211.45
P00195,Bed 003,Furniture,Bed,Zenith,2194.0,2861.49
P00196,Bed 004,Furniture,Bed,Viva,2305.09,3433.11
P00197,Bed 005,Furniture,Bed,Prime,2097.32,3361.81
P00198,Bed 006,Furniture,Bed,Apex,1775.04,2080.67
P00199,Bed 007,Furniture,Bed,Elite,2013.86,2347.96
P00200,Bed 008,Furniture,Bed,Nova,1658.41,2193.64
P00201,T-Shirt 001,Clothing,T-Shirt,Vertex,447.33,545.88
P00202,T-Shirt 002,Clothing,T-Shirt,Orion,290.26,411.43
P00203,T-Shirt 003,Clothing,T-Shirt,Core,501.1,747.48
P00204,T-Shirt 004,Clothing,T-Shirt,Urban,296.8,411.48
P00205,T-Shirt 005,Clothing,T-Shirt,Zenith,294.9,347.51
P00206,T-Shirt 006,Clothing,T-Shirt,Viva,366.65,534.71
P00207,T-Shirt 007,Clothing,T-Shirt,Prime,492.27,830.65
P00208,T-Shirt 008,Clothing,T-Shirt,Apex,416.65,650.07
P00209,Jeans 001,Clothing,Jeans,Elite,379.08,525.64
P00210,Jeans 002,Clothing,Jeans,Nova,493.15,731.58
P00211,Jeans 003,Clothing,Jeans,Vertex,516.99,727.97
P00212,Jeans 004,Clothing,Jeans,Orion,367.42,448.25
P00213,Jeans 005,Clothing,Jeans,Core,283.89,353.79
P00214,Jeans 006,Clothing,Jeans,Urban,302.02,353.28
P00215,Jeans 007,Clothing,Jeans,Zenith,362.97,569.72
P00216,Jeans 008,Clothing,Jeans,Viva,390.83,518.72
P00217,Shirt 001,Clothing,Shirt,Prime,308.3,426.09
P00218,Shirt 002,Clothing,Shirt,Apex,428.05,488.16
P00219,Shirt 003,Clothing,Shirt,Elite,391.14,582.1
P00220,Shirt 004,Clothing,Shirt,Nova,439.31,743.09
P00221,Shirt 005,Clothing,Shirt,Vertex,323.68,441.03
P00222,Shirt 006,Clothing,Shirt,Orion,307.71,347.85
P00223,Shirt 007,Clothing,Shirt,Core,378.56,553.49
P00224,Shirt 008,Clothing,Shirt,Urban,320.31,456.32
P00225,Jacket 001,Clothing,Jacket,Zenith,376.61,558.89
P00226,Jacket 002,Clothing,Jacket,Viva,518.83,808.98
P00227,Jacket 003,Clothing,Jacket,Prime,328.81,394.3
P00228,Jacket 004,Clothing,Jacket,Apex,295.5,469.19
P00229,Jacket 005,Clothing,Jacket,Elite,486.47,596.01
P00230,Jacket 006,Clothing,Jacket,Nova,419.94,512.27
P00231,Jacket 007,Clothing,Jacket,Vertex,487.39,672.71
P00232,Jacket 008,Clothing,Jacket,Orion,473.3,795.19
P00233,Kurta 001,Clothing,Kurta,Core,360.5,524.86
P00234,Kurta 002,Clothing,Kurta,Urban,512.66,838.97
P00235,Kurta 003,Clothing,Kurta,Zenith,520.14,744.5
P00236,Kurta 004,Clothing,Kurta,Viva,414.93,546.54
P00237,Kurta 005,Clothing,Kurta,Prime,320.02,395.42
P00238,Kurta 006,Clothing,Kurta,Apex,524.42,712.69
P00239,Kurta 007,Clothing,Kurta,Elite,487.54,735.72
P00240,Kurta 008,Clothing,Kurta,Nova,398.32,603.0
P00241,Running Shoes 001,Shoes,Running Shoes,Vertex,512.31,715.96
P00242,Running Shoes 002,Shoes,Running Shoes,Orion,639.29,799.57
P00243,Running Shoes 003,Shoes,Running Shoes,Core,487.47,709.09
P00244,Running Shoes 004,Shoes,Running Shoes,Urban,572.62,966.52
P00245,Running Shoes 005,Shoes,Running Shoes,Zenith,524.1,596.85
P00246,Running Shoes 006,Shoes,Running Shoes,Viva,591.47,967.79
P00247,Running Shoes 007,Shoes,Running Shoes,Prime,537.96,709.83
P00248,Running Shoes 008,Shoes,Running Shoes,Apex,530.38,711.18
P00249,Casual Shoes 001,Shoes,Casual Shoes,Elite,479.11,807.89
P00250,Casual Shoes 002,Shoes,Casual Shoes,Nova,568.88,779.74
P00251,Casual Shoes 003,Shoes,Casual Shoes,Vertex,678.46,977.56
P00252,Casual Shoes 004,Shoes,Casual Shoes,Orion,447.41,568.21
P00253,Casual Shoes 005,Shoes,Casual Shoes,Core,510.57,716.54
P00254,Casual Shoes 006,Shoes,Casual Shoes,Urban,556.17,893.36
P00255,Casual Shoes 007,Shoes,Casual Shoes,Zenith,722.27,1120.91
P00256,Casual Shoes 008,Shoes,Casual Shoes,Viva,665.95,963.54
P00257,Formal Shoes 001,Shoes,Formal Shoes,Prime,460.84,728.99
P00258,Formal Shoes 002,Shoes,Formal Shoes,Apex,665.52,982.35
P00259,Formal Shoes 003,Shoes,Formal Shoes,Elite,454.56,734.81
P00260,Formal Shoes 004,Shoes,Formal Shoes,Nova,402.81,584.49
P00261,Formal Shoes 005,Shoes,Formal Shoes,Vertex,468.91,590.86
P00262,Formal Shoes 006,Shoes,Formal Shoes,Orion,671.71,778.35
P00263,Formal Shoes 007,Shoes,Formal Shoes,Core,675.52,903.07
P00264,Formal Shoes 008,Shoes,Formal Shoes,Urban,448.12,587.57
P00265,Sandals 001,Shoes,Sandals,Zenith,515.06,709.03
P00266,Sandals 002,Shoes,Sandals,Viva,711.39,863.69
P00267,Sandals 003,Shoes,Sandals,Prime,560.0,845.28
P00268,Sandals 004,Shoes,Sandals,Apex,551.8,821.53
P00269,Sandals 005,Shoes,Sandals,Elite,531.4,656.46
P00270,Sandals 006,Shoes,Sandals,Nova,708.09,1153.18
P00271,Sandals 007,Shoes,Sandals,Vertex,648.63,994.45
P00272,Sandals 008,Shoes,Sandals,Orion,440.87,734.83
P00273,Sports Shoes 001,Shoes,Sports Shoes,Core,691.95,778.12
P00274,Sports Shoes 002,Shoes,Sports Shoes,Urban,639.74,991.26
P00275,Sports Shoes 003,Shoes,Sports Shoes,Zenith,505.32,708.25
P00276,Sports Shoes 004,Shoes,Sports Shoes,Viva,486.63,639.88
P00277,Sports Shoes 005,Shoes,Sports Shoes,Prime,634.69,961.04
P00278,Sports Shoes 006,Shoes,Sports Shoes,Apex,464.84,743.17
P00279,Sports Shoes 007,Shoes,Sports Shoes,Elite,476.29,758.55
P00280,Sports Shoes 008,Shoes,Sports Shoes,Nova,483.88,554.54
P00281,Face Wash 001,Beauty & Personal Care,Face Wash,Vertex,263.83,317.75
P00282,Face Wash 002,Beauty & Personal Care,Face Wash,Orion,270.1,317.83
P00283,Face Wash 003,Beauty & Personal Care,Face Wash,Core,312.38,422.78
P00284,Face Wash 004,Beauty & Personal Care,Face Wash,Urban,188.85,261.05
P00285,Face Wash 005,Beauty & Personal Care,Face Wash,Zenith,298.78,461.58
P00286,Face Wash 006,Beauty & Personal Care,Face Wash,Viva,213.27,326.55
P00287,Face Wash 007,Beauty & Personal Care,Face Wash,Prime,314.97,361.97
P00288,Face Wash 008,Beauty & Personal Care,Face Wash,Apex,222.86,288.49
P00289,Shampoo 001,Beauty & Personal Care,Shampoo,Elite,184.06,230.13
P00290,Shampoo 002,Beauty & Personal Care,Shampoo,Nova,187.12,246.15
P00291,Shampoo 003,Beauty & Personal Care,Shampoo,Vertex,262.2,377.79
P00292,Shampoo 004,Beauty & Personal Care,Shampoo,Orion,196.82,301.78
P00293,Shampoo 005,Beauty & Personal Care,Shampoo,Core,166.94,219.87
P00294,Shampoo 006,Beauty & Personal Care,Shampoo,Urban,289.96,403.48
P00295,Shampoo 007,Beauty & Personal Care,Shampoo,Zenith,215.62,359.66
P00296,Shampoo 008,Beauty & Personal Care,Shampoo,Viva,242.45,365.5
P00297,Perfume 001,Beauty & Personal Care,Perfume,Prime,288.46,358.79
P00298,Perfume 002,Beauty & Personal Care,Perfume,Apex,303.27,434.4
P00299,Perfume 003,Beauty & Personal Care,Perfume,Elite,240.52,296.94
P00300,Perfume 004,Beauty & Personal Care,Perfume,Nova,198.46,303.15
P00301,Perfume 005,Beauty & Personal Care,Perfume,Vertex,307.7,432.88
P00302,Perfume 006,Beauty & Personal Care,Perfume,Orion,216.95,323.58
P00303,Perfume 007,Beauty & Personal Care,Perfume,Core,291.33,398.75
P00304,Perfume 008,Beauty & Personal Care,Perfume,Urban,190.54,292.84
P00305,Skin Cream 001,Beauty & Personal Care,Skin Cream,Zenith,294.05,404.07
P00306,Skin Cream 002,Beauty & Personal Care,Skin Cream,Viva,196.05,306.38
P00307,Skin Cream 003,Beauty & Personal Care,Skin Cream,Prime,287.97,475.09
P00308,Skin Cream 004,Beauty & Personal Care,Skin Cream,Apex,213.81,361.08
P00309,Skin Cream 005,Beauty & Personal Care,Skin Cream,Elite,291.04,466.24
P00310,Skin Cream 006,Beauty & Personal Care,Skin Cream,Nova,218.95,366.17
P00311,Skin Cream 007,Beauty & Personal Care,Skin Cream,Vertex,256.06,288.28
P00312,Skin Cream 008,Beauty & Personal Care,Skin Cream,Orion,278.35,381.62
P00313,Hair Dryer 001,Beauty & Personal Care,Hair Dryer,Core,209.07,343.81
P00314,Hair Dryer 002,Beauty & Personal Care,Hair Dryer,Urban,227.9,377.06
P00315,Hair Dryer 003,Beauty & Personal Care,Hair Dryer,Zenith,285.0,373.05
P00316,Hair Dryer 004,Beauty & Personal Care,Hair Dryer,Viva,295.17,365.25
P00317,Hair Dryer 005,Beauty & Personal Care,Hair Dryer,Prime,283.62,422.36
P00318,Hair Dryer 006,Beauty & Personal Care,Hair Dryer,Apex,219.16,358.8
P00319,Hair Dryer 007,Beauty & Personal Care,Hair Dryer,Elite,222.04,259.54
P00320,Hair Dryer 008,Beauty & Personal Care,Hair Dryer,Nova,171.22,198.87
P00321,Rice 001,Grocery,Rice,Vertex,132.75,168.75
P00322,Rice 002,Grocery,Rice,Orion,146.41,164.39
P00323,Rice 003,Grocery,Rice,Core,117.6,138.38
P00324,Rice 004,Grocery,Rice,Urban,123.39,193.44
P00325,Rice 005,Grocery,Rice,Zenith,88.39,149.58
P00326,Rice 006,Grocery,Rice,Viva,122.62,207.53
P00327,Rice 007,Grocery,Rice,Prime,141.02,196.22
P00328,Rice 008,Grocery,Rice,Apex,98.73,127.57
P00329,Cooking Oil 001,Grocery,Cooking Oil,Elite,90.82,147.56
P00330,Cooking Oil 002,Grocery,Cooking Oil,Nova,90.76,132.84
P00331,Cooking Oil 003,Grocery,Cooking Oil,Vertex,125.14,146.6
P00332,Cooking Oil 004,Grocery,Cooking Oil,Orion,89.91,146.62
P00333,Cooking Oil 005,Grocery,Cooking Oil,Core,92.47,125.42
P00334,Cooking Oil 006,Grocery,Cooking Oil,Urban,111.24,169.02
P00335,Cooking Oil 007,Grocery,Cooking Oil,Zenith,152.53,183.76
P00336,Cooking Oil 008,Grocery,Cooking Oil,Viva,133.48,182.04
P00337,Tea 001,Grocery,Tea,Prime,155.6,224.93
P00338,Tea 002,Grocery,Tea,Apex,89.37,119.2
P00339,Tea 003,Grocery,Tea,Elite,104.54,121.8
P00340,Tea 004,Grocery,Tea,Nova,90.71,151.6
P00341,Tea 005,Grocery,Tea,Vertex,136.51,196.49
P00342,Tea 006,Grocery,Tea,Orion,88.9,145.31
P00343,Tea 007,Grocery,Tea,Core,84.97,142.82
P00344,Tea 008,Grocery,Tea,Urban,127.71,160.16
P00345,Coffee 001,Grocery,Coffee,Zenith,96.72,136.1
P00346,Coffee 002,Grocery,Coffee,Viva,101.6,129.15
P00347,Coffee 003,Grocery,Coffee,Prime,83.76,104.28
P00348,Coffee 004,Grocery,Coffee,Apex,92.34,118.38
P00349,Coffee 005,Grocery,Coffee,Elite,108.29,124.65
P00350,Coffee 006,Grocery,Coffee,Nova,104.48,147.17
P00351,Coffee 007,Grocery,Coffee,Vertex,157.31,232.96
P00352,Coffee 008,Grocery,Coffee,Orion,137.5,197.18
P00353,Packaged Snacks 001,Grocery,Packaged Snacks,Core,114.11,155.7
P00354,Packaged Snacks 002,Grocery,Packaged Snacks,Urban,84.31,104.86
P00355,Packaged Snacks 003,Grocery,Packaged Snacks,Zenith,153.14,185.77
P00356,Packaged Snacks 004,Grocery,Packaged Snacks,Viva,84.43,100.42
P00357,Packaged Snacks 005,Grocery,Packaged Snacks,Prime,90.59,151.13
P00358,Packaged Snacks 006,Grocery,Packaged Snacks,Apex,123.53,154.94
P00359,Packaged Snacks 007,Grocery,Packaged Snacks,Elite,117.54,136.38
P00360,Packaged Snacks 008,Grocery,Packaged Snacks,Nova,90.89,114.17
P00361,Cricket Bat 001,Sports,Cricket Bat,Vertex,518.05,877.95
P00362,Cricket Bat 002,Sports,Cricket Bat,Orion,340.44,465.82
P00363,Cricket Bat 003,Sports,Cricket Bat,Core,482.33,621.77
P00364,Cricket Bat 004,Sports,Cricket Bat,Urban,384.15,631.89
P00365,Cricket Bat 005,Sports,Cricket Bat,Zenith,575.36,921.67
P00366,Cricket Bat 006,Sports,Cricket Bat,Viva,435.69,541.85
P00367,Cricket Bat 007,Sports,Cricket Bat,Prime,415.41,656.2
P00368,Cricket Bat 008,Sports,Cricket Bat,Apex,616.87,763.05
P00369,Football 001,Sports,Football,Elite,453.28,689.75
P00370,Football 002,Sports,Football,Nova,425.67,605.25
P00371,Football 003,Sports,Football,Vertex,390.91,621.02
P00372,Football 004,Sports,Football,Orion,368.26,554.97
P00373,Football 005,Sports,Football,Core,419.97,550.02
P00374,Football 006,Sports,Football,Urban,620.09,776.11
P00375,Football 007,Sports,Football,Zenith,532.95,610.65
P00376,Football 008,Sports,Football,Viva,616.38,995.04
P00377,Yoga Mat 001,Sports,Yoga Mat,Prime,388.7,555.43
P00378,Yoga Mat 002,Sports,Yoga Mat,Apex,335.23,442.83
P00379,Yoga Mat 003,Sports,Yoga Mat,Elite,555.34,770.02
P00380,Yoga Mat 004,Sports,Yoga Mat,Nova,421.63,480.42
P00381,Yoga Mat 005,Sports,Yoga Mat,Vertex,441.94,714.8
P00382,Yoga Mat 006,Sports,Yoga Mat,Orion,413.43,536.23
P00383,Yoga Mat 007,Sports,Yoga Mat,Core,374.35,440.3
P00384,Yoga Mat 008,Sports,Yoga Mat,Urban,367.51,429.22
P00385,Badminton Racket 001,Sports,Badminton Racket,Zenith,472.12,783.56
P00386,Badminton Racket 002,Sports,Badminton Racket,Viva,596.89,712.94
P00387,Badminton Racket 003,Sports,Badminton Racket,Prime,577.77,743.61
P00388,Badminton Racket 004,Sports,Badminton Racket,Apex,376.29,545.19
P00389,Badminton Racket 005,Sports,Badminton Racket,Elite,585.03,956.35
P00390,Badminton Racket 006,Sports,Badminton Racket,Nova,527.23,830.07
P00391,Badminton Racket 007,Sports,Badminton Racket,Vertex,497.74,737.05
P00392,Badminton Racket 008,Sports,Badminton Racket,Orion,524.97,642.99
P00393,Dumbbells 001,Sports,Dumbbells,Core,590.25,902.64
P00394,Dumbbells 002,Sports,Dumbbells,Urban,545.17,745.37
P00395,Dumbbells 003,Sports,Dumbbells,Zenith,374.52,450.67
P00396,Dumbbells 004,Sports,Dumbbells,Viva,483.75,758.76
P00397,Dumbbells 005,Sports,Dumbbells,Prime,570.44,914.53
P00398,Dumbbells 006,Sports,Dumbbells,Apex,517.37,625.09
P00399,Dumbbells 007,Sports,Dumbbells,Elite,436.39,646.94
P00400,Dumbbells 008,Sports,Dumbbells,Nova,414.45,477.71
P00401,Business Book 001,Books,Business Book,Vertex,229.72,346.72
P00402,Business Book 002,Books,Business Book,Orion,249.31,376.03
P00403,Business Book 003,Books,Business Book,Core,154.99,216.26
P00404,Business Book 004,Books,Business Book,Urban,140.4,224.53
P00405,Business Book 005,Books,Business Book,Zenith,187.49,304.24
P00406,Business Book 006,Books,Business Book,Viva,161.6,185.58
P00407,Business Book 007,Books,Business Book,Prime,210.03,268.89
P00408,Business Book 008,Books,Business Book,Apex,148.19,231.61
P00409,Technology Book 001,Books,Technology Book,Elite,233.96,303.0
P00410,Technology Book 002,Books,Technology Book,Nova,261.79,433.76
P00411,Technology Book 003,Books,Technology Book,Vertex,147.49,178.67
P00412,Technology Book 004,Books,Technology Book,Orion,257.54,346.83
P00413,Technology Book 005,Books,Technology Book,Core,184.33,245.41
P00414,Technology Book 006,Books,Technology Book,Urban,228.19,282.86
P00415,Technology Book 007,Books,Technology Book,Zenith,166.68,209.04
P00416,Technology Book 008,Books,Technology Book,Viva,242.29,407.66
P00417,Fiction Book 001,Books,Fiction Book,Prime,236.57,360.52
P00418,Fiction Book 002,Books,Fiction Book,Apex,204.4,286.82
P00419,Fiction Book 003,Books,Fiction Book,Elite,231.03,365.64
P00420,Fiction Book 004,Books,Fiction Book,Nova,204.17,292.36
P00421,Fiction Book 005,Books,Fiction Book,Vertex,196.29,295.38
P00422,Fiction Book 006,Books,Fiction Book,Orion,238.63,316.99
P00423,Fiction Book 007,Books,Fiction Book,Core,236.38,276.93
P00424,Fiction Book 008,Books,Fiction Book,Urban,214.47,306.33
P00425,Exam Preparation Book 001,Books,Exam Preparation Book,Zenith,213.39,258.57
P00426,Exam Preparation Book 002,Books,Exam Preparation Book,Viva,260.03,291.98
P00427,Exam Preparation Book 003,Books,Exam Preparation Book,Prime,245.04,297.25
P00428,Exam Preparation Book 004,Books,Exam Preparation Book,Apex,143.32,191.21
P00429,Exam Preparation Book 005,Books,Exam Preparation Book,Elite,169.14,192.1
P00430,Exam Preparation Book 006,Books,Exam Preparation Book,Nova,163.93,189.11
P00431,Exam Preparation Book 007,Books,Exam Preparation Book,Vertex,177.05,288.47
P00432,Exam Preparation Book 008,Books,Exam Preparation Book,Orion,152.33,195.51
P00433,Self Help Book 001,Books,Self Help Book,Core,155.9,221.68
P00434,Self Help Book 002,Books,Self Help Book,Urban,251.7,407.76
P00435,Self Help Book 003,Books,Self Help Book,Zenith,218.0,269.14
P00436,Self Help Book 004,Books,Self Help Book,Viva,255.85,430.97
P00437,Self Help Book 005,Books,Self Help Book,Prime,190.81,286.77
P00438,Self Help Book 006,Books,Self Help Book,Apex,230.23,320.33
P00439,Self Help Book 007,Books,Self Help Book,Elite,246.06,397.42
P00440,Self Help Book 008,Books,Self Help Book,Nova,250.59,416.43
P00441,Board Game 001,Toys,Board Game,Vertex,269.84,375.3
P00442,Board Game 002,Toys,Board Game,Orion,231.62,362.04
P00443,Board Game 003,Toys,Board Game,Core,262.46,341.81
P00444,Board Game 004,Toys,Board Game,Urban,256.67,298.63
P00445,Board Game 005,Toys,Board Game,Zenith,345.84,402.27
P00446,Board Game 006,Toys,Board Game,Viva,360.51,472.02
P00447,Board Game 007,Toys,Board Game,Prime,419.76,578.33
P00448,Board Game 008,Toys,Board Game,Apex,246.99,362.92
P00449,Remote Car 001,Toys,Remote Car,Elite,411.71,658.6
P00450,Remote Car 002,Toys,Remote Car,Nova,240.29,298.72
P00451,Remote Car 003,Toys,Remote Car,Vertex,396.04,651.49
P00452,Remote Car 004,Toys,Remote Car,Orion,230.14,304.04
P00453,Remote Car 005,Toys,Remote Car,Core,295.04,442.89
P00454,Remote Car 006,Toys,Remote Car,Urban,342.07,535.34
P00455,Remote Car 007,Toys,Remote Car,Zenith,419.86,503.52
P00456,Remote Car 008,Toys,Remote Car,Viva,220.11,292.65
P00457,Puzzle 001,Toys,Puzzle,Prime,362.39,523.65
P00458,Puzzle 002,Toys,Puzzle,Apex,229.25,289.9
P00459,Puzzle 003,Toys,Puzzle,Elite,355.06,597.56
P00460,Puzzle 004,Toys,Puzzle,Nova,308.38,507.65
P00461,Puzzle 005,Toys,Puzzle,Vertex,366.17,528.44
P00462,Puzzle 006,Toys,Puzzle,Orion,343.55,477.93
P00463,Puzzle 007,Toys,Puzzle,Core,407.84,595.88
P00464,Puzzle 008,Toys,Puzzle,Urban,406.66,541.77
P00465,Building Blocks 001,Toys,Building Blocks,Zenith,342.87,471.57
P00466,Building Blocks 002,Toys,Building Blocks,Viva,244.47,326.27
P00467,Building Blocks 003,Toys,Building Blocks,Prime,297.61,334.56
P00468,Building Blocks 004,Toys,Building Blocks,Apex,282.19,320.03
P00469,Building Blocks 005,Toys,Building Blocks,Elite,358.29,539.58
P00470,Building Blocks 006,Toys,Building Blocks,Nova,293.26,444.44
P00471,Building Blocks 007,Toys,Building Blocks,Vertex,323.81,450.69
P00472,Building Blocks 008,Toys,Building Blocks,Orion,305.7,508.84
P00473,Educational Toy 001,Toys,Educational Toy,Core,346.41,587.28
P00474,Educational Toy 002,Toys,Educational Toy,Urban,220.35,264.42
P00475,Educational Toy 003,Toys,Educational Toy,Zenith,395.1,619.51
P00476,Educational Toy 004,Toys,Educational Toy,Viva,399.16,562.01
P00477,Educational Toy 005,Toys,Educational Toy,Prime,339.39,408.9
P00478,Educational Toy 006,Toys,Educational Toy,Apex,269.24,354.16
P00479,Educational Toy 007,Toys,Educational Toy,Elite,382.68,446.31
P00480,Educational Toy 008,Toys,Educational Toy,Nova,224.5,353.76
P00481,LED TV 001,Electronics,LED TV,Vertex,1474.7,1918.42
P00482,LED TV 002,Electronics,LED TV,Orion,871.77,1473.25
P00483,LED TV 003,Electronics,LED TV,Core,838.17,1065.07
P00484,LED TV 004,Electronics,LED TV,Urban,1062.73,1741.52
P00485,LED TV 005,Electronics,LED TV,Zenith,911.35,1109.79
P00486,LED TV 006,Electronics,LED TV,Viva,1243.92,1736.29
P00487,LED TV 007,Electronics,LED TV,Prime,1028.39,1409.35
P00488,LED TV 008,Electronics,LED TV,Apex,1315.26,1474.7
P00489,Bluetooth Speaker 001,Electronics,Bluetooth Speaker,Elite,1360.99,1564.33
P00490,Bluetooth Speaker 002,Electronics,Bluetooth Speaker,Nova,904.62,1103.3
P00491,Bluetooth Speaker 003,Electronics,Bluetooth Speaker,Vertex,893.34,1087.52
P00492,Bluetooth Speaker 004,Electronics,Bluetooth Speaker,Orion,1458.45,1928.32
P00493,Bluetooth Speaker 005,Electronics,Bluetooth Speaker,Core,1256.7,2000.91
P00494,Bluetooth Speaker 006,Electronics,Bluetooth Speaker,Urban,1143.91,1562.24
P00495,Bluetooth Speaker 007,Electronics,Bluetooth Speaker,Zenith,1312.36,2063.34
P00496,Bluetooth Speaker 008,Electronics,Bluetooth Speaker,Viva,1425.66,2344.56
P00497,Wireless Headphones 001,Electronics,Wireless Headphones,Prime,1003.38,1415.26
P00498,Wireless Headphones 002,Electronics,Wireless Headphones,Apex,1319.08,2185.42
P00499,Wireless Headphones 003,Electronics,Wireless Headphones,Elite,867.47,1178.28
P00500,Wireless Headphones 004,Electronics,Wireless Headphones,Nova,833.75,991.47
P00501,Wireless Headphones 005,Electronics,Wireless Headphones,Vertex,1437.35,1929.05
P00502,Wireless Headphones 006,Electronics,Wireless Headphones,Orion,1042.02,1454.37
P00503,Wireless Headphones 007,Electronics,Wireless Headphones,Core,1338.8,1977.44
P00504,Wireless Headphones 008,Electronics,Wireless Headphones,Urban,951.33,1068.7
P00505,Smart Watch 001,Electronics,Smart Watch,Zenith,1329.32,1843.94
P00506,Smart Watch 002,Electronics,Smart Watch,Viva,898.05,1025.94
P00507,Smart Watch 003,Electronics,Smart Watch,Prime,1233.57,1770.3
P00508,Smart Watch 004,Electronics,Smart Watch,Apex,1077.09,1709.24
P00509,Smart Watch 005,Electronics,Smart Watch,Elite,985.53,1115.8
P00510,Smart Watch 006,Electronics,Smart Watch,Nova,906.29,1040.49
P00511,Smart Watch 007,Electronics,Smart Watch,Vertex,941.43,1504.85
P00512,Smart Watch 008,Electronics,Smart Watch,Orion,1095.4,1357.77
P00513,Digital Camera 001,Electronics,Digital Camera,Core,1545.12,2197.53
P00514,Digital Camera 002,Electronics,Digital Camera,Urban,1380.49,1861.22
P00515,Digital Camera 003,Electronics,Digital Camera,Zenith,957.01,1438.26
P00516,Digital Camera 004,Electronics,Digital Camera,Viva,1429.19,1792.38
P00517,Digital Camera 005,Electronics,Digital Camera,Prime,1286.67,1808.39
P00518,Digital Camera 006,Electronics,Digital Camera,Apex,1292.57,1453.41
P00519,Digital Camera 007,Electronics,Digital Camera,Elite,1190.42,1684.78
P00520,Digital Camera 008,Electronics,Digital Camera,Nova,1111.72,1248.95
P00521,Smartphone 001,Mobile & Accessories,Smartphone,Vertex,386.38,465.99
P00522,Smartphone 002,Mobile & Accessories,Smartphone,Orion,432.31,565.66
P00523,Smartphone 003,Mobile & Accessories,Smartphone,Core,355.0,567.16
P00524,Smartphone 004,Mobile & Accessories,Smartphone,Urban,383.65,467.44
P00525,Smartphone 005,Mobile & Accessories,Smartphone,Zenith,307.5,463.99
P00526,Smartphone 006,Mobile & Accessories,Smartphone,Viva,391.75,653.03
P00527,Smartphone 007,Mobile & Accessories,Smartphone,Prime,426.14,643.88
P00528,Smartphone 008,Mobile & Accessories,Smartphone,Apex,460.3,628.05
P00529,Power Bank 001,Mobile & Accessories,Power Bank,Elite,338.6,498.93
P00530,Power Bank 002,Mobile & Accessories,Power Bank,Nova,490.5,822.03
P00531,Power Bank 003,Mobile & Accessories,Power Bank,Vertex,296.13,374.73
P00532,Power Bank 004,Mobile & Accessories,Power Bank,Orion,502.22,793.93
P00533,Power Bank 005,Mobile & Accessories,Power Bank,Core,408.73,580.57
P00534,Power Bank 006,Mobile & Accessories,Power Bank,Urban,432.92,500.09
P00535,Power Bank 007,Mobile & Accessories,Power Bank,Zenith,401.27,577.88
P00536,Power Bank 008,Mobile & Accessories,Power Bank,Viva,365.1,530.16
P00537,Phone Case 001,Mobile & Accessories,Phone Case,Prime,299.02,349.2
P00538,Phone Case 002,Mobile & Accessories,Phone Case,Apex,389.4,608.89
P00539,Phone Case 003,Mobile & Accessories,Phone Case,Elite,381.89,481.21
P00540,Phone Case 004,Mobile & Accessories,Phone Case,Nova,432.19,677.41
P00541,Phone Case 005,Mobile & Accessories,Phone Case,Vertex,375.36,491.34
P00542,Phone Case 006,Mobile & Accessories,Phone Case,Orion,332.32,468.6
P00543,Phone Case 007,Mobile & Accessories,Phone Case,Core,495.04,566.35
P00544,Phone Case 008,Mobile & Accessories,Phone Case,Urban,277.67,315.41
P00545,USB Cable 001,Mobile & Accessories,USB Cable,Zenith,509.42,651.19
P00546,USB Cable 002,Mobile & Accessories,USB Cable,Viva,304.14,391.73
P00547,USB Cable 003,Mobile & Accessories,USB Cable,Prime,275.34,340.43
P00548,USB Cable 004,Mobile & Accessories,USB Cable,Apex,353.17,411.44
P00549,USB Cable 005,Mobile & Accessories,USB Cable,Elite,393.82,458.81
P00550,USB Cable 006,Mobile & Accessories,USB Cable,Nova,429.78,556.67
P00551,USB Cable 007,Mobile & Accessories,USB Cable,Vertex,468.21,527.99
P00552,USB Cable 008,Mobile & Accessories,USB Cable,Orion,344.36,465.25
P00553,Fast Charger 001,Mobile & Accessories,Fast Charger,Core,346.25,475.88
P00554,Fast Charger 002,Mobile & Accessories,Fast Charger,Urban,318.39,382.0
P00555,Fast Charger 003,Mobile & Accessories,Fast Charger,Zenith,511.76,637.87
P00556,Fast Charger 004,Mobile & Accessories,Fast Charger,Viva,477.41,607.58
P00557,Fast Charger 005,Mobile & Accessories,Fast Charger,Prime,305.8,490.32
P00558,Fast Charger 006,Mobile & Accessories,Fast Charger,Apex,430.18,555.09
P00559,Fast Charger 007,Mobile & Accessories,Fast Charger,Elite,334.69,471.54
P00560,Fast Charger 008,Mobile & Accessories,Fast Charger,Nova,407.77,620.5
P00561,Laptop 001,Computers,Laptop,Vertex,2151.37,2665.03
P00562,Laptop 002,Computers,Laptop,Orion,2212.59,3198.64
P00563,Laptop 003,Computers,Laptop,Core,2129.54,2925.19
P00564,Laptop 004,Computers,Laptop,Urban,1792.03,2399.66
P00565,Laptop 005,Computers,Laptop,Zenith,2054.08,3017.22
P00566,Laptop 006,Computers,Laptop,Viva,2520.52,3178.9
P00567,Laptop 007,Computers,Laptop,Prime,2483.42,3028.06
P00568,Laptop 008,Computers,Laptop,Apex,2334.63,3072.44
P00569,Desktop PC 001,Computers,Desktop PC,Elite,2558.54,3018.76
P00570,Desktop PC 002,Computers,Desktop PC,Nova,1937.66,2831.32
P00571,Desktop PC 003,Computers,Desktop PC,Vertex,1965.64,2675.39
P00572,Desktop PC 004,Computers,Desktop PC,Orion,1832.27,3093.2
P00573,Desktop PC 005,Computers,Desktop PC,Core,1546.76,2110.2
P00574,Desktop PC 006,Computers,Desktop PC,Urban,2303.41,3644.51
P00575,Desktop PC 007,Computers,Desktop PC,Zenith,2314.09,3927.9
P00576,Desktop PC 008,Computers,Desktop PC,Viva,2110.53,2927.98
P00577,Monitor 001,Computers,Monitor,Prime,1470.84,1720.44
P00578,Monitor 002,Computers,Monitor,Apex,1496.47,2028.64
P00579,Monitor 003,Computers,Monitor,Elite,2434.03,3638.48
P00580,Monitor 004,Computers,Monitor,Nova,1947.66,2808.25
P00581,Monitor 005,Computers,Monitor,Vertex,1902.36,2857.37
P00582,Monitor 006,Computers,Monitor,Orion,1569.06,2249.15
P00583,Monitor 007,Computers,Monitor,Core,2580.51,2894.58
P00584,Monitor 008,Computers,Monitor,Urban,1550.53,2063.17
P00585,Keyboard 001,Computers,Keyboard,Zenith,1478.08,2195.68
P00586,Keyboard 002,Computers,Keyboard,Viva,2521.19,3020.82
P00587,Keyboard 003,Computers,Keyboard,Prime,1667.48,2809.91
P00588,Keyboard 004,Computers,Keyboard,Apex,1497.65,2174.47
P00589,Keyboard 005,Computers,Keyboard,Elite,2368.1,3887.99
P00590,Keyboard 006,Computers,Keyboard,Nova,2574.61,3500.19
P00591,Keyboard 007,Computers,Keyboard,Vertex,2344.57,3357.09
P00592,Keyboard 008,Computers,Keyboard,Orion,2053.14,3433.5
P00593,Mouse 001,Computers,Mouse,Core,2338.83,2656.02
P00594,Mouse 002,Computers,Mouse,Urban,1914.28,2974.11
P00595,Mouse 003,Computers,Mouse,Zenith,1714.03,2646.83
P00596,Mouse 004,Computers,Mouse,Viva,1885.35,2692.64
P00597,Mouse 005,Computers,Mouse,Prime,2509.57,4053.15
P00598,Mouse 006,Computers,Mouse,Apex,2186.49,3167.66
P00599,Mouse 007,Computers,Mouse,Elite,2335.95,3503.67
P00600,Mouse 008,Computers,Mouse,Nova,2307.74,3765.46
P00601,Refrigerator 001,Home Appliances,Refrigerator,Vertex,2133.58,3050.85
P00602,Refrigerator 002,Home Appliances,Refrigerator,Orion,2414.96,3263.33
P00603,Refrigerator 003,Home Appliances,Refrigerator,Core,3352.0,4584.3
P00604,Refrigerator 004,Home Appliances,Refrigerator,Urban,3208.27,5443.11
P00605,Refrigerator 005,Home Appliances,Refrigerator,Zenith,2657.54,4378.22
P00606,Refrigerator 006,Home Appliances,Refrigerator,Viva,3358.22,5695.69
P00607,Refrigerator 007,Home Appliances,Refrigerator,Prime,3641.85,4663.24
P00608,Refrigerator 008,Home Appliances,Refrigerator,Apex,1952.03,2702.28
P00609,Washing Machine 001,Home Appliances,Washing Machine,Elite,2177.13,3236.17
P00610,Washing Machine 002,Home Appliances,Washing Machine,Nova,2819.52,3591.87
P00611,Washing Machine 003,Home Appliances,Washing Machine,Vertex,3576.74,4585.94
P00612,Washing Machine 004,Home Appliances,Washing Machine,Orion,2603.76,3470.4
P00613,Washing Machine 005,Home Appliances,Washing Machine,Core,2546.5,2910.95
P00614,Washing Machine 006,Home Appliances,Washing Machine,Urban,2725.43,4370.22
P00615,Washing Machine 007,Home Appliances,Washing Machine,Zenith,2695.83,4373.62
P00616,Washing Machine 008,Home Appliances,Washing Machine,Viva,3487.22,5167.93
P00617,Microwave Oven 001,Home Appliances,Microwave Oven,Prime,2692.0,3941.42
P00618,Microwave Oven 002,Home Appliances,Microwave Oven,Apex,2739.7,3909.98
P00619,Microwave Oven 003,Home Appliances,Microwave Oven,Elite,3137.07,4382.77
P00620,Microwave Oven 004,Home Appliances,Microwave Oven,Nova,3414.1,5755.32
P00621,Microwave Oven 005,Home Appliances,Microwave Oven,Vertex,3096.54,5041.24
P00622,Microwave Oven 006,Home Appliances,Microwave Oven,Orion,2237.09,2972.45
P00623,Microwave Oven 007,Home Appliances,Microwave Oven,Core,3154.04,4086.15
P00624,Microwave Oven 008,Home Appliances,Microwave Oven,Urban,2847.92,4738.97
P00625,Air Conditioner 001,Home Appliances,Air Conditioner,Zenith,1927.03,3156.83
P00626,Air Conditioner 002,Home Appliances,Air Conditioner,Viva,2276.93,3792.52
P00627,Air Conditioner 003,Home Appliances,Air Conditioner,Prime,2548.94,4301.35
P00628,Air Conditioner 004,Home Appliances,Air Conditioner,Apex,3034.13,4606.16
P00629,Air Conditioner 005,Home Appliances,Air Conditioner,Elite,3616.57,5383.73
P00630,Air Conditioner 006,Home Appliances,Air Conditioner,Nova,2157.69,2708.29
P00631,Air Conditioner 007,Home Appliances,Air Conditioner,Vertex,2278.87,3355.28
P00632,Air Conditioner 008,Home Appliances,Air Conditioner,Orion,2174.78,2903.91
P00633,Mixer Grinder 001,Home Appliances,Mixer Grinder,Core,2320.88,2626.53
P00634,Mixer Grinder 002,Home Appliances,Mixer Grinder,Urban,2613.58,3853.11
P00635,Mixer Grinder 003,Home Appliances,Mixer Grinder,Zenith,2703.68,4284.0
P00636,Mixer Grinder 004,Home Appliances,Mixer Grinder,Viva,3366.15,4030.05
P00637,Mixer Grinder 005,Home Appliances,Mixer Grinder,Prime,3224.1,5126.8
P00638,Mixer Grinder 006,Home Appliances,Mixer Grinder,Apex,2739.93,3474.8
P00639,Mixer Grinder 007,Home Appliances,Mixer Grinder,Elite,3451.09,4661.18
P00640,Mixer Grinder 008,Home Appliances,Mixer Grinder,Nova,2297.74,3442.4
P00641,Office Chair 001,Furniture,Office Chair,Vertex,1530.77,2283.57
P00642,Office Chair 002,Furniture,Office Chair,Orion,1693.16,2010.28
P00643,Office Chair 003,Furniture,Office Chair,Core,2010.08,2357.17
P00644,Office Chair 004,Furniture,Office Chair,Urban,1594.89,2604.24
P00645,Office Chair 005,Furniture,Office Chair,Zenith,2436.14,2825.01
P00646,Office Chair 006,Furniture,Office Chair,Viva,2616.63,4265.55
P00647,Office Chair 007,Furniture,Office Chair,Prime,2012.28,2307.96
P00648,Office Chair 008,Furniture,Office Chair,Apex,2059.34,2686.46
P00649,Study Table 001,Furniture,Study Table,Elite,2052.79,3453.08
P00650,Study Table 002,Furniture,Study Table,Nova,2058.9,2649.13
P00651,Study Table 003,Furniture,Study Table,Vertex,2405.89,3390.55
P00652,Study Table 004,Furniture,Study Table,Orion,2441.46,4118.67
P00653,Study Table 005,Furniture,Study Table,Core,2474.07,3105.55
P00654,Study Table 006,Furniture,Study Table,Urban,1602.23,2620.14
P00655,Study Table 007,Furniture,Study Table,Zenith,2344.38,2752.02
P00656,Study Table 008,Furniture,Study Table,Viva,1736.35,2781.85
P00657,Sofa 001,Furniture,Sofa,Prime,2491.39,3953.71
P00658,Sofa 002,Furniture,Sofa,Apex,2289.56,3116.98
P00659,Sofa 003,Furniture,Sofa,Elite,1475.93,1932.67
P00660,Sofa 004,Furniture,Sofa,Nova,1823.32,3023.66
P00661,Sofa 005,Furniture,Sofa,Vertex,2275.96,2925.97
P00662,Sofa 006,Furniture,Sofa,Orion,1913.61,2550.79
P00663,Sofa 007,Furniture,Sofa,Core,1894.43,2538.35
P00664,Sofa 008,Furniture,Sofa,Urban,1714.73,2681.76
P00665,Bookshelf 001,Furniture,Bookshelf,Zenith,1801.04,2390.72
P00666,Bookshelf 002,Furniture,Bookshelf,Viva,1775.49,2656.34
P00667,Bookshelf 003,Furniture,Bookshelf,Prime,2185.27,3352.98
P00668,Bookshelf 004,Furniture,Bookshelf,Apex,1478.84,2290.94
P00669,Bookshelf 005,Furniture,Bookshelf,Elite,1628.09,2225.37
P00670,Bookshelf 006,Furniture,Bookshelf,Nova,1579.07,2170.78
P00671,Bookshelf 007,Furniture,Bookshelf,Vertex,2569.62,2915.19
P00672,Bookshelf 008,Furniture,Bookshelf,Orion,2203.84,2883.01
P00673,Bed 001,Furniture,Bed,Core,2557.52,3062.72
P00674,Bed 002,Furniture,Bed,Urban,2548.15,4089.92
P00675,Bed 003,Furniture,Bed,Zenith,2404.95,3627.34
P00676,Bed 004,Furniture,Bed,Viva,2623.21,3082.7
P00677,Bed 005,Furniture,Bed,Prime,1577.72,2400.61
P00678,Bed 006,Furniture,Bed,Apex,1763.63,2767.66
P00679,Bed 007,Furniture,Bed,Elite,1887.38,3158.43
P00680,Bed 008,Furniture,Bed,Nova,1831.31,3093.34
P00681,T-Shirt 001,Clothing,T-Shirt,Vertex,321.85,369.81
P00682,T-Shirt 002,Clothing,T-Shirt,Orion,436.13,537.71
P00683,T-Shirt 003,Clothing,T-Shirt,Core,277.86,399.95
P00684,T-Shirt 004,Clothing,T-Shirt,Urban,507.79,703.76
P00685,T-Shirt 005,Clothing,T-Shirt,Zenith,418.76,485.54
P00686,T-Shirt 006,Clothing,T-Shirt,Viva,299.68,350.7
P00687,T-Shirt 007,Clothing,T-Shirt,Prime,364.15,512.4
P00688,T-Shirt 008,Clothing,T-Shirt,Apex,309.58,495.27
P00689,Jeans 001,Clothing,Jeans,Elite,513.46,771.4
P00690,Jeans 002,Clothing,Jeans,Nova,365.47,608.81
P00691,Jeans 003,Clothing,Jeans,Vertex,378.33,490.03
P00692,Jeans 004,Clothing,Jeans,Orion,304.92,370.62
P00693,Jeans 005,Clothing,Jeans,Core,420.07,661.88
P00694,Jeans 006,Clothing,Jeans,Urban,500.31,704.6
P00695,Jeans 007,Clothing,Jeans,Zenith,499.84,666.9
P00696,Jeans 008,Clothing,Jeans,Viva,478.96,757.59
P00697,Shirt 001,Clothing,Shirt,Prime,473.19,654.37
P00698,Shirt 002,Clothing,Shirt,Apex,508.01,605.97
P00699,Shirt 003,Clothing,Shirt,Elite,296.87,474.29
P00700,Shirt 004,Clothing,Shirt,Nova,407.9,466.92
P00701,Shirt 005,Clothing,Shirt,Vertex,433.6,597.29
P00702,Shirt 006,Clothing,Shirt,Orion,384.32,480.17
P00703,Shirt 007,Clothing,Shirt,Core,486.86,771.27
P00704,Shirt 008,Clothing,Shirt,Urban,456.83,749.17
P00705,Jacket 001,Clothing,Jacket,Zenith,275.14,320.3
P00706,Jacket 002,Clothing,Jacket,Viva,311.88,488.36
P00707,Jacket 003,Clothing,Jacket,Prime,378.01,466.66
P00708,Jacket 004,Clothing,Jacket,Apex,305.13,477.29
P00709,Jacket 005,Clothing,Jacket,Elite,418.99,699.08
P00710,Jacket 006,Clothing,Jacket,Nova,392.61,497.55
P00711,Jacket 007,Clothing,Jacket,Vertex,403.52,583.11
P00712,Jacket 008,Clothing,Jacket,Orion,445.3,685.06
P00713,Kurta 001,Clothing,Kurta,Core,343.21,517.55
P00714,Kurta 002,Clothing,Kurta,Urban,516.89,771.48
P00715,Kurta 003,Clothing,Kurta,Zenith,328.19,442.52
P00716,Kurta 004,Clothing,Kurta,Viva,358.84,433.95
P00717,Kurta 005,Clothing,Kurta,Prime,495.51,556.34
P00718,Kurta 006,Clothing,Kurta,Apex,418.91,671.59
P00719,Kurta 007,Clothing,Kurta,Elite,381.95,503.65
P00720,Kurta 008,Clothing,Kurta,Nova,363.71,564.45
P00721,Running Shoes 001,Shoes,Running Shoes,Vertex,659.05,1093.84
P00722,Running Shoes 002,Shoes,Running Shoes,Orion,587.2,821.16
P00723,Running Shoes 003,Shoes,Running Shoes,Core,697.89,1104.27
P00724,Running Shoes 004,Shoes,Running Shoes,Urban,613.5,712.87
P00725,Running Shoes 005,Shoes,Running Shoes,Zenith,650.16,809.89
P00726,Running Shoes 006,Shoes,Running Shoes,Viva,637.67,1019.75
P00727,Running Shoes 007,Shoes,Running Shoes,Prime,636.69,1051.22
P00728,Running Shoes 008,Shoes,Running Shoes,Apex,590.01,988.71
P00729,Casual Shoes 001,Shoes,Casual Shoes,Elite,546.1,776.85
P00730,Casual Shoes 002,Shoes,Casual Shoes,Nova,485.0,817.6
P00731,Casual Shoes 003,Shoes,Casual Shoes,Vertex,623.9,706.63
P00732,Casual Shoes 004,Shoes,Casual Shoes,Orion,565.87,812.33
P00733,Casual Shoes 005,Shoes,Casual Shoes,Core,404.46,574.84
P00734,Casual Shoes 006,Shoes,Casual Shoes,Urban,727.15,1124.97
P00735,Casual Shoes 007,Shoes,Casual Shoes,Zenith,457.92,574.88
P00736,Casual Shoes 008,Shoes,Casual Shoes,Viva,663.5,1027.08
P00737,Formal Shoes 001,Shoes,Formal Shoes,Prime,488.57,748.51
P00738,Formal Shoes 002,Shoes,Formal Shoes,Apex,649.82,998.33
P00739,Formal Shoes 003,Shoes,Formal Shoes,Elite,637.44,721.08
P00740,Formal Shoes 004,Shoes,Formal Shoes,Nova,611.81,1036.96
P00741,Formal Shoes 005,Shoes,Formal Shoes,Vertex,614.75,787.14
P00742,Formal Shoes 006,Shoes,Formal Shoes,Orion,677.65,953.48
P00743,Formal Shoes 007,Shoes,Formal Shoes,Core,715.84,1204.67
P00744,Formal Shoes 008,Shoes,Formal Shoes,Urban,518.46,662.03
P00745,Sandals 001,Shoes,Sandals,Zenith,646.21,865.19
P00746,Sandals 002,Shoes,Sandals,Viva,582.16,940.98
P00747,Sandals 003,Shoes,Sandals,Prime,481.9,759.47
P00748,Sandals 004,Shoes,Sandals,Apex,398.52,557.8
P00749,Sandals 005,Shoes,Sandals,Elite,610.87,707.83
P00750,Sandals 006,Shoes,Sandals,Nova,661.48,869.67
P00751,Sandals 007,Shoes,Sandals,Vertex,605.4,693.4
P00752,Sandals 008,Shoes,Sandals,Orion,431.46,575.9
P00753,Sports Shoes 001,Shoes,Sports Shoes,Core,500.61,765.08
P00754,Sports Shoes 002,Shoes,Sports Shoes,Urban,644.63,1017.25
P00755,Sports Shoes 003,Shoes,Sports Shoes,Zenith,418.65,669.16
P00756,Sports Shoes 004,Shoes,Sports Shoes,Viva,716.84,933.09
P00757,Sports Shoes 005,Shoes,Sports Shoes,Prime,518.79,644.0
P00758,Sports Shoes 006,Shoes,Sports Shoes,Apex,586.07,888.75
P00759,Sports Shoes 007,Shoes,Sports Shoes,Elite,483.52,813.82
P00760,Sports Shoes 008,Shoes,Sports Shoes,Nova,534.03,628.25
P00761,Face Wash 001,Beauty & Personal Care,Face Wash,Vertex,280.67,409.11
P00762,Face Wash 002,Beauty & Personal Care,Face Wash,Orion,250.31,318.38
P00763,Face Wash 003,Beauty & Personal Care,Face Wash,Core,168.44,226.43
P00764,Face Wash 004,Beauty & Personal Care,Face Wash,Urban,276.77,437.72
P00765,Face Wash 005,Beauty & Personal Care,Face Wash,Zenith,293.68,330.9
P00766,Face Wash 006,Beauty & Personal Care,Face Wash,Viva,259.88,317.81
P00767,Face Wash 007,Beauty & Personal Care,Face Wash,Prime,261.79,302.09
P00768,Face Wash 008,Beauty & Personal Care,Face Wash,Apex,312.44,371.04
P00769,Shampoo 001,Beauty & Personal Care,Shampoo,Elite,300.2,357.4
P00770,Shampoo 002,Beauty & Personal Care,Shampoo,Nova,295.44,483.46
P00771,Shampoo 003,Beauty & Personal Care,Shampoo,Vertex,261.4,324.57
P00772,Shampoo 004,Beauty & Personal Care,Shampoo,Orion,272.73,414.71
P00773,Shampoo 005,Beauty & Personal Care,Shampoo,Core,176.43,290.84
P00774,Shampoo 006,Beauty & Personal Care,Shampoo,Urban,207.93,334.8
P00775,Shampoo 007,Beauty & Personal Care,Shampoo,Zenith,275.89,359.0
P00776,Shampoo 008,Beauty & Personal Care,Shampoo,Viva,270.97,313.0
P00777,Perfume 001,Beauty & Personal Care,Perfume,Prime,229.47,309.12
P00778,Perfume 002,Beauty & Personal Care,Perfume,Apex,253.01,402.97
P00779,Perfume 003,Beauty & Personal Care,Perfume,Elite,299.82,441.71
P00780,Perfume 004,Beauty & Personal Care,Perfume,Nova,286.0,400.8
P00781,Perfume 005,Beauty & Personal Care,Perfume,Vertex,172.45,242.36
P00782,Perfume 006,Beauty & Personal Care,Perfume,Orion,260.54,418.21
P00783,Perfume 007,Beauty & Personal Care,Perfume,Core,233.42,307.51
P00784,Perfume 008,Beauty & Personal Care,Perfume,Urban,259.29,357.18
P00785,Skin Cream 001,Beauty & Personal Care,Skin Cream,Zenith,247.3,420.07
P00786,Skin Cream 002,Beauty & Personal Care,Skin Cream,Viva,204.77,335.78
P00787,Skin Cream 003,Beauty & Personal Care,Skin Cream,Prime,262.25,343.95
P00788,Skin Cream 004,Beauty & Personal Care,Skin Cream,Apex,221.48,259.44
P00789,Skin Cream 005,Beauty & Personal Care,Skin Cream,Elite,192.43,320.28
P00790,Skin Cream 006,Beauty & Personal Care,Skin Cream,Nova,294.64,492.63
P00791,Skin Cream 007,Beauty & Personal Care,Skin Cream,Vertex,266.06,320.87
P00792,Skin Cream 008,Beauty & Personal Care,Skin Cream,Orion,216.66,325.07
P00793,Hair Dryer 001,Beauty & Personal Care,Hair Dryer,Core,283.45,460.26
P00794,Hair Dryer 002,Beauty & Personal Care,Hair Dryer,Urban,192.21,313.19
P00795,Hair Dryer 003,Beauty & Personal Care,Hair Dryer,Zenith,295.35,470.47
P00796,Hair Dryer 004,Beauty & Personal Care,Hair Dryer,Viva,268.69,412.39
P00797,Hair Dryer 005,Beauty & Personal Care,Hair Dryer,Prime,221.71,373.24
P00798,Hair Dryer 006,Beauty & Personal Care,Hair Dryer,Apex,234.8,373.75
P00799,Hair Dryer 007,Beauty & Personal Care,Hair Dryer,Elite,233.21,389.93
P00800,Hair Dryer 008,Beauty & Personal Care,Hair Dryer,Nova,279.78,414.87
P00801,Rice 001,Grocery,Rice,Vertex,98.32,151.85
P00802,Rice 002,Grocery,Rice,Orion,102.56,147.58
P00803,Rice 003,Grocery,Rice,Core,134.13,225.97
P00804,Rice 004,Grocery,Rice,Urban,93.99,148.91
P00805,Rice 005,Grocery,Rice,Zenith,153.48,219.84
P00806,Rice 006,Grocery,Rice,Viva,139.39,228.04
P00807,Rice 007,Grocery,Rice,Prime,131.14,193.68
P00808,Rice 008,Grocery,Rice,Apex,113.79,172.62
P00809,Cooking Oil 001,Grocery,Cooking Oil,Elite,135.75,212.65
P00810,Cooking Oil 002,Grocery,Cooking Oil,Nova,128.04,208.1
P00811,Cooking Oil 003,Grocery,Cooking Oil,Vertex,91.62,142.13
P00812,Cooking Oil 004,Grocery,Cooking Oil,Orion,104.04,133.98
P00813,Cooking Oil 005,Grocery,Cooking Oil,Core,154.13,216.79
P00814,Cooking Oil 006,Grocery,Cooking Oil,Urban,90.0,152.85
P00815,Cooking Oil 007,Grocery,Cooking Oil,Zenith,98.55,166.12
P00816,Cooking Oil 008,Grocery,Cooking Oil,Viva,137.99,205.71
P00817,Tea 001,Grocery,Tea,Prime,143.7,207.38
P00818,Tea 002,Grocery,Tea,Apex,95.63,151.72
P00819,Tea 003,Grocery,Tea,Elite,114.83,155.04
P00820,Tea 004,Grocery,Tea,Nova,127.68,200.34
P00821,Tea 005,Grocery,Tea,Vertex,88.98,143.7
P00822,Tea 006,Grocery,Tea,Orion,104.67,124.73
P00823,Tea 007,Grocery,Tea,Core,106.65,126.32
P00824,Tea 008,Grocery,Tea,Urban,119.34,144.55
P00825,Coffee 001,Grocery,Coffee,Zenith,152.97,173.17
P00826,Coffee 002,Grocery,Coffee,Viva,100.38,164.96
P00827,Coffee 003,Grocery,Coffee,Prime,121.73,167.31
P00828,Coffee 004,Grocery,Coffee,Apex,146.13,205.82
P00829,Coffee 005,Grocery,Coffee,Elite,142.93,174.99
P00830,Coffee 006,Grocery,Coffee,Nova,143.8,193.12
P00831,Coffee 007,Grocery,Coffee,Vertex,147.42,243.92
P00832,Coffee 008,Grocery,Coffee,Orion,117.3,171.39
P00833,Packaged Snacks 001,Grocery,Packaged Snacks,Core,122.38,182.27
P00834,Packaged Snacks 002,Grocery,Packaged Snacks,Urban,136.22,174.18
P00835,Packaged Snacks 003,Grocery,Packaged Snacks,Zenith,109.32,160.07
P00836,Packaged Snacks 004,Grocery,Packaged Snacks,Viva,108.54,142.32
P00837,Packaged Snacks 005,Grocery,Packaged Snacks,Prime,111.26,127.15
P00838,Packaged Snacks 006,Grocery,Packaged Snacks,Apex,95.44,148.27
P00839,Packaged Snacks 007,Grocery,Packaged Snacks,Elite,83.5,95.77
P00840,Packaged Snacks 008,Grocery,Packaged Snacks,Nova,112.16,184.79
P00841,Cricket Bat 001,Sports,Cricket Bat,Vertex,487.79,603.23
P00842,Cricket Bat 002,Sports,Cricket Bat,Orion,508.18,849.57
P00843,Cricket Bat 003,Sports,Cricket Bat,Core,337.84,431.78
P00844,Cricket Bat 004,Sports,Cricket Bat,Urban,508.65,624.24
P00845,Cricket Bat 005,Sports,Cricket Bat,Zenith,357.31,463.97
P00846,Cricket Bat 006,Sports,Cricket Bat,Viva,370.32,455.12
P00847,Cricket Bat 007,Sports,Cricket Bat,Prime,405.96,488.81
P00848,Cricket Bat 008,Sports,Cricket Bat,Apex,449.98,600.57
P00849,Football 001,Sports,Football,Elite,445.62,637.14
P00850,Football 002,Sports,Football,Nova,494.25,823.1
P00851,Football 003,Sports,Football,Vertex,537.73,674.98
P00852,Football 004,Sports,Football,Orion,397.81,507.66
P00853,Football 005,Sports,Football,Core,367.11,491.3
P00854,Football 006,Sports,Football,Urban,524.14,665.23
P00855,Football 007,Sports,Football,Zenith,542.31,671.13
P00856,Football 008,Sports,Football,Viva,625.46,829.25
P00857,Yoga Mat 001,Sports,Yoga Mat,Prime,333.08,469.3
P00858,Yoga Mat 002,Sports,Yoga Mat,Apex,511.57,759.18
P00859,Yoga Mat 003,Sports,Yoga Mat,Elite,613.03,696.68
P00860,Yoga Mat 004,Sports,Yoga Mat,Nova,443.3,692.76
P00861,Yoga Mat 005,Sports,Yoga Mat,Vertex,501.05,574.77
P00862,Yoga Mat 006,Sports,Yoga Mat,Orion,562.48,716.05
P00863,Yoga Mat 007,Sports,Yoga Mat,Core,504.76,833.42
P00864,Yoga Mat 008,Sports,Yoga Mat,Urban,407.32,603.8
P00865,Badminton Racket 001,Sports,Badminton Racket,Zenith,605.68,949.41
P00866,Badminton Racket 002,Sports,Badminton Racket,Viva,624.0,872.01
P00867,Badminton Racket 003,Sports,Badminton Racket,Prime,540.38,855.42
P00868,Badminton Racket 004,Sports,Badminton Racket,Apex,579.82,756.76
P00869,Badminton Racket 005,Sports,Badminton Racket,Elite,332.34,456.0
P00870,Badminton Racket 006,Sports,Badminton Racket,Nova,358.87,559.67
P00871,Badminton Racket 007,Sports,Badminton Racket,Vertex,549.27,696.68
P00872,Badminton Racket 008,Sports,Badminton Racket,Orion,355.56,461.18
P00873,Dumbbells 001,Sports,Dumbbells,Core,497.59,617.84
P00874,Dumbbells 002,Sports,Dumbbells,Urban,403.99,552.8
P00875,Dumbbells 003,Sports,Dumbbells,Zenith,424.86,534.95
P00876,Dumbbells 004,Sports,Dumbbells,Viva,393.67,486.37
P00877,Dumbbells 005,Sports,Dumbbells,Prime,528.83,761.73
P00878,Dumbbells 006,Sports,Dumbbells,Apex,543.49,870.52
P00879,Dumbbells 007,Sports,Dumbbells,Elite,351.44,509.51
P00880,Dumbbells 008,Sports,Dumbbells,Nova,386.59,621.99
P00881,Business Book 001,Books,Business Book,Vertex,190.35,244.56
P00882,Business Book 002,Books,Business Book,Orion,233.46,381.36
P00883,Business Book 003,Books,Business Book,Core,245.47,414.22
P00884,Business Book 004,Books,Business Book,Urban,227.15,280.23
P00885,Business Book 005,Books,Business Book,Zenith,251.51,316.77
P00886,Business Book 006,Books,Business Book,Viva,179.71,208.72
P00887,Business Book 007,Books,Business Book,Prime,224.05,319.06
P00888,Business Book 008,Books,Business Book,Apex,260.17,292.1
P00889,Technology Book 001,Books,Technology Book,Elite,248.11,337.84
P00890,Technology Book 002,Books,Technology Book,Nova,220.26,321.83
P00891,Technology Book 003,Books,Technology Book,Vertex,141.66,181.16
P00892,Technology Book 004,Books,Technology Book,Orion,191.47,249.84
P00893,Technology Book 005,Books,Technology Book,Core,141.47,199.65
P00894,Technology Book 006,Books,Technology Book,Urban,173.65,278.88
P00895,Technology Book 007,Books,Technology Book,Zenith,146.05,233.53
P00896,Technology Book 008,Books,Technology Book,Viva,238.31,298.92
P00897,Fiction Book 001,Books,Fiction Book,Prime,202.56,264.33
P00898,Fiction Book 002,Books,Fiction Book,Apex,151.12,199.99
P00899,Fiction Book 003,Books,Fiction Book,Elite,237.1,275.43
P00900,Fiction Book 004,Books,Fiction Book,Nova,200.7,229.03
P00901,Fiction Book 005,Books,Fiction Book,Vertex,162.58,204.7
P00902,Fiction Book 006,Books,Fiction Book,Orion,154.71,204.39
P00903,Fiction Book 007,Books,Fiction Book,Core,238.89,402.1
P00904,Fiction Book 008,Books,Fiction Book,Urban,143.48,200.26
P00905,Exam Preparation Book 001,Books,Exam Preparation Book,Zenith,239.09,305.59
P00906,Exam Preparation Book 002,Books,Exam Preparation Book,Viva,259.26,356.01
P00907,Exam Preparation Book 003,Books,Exam Preparation Book,Prime,217.57,329.87
P00908,Exam Preparation Book 004,Books,Exam Preparation Book,Apex,183.44,223.94
P00909,Exam Preparation Book 005,Books,Exam Preparation Book,Elite,157.04,263.39
P00910,Exam Preparation Book 006,Books,Exam Preparation Book,Nova,209.46,267.23
P00911,Exam Preparation Book 007,Books,Exam Preparation Book,Vertex,144.93,166.29
P00912,Exam Preparation Book 008,Books,Exam Preparation Book,Orion,137.5,171.62
P00913,Self Help Book 001,Books,Self Help Book,Core,141.11,229.35
P00914,Self Help Book 002,Books,Self Help Book,Urban,159.68,207.99
P00915,Self Help Book 003,Books,Self Help Book,Zenith,254.3,343.12
P00916,Self Help Book 004,Books,Self Help Book,Viva,219.37,338.69
P00917,Self Help Book 005,Books,Self Help Book,Prime,255.57,389.01
P00918,Self Help Book 006,Books,Self Help Book,Apex,233.5,329.49
P00919,Self Help Book 007,Books,Self Help Book,Elite,195.86,239.15
P00920,Self Help Book 008,Books,Self Help Book,Nova,138.4,170.5
P00921,Board Game 001,Toys,Board Game,Vertex,371.49,444.11
P00922,Board Game 002,Toys,Board Game,Orion,240.31,318.11
P00923,Board Game 003,Toys,Board Game,Core,392.99,597.73
P00924,Board Game 004,Toys,Board Game,Urban,417.02,622.89
P00925,Board Game 005,Toys,Board Game,Zenith,333.67,524.37
P00926,Board Game 006,Toys,Board Game,Viva,241.27,336.45
P00927,Board Game 007,Toys,Board Game,Prime,380.04,458.14
P00928,Board Game 008,Toys,Board Game,Apex,390.58,579.19
P00929,Remote Car 001,Toys,Remote Car,Elite,363.13,497.26
P00930,Remote Car 002,Toys,Remote Car,Nova,332.32,507.85
P00931,Remote Car 003,Toys,Remote Car,Vertex,370.1,438.14
P00932,Remote Car 004,Toys,Remote Car,Orion,369.45,492.07
P00933,Remote Car 005,Toys,Remote Car,Core,376.89,480.76
P00934,Remote Car 006,Toys,Remote Car,Urban,288.45,368.82
P00935,Remote Car 007,Toys,Remote Car,Zenith,304.59,500.29
P00936,Remote Car 008,Toys,Remote Car,Viva,383.67,439.38
P00937,Puzzle 001,Toys,Puzzle,Prime,290.03,441.35
P00938,Puzzle 002,Toys,Puzzle,Apex,369.23,421.02
P00939,Puzzle 003,Toys,Puzzle,Elite,233.82,321.03
P00940,Puzzle 004,Toys,Puzzle,Nova,358.44,608.87
P00941,Puzzle 005,Toys,Puzzle,Vertex,227.47,304.68
P00942,Puzzle 006,Toys,Puzzle,Orion,267.87,405.2
P00943,Puzzle 007,Toys,Puzzle,Core,373.1,572.81
P00944,Puzzle 008,Toys,Puzzle,Urban,325.33,467.04
P00945,Building Blocks 001,Toys,Building Blocks,Zenith,243.62,282.01
P00946,Building Blocks 002,Toys,Building Blocks,Viva,379.79,543.76
P00947,Building Blocks 003,Toys,Building Blocks,Prime,264.38,334.71
P00948,Building Blocks 004,Toys,Building Blocks,Apex,339.06,417.92
P00949,Building Blocks 005,Toys,Building Blocks,Elite,272.85,330.89
P00950,Building Blocks 006,Toys,Building Blocks,Nova,380.41,578.39
P00951,Building Blocks 007,Toys,Building Blocks,Vertex,281.96,417.23
P00952,Building Blocks 008,Toys,Building Blocks,Orion,317.38,401.09
P00953,Educational Toy 001,Toys,Educational Toy,Core,417.98,707.6
P00954,Educational Toy 002,Toys,Educational Toy,Urban,418.47,625.16
P00955,Educational Toy 003,Toys,Educational Toy,Zenith,367.12,514.16
P00956,Educational Toy 004,Toys,Educational Toy,Viva,251.86,352.69
P00957,Educational Toy 005,Toys,Educational Toy,Prime,309.74,405.55
P00958,Educational Toy 006,Toys,Educational Toy,Apex,255.63,322.92
P00959,Educational Toy 007,Toys,Educational Toy,Elite,243.94,336.55
P00960,Educational Toy 008,Toys,Educational Toy,Nova,400.15,660.29
P00961,LED TV 001,Electronics,LED TV,Vertex,860.78,1378.68
P00962,LED TV 002,Electronics,LED TV,Orion,988.63,1534.49
P00963,LED TV 003,Electronics,LED TV,Core,1245.05,1717.69
P00964,LED TV 004,Electronics,LED TV,Urban,982.26,1514.49
P00965,LED TV 005,Electronics,LED TV,Zenith,1107.13,1538.74
P00966,LED TV 006,Electronics,LED TV,Viva,1275.62,1573.39
P00967,LED TV 007,Electronics,LED TV,Prime,1044.59,1709.25
P00968,LED TV 008,Electronics,LED TV,Apex,1096.07,1580.73
P00969,Bluetooth Speaker 001,Electronics,Bluetooth Speaker,Elite,1550.65,2183.19
P00970,Bluetooth Speaker 002,Electronics,Bluetooth Speaker,Nova,1031.35,1621.51
P00971,Bluetooth Speaker 003,Electronics,Bluetooth Speaker,Vertex,1092.2,1341.51
P00972,Bluetooth Speaker 004,Electronics,Bluetooth Speaker,Orion,1078.54,1314.6
P00973,Bluetooth Speaker 005,Electronics,Bluetooth Speaker,Core,1407.1,2269.72
P00974,Bluetooth Speaker 006,Electronics,Bluetooth Speaker,Urban,976.48,1566.5
P00975,Bluetooth Speaker 007,Electronics,Bluetooth Speaker,Zenith,1219.87,2049.3
P00976,Bluetooth Speaker 008,Electronics,Bluetooth Speaker,Viva,1016.08,1573.35
P00977,Wireless Headphones 001,Electronics,Wireless Headphones,Prime,867.79,1444.47
P00978,Wireless Headphones 002,Electronics,Wireless Headphones,Apex,1241.2,2047.26
P00979,Wireless Headphones 003,Electronics,Wireless Headphones,Elite,1239.59,2039.31
P00980,Wireless Headphones 004,Electronics,Wireless Headphones,Nova,1324.19,2024.09
P00981,Wireless Headphones 005,Electronics,Wireless Headphones,Vertex,1302.0,1715.57
P00982,Wireless Headphones 006,Electronics,Wireless Headphones,Orion,1176.3,1953.85
P00983,Wireless Headphones 007,Electronics,Wireless Headphones,Core,840.39,953.78
P00984,Wireless Headphones 008,Electronics,Wireless Headphones,Urban,1129.09,1688.68
P00985,Smart Watch 001,Electronics,Smart Watch,Zenith,961.01,1286.11
P00986,Smart Watch 002,Electronics,Smart Watch,Viva,1328.79,1773.43
P00987,Smart Watch 003,Electronics,Smart Watch,Prime,949.05,1209.31
P00988,Smart Watch 004,Electronics,Smart Watch,Apex,1194.8,1387.31
P00989,Smart Watch 005,Electronics,Smart Watch,Elite,1104.95,1639.8
P00990,Smart Watch 006,Electronics,Smart Watch,Nova,1013.89,1215.79
P00991,Smart Watch 007,Electronics,Smart Watch,Vertex,1494.94,2019.99
P00992,Smart Watch 008,Electronics,Smart Watch,Orion,959.42,1128.85
P00993,Digital Camera 001,Electronics,Digital Camera,Core,862.68,1290.97
P00994,Digital Camera 002,Electronics,Digital Camera,Urban,1539.17,2022.51
P00995,Digital Camera 003,Electronics,Digital Camera,Zenith,1431.86,2400.86
P00996,Digital Camera 004,Electronics,Digital Camera,Viva,1487.34,2039.15
P00997,Digital Camera 005,Electronics,Digital Camera,Prime,1153.35,1821.97
P00998,Digital Camera 006,Electronics,Digital Camera,Apex,1056.75,1753.58
P00999,Digital Camera 007,Electronics,Digital Camera,Elite,987.72,1430.63
P01000,Digital Camera 008,Electronics,Digital Camera,Nova,1202.87,1707.49
P01001,Smartphone 001,Mobile & Accessories,Smartphone,Vertex,427.47,596.3
P01002,Smartphone 002,Mobile & Accessories,Smartphone,Orion,464.94,763.78
P01003,Smartphone 003,Mobile & Accessories,Smartphone,Core,524.23,697.96
P01004,Smartphone 004,Mobile & Accessories,Smartphone,Urban,339.07,406.05
P01005,Smartphone 005,Mobile & Accessories,Smartphone,Zenith,299.28,359.27
P01006,Smartphone 006,Mobile & Accessories,Smartphone,Viva,450.41,518.35
P01007,Smartphone 007,Mobile & Accessories,Smartphone,Prime,422.65,494.78
P01008,Smartphone 008,Mobile & Accessories,Smartphone,Apex,288.51,325.94
P01009,Power Bank 001,Mobile & Accessories,Power Bank,Elite,324.27,545.65
P01010,Power Bank 002,Mobile & Accessories,Power Bank,Nova,290.51,444.38
P01011,Power Bank 003,Mobile & Accessories,Power Bank,Vertex,275.76,397.85
P01012,Power Bank 004,Mobile & Accessories,Power Bank,Orion,305.1,348.21
P01013,Power Bank 005,Mobile & Accessories,Power Bank,Core,381.93,523.2
P01014,Power Bank 006,Mobile & Accessories,Power Bank,Urban,283.05,318.2
P01015,Power Bank 007,Mobile & Accessories,Power Bank,Zenith,328.41,532.61
P01016,Power Bank 008,Mobile & Accessories,Power Bank,Viva,286.61,461.1
P01017,Phone Case 001,Mobile & Accessories,Phone Case,Prime,337.89,462.49
P01018,Phone Case 002,Mobile & Accessories,Phone Case,Apex,325.59,512.66
P01019,Phone Case 003,Mobile & Accessories,Phone Case,Elite,338.31,527.51
P01020,Phone Case 004,Mobile & Accessories,Phone Case,Nova,341.54,429.4
P01021,Phone Case 005,Mobile & Accessories,Phone Case,Vertex,289.87,343.62
P01022,Phone Case 006,Mobile & Accessories,Phone Case,Orion,406.14,518.56
P01023,Phone Case 007,Mobile & Accessories,Phone Case,Core,275.74,404.4
P01024,Phone Case 008,Mobile & Accessories,Phone Case,Urban,480.89,724.14
P01025,USB Cable 001,Mobile & Accessories,USB Cable,Zenith,473.78,718.04
P01026,USB Cable 002,Mobile & Accessories,USB Cable,Viva,285.39,468.52
P01027,USB Cable 003,Mobile & Accessories,USB Cable,Prime,515.73,812.19
P01028,USB Cable 004,Mobile & Accessories,USB Cable,Apex,339.28,474.34
P01029,USB Cable 005,Mobile & Accessories,USB Cable,Elite,424.31,714.49
P01030,USB Cable 006,Mobile & Accessories,USB Cable,Nova,290.32,337.53
P01031,USB Cable 007,Mobile & Accessories,USB Cable,Vertex,313.57,421.68
P01032,USB Cable 008,Mobile & Accessories,USB Cable,Orion,385.33,472.5
P01033,Fast Charger 001,Mobile & Accessories,Fast Charger,Core,361.34,506.28
P01034,Fast Charger 002,Mobile & Accessories,Fast Charger,Urban,384.0,635.58
P01035,Fast Charger 003,Mobile & Accessories,Fast Charger,Zenith,362.51,600.01
P01036,Fast Charger 004,Mobile & Accessories,Fast Charger,Viva,495.83,776.61
P01037,Fast Charger 005,Mobile & Accessories,Fast Charger,Prime,518.98,756.56
P01038,Fast Charger 006,Mobile & Accessories,Fast Charger,Apex,336.59,424.72
P01039,Fast Charger 007,Mobile & Accessories,Fast Charger,Elite,468.72,575.15
P01040,Fast Charger 008,Mobile & Accessories,Fast Charger,Nova,394.65,616.09
P01041,Laptop 001,Computers,Laptop,Vertex,1566.23,2177.99
P01042,Laptop 002,Computers,Laptop,Orion,2472.87,3237.67
P01043,Laptop 003,Computers,Laptop,Core,2180.9,3678.24
P01044,Laptop 004,Computers,Laptop,Urban,2077.79,2721.61
P01045,Laptop 005,Computers,Laptop,Zenith,1432.87,1634.21
P01046,Laptop 006,Computers,Laptop,Viva,2256.83,3436.79
P01047,Laptop 007,Computers,Laptop,Prime,1950.25,2953.09
P01048,Laptop 008,Computers,Laptop,Apex,1706.31,2737.51
P01049,Desktop PC 001,Computers,Desktop PC,Elite,1929.62,2425.92
P01050,Desktop PC 002,Computers,Desktop PC,Nova,2600.93,3215.22
P01051,Desktop PC 003,Computers,Desktop PC,Vertex,1569.14,2488.73
P01052,Desktop PC 004,Computers,Desktop PC,Orion,1767.87,2500.21
P01053,Desktop PC 005,Computers,Desktop PC,Core,2529.24,4276.87
P01054,Desktop PC 006,Computers,Desktop PC,Urban,1560.53,1751.9
P01055,Desktop PC 007,Computers,Desktop PC,Zenith,1706.31,2709.68
P01056,Desktop PC 008,Computers,Desktop PC,Viva,2320.14,3327.84
P01057,Monitor 001,Computers,Monitor,Prime,1941.83,3213.8
P01058,Monitor 002,Computers,Monitor,Apex,2145.67,3480.37
P01059,Monitor 003,Computers,Monitor,Elite,1724.19,2273.27
P01060,Monitor 004,Computers,Monitor,Nova,1432.09,1741.73
P01061,Monitor 005,Computers,Monitor,Vertex,1505.0,1940.38
P01062,Monitor 006,Computers,Monitor,Orion,1967.61,2671.43
P01063,Monitor 007,Computers,Monitor,Core,2012.86,2447.57
P01064,Monitor 008,Computers,Monitor,Urban,2422.73,3198.62
P01065,Keyboard 001,Computers,Keyboard,Zenith,2416.65,3239.61
P01066,Keyboard 002,Computers,Keyboard,Viva,1879.37,2509.17
P01067,Keyboard 003,Computers,Keyboard,Prime,1857.26,2827.68
P01068,Keyboard 004,Computers,Keyboard,Apex,1906.37,2652.36
P01069,Keyboard 005,Computers,Keyboard,Elite,2001.83,3384.46
P01070,Keyboard 006,Computers,Keyboard,Nova,1540.27,2564.35
P01071,Keyboard 007,Computers,Keyboard,Vertex,2189.7,2734.04
P01072,Keyboard 008,Computers,Keyboard,Orion,2571.12,3343.06
P01073,Mouse 001,Computers,Mouse,Core,2007.19,2464.56
P01074,Mouse 002,Computers,Mouse,Urban,1687.91,2810.35
P01075,Mouse 003,Computers,Mouse,Zenith,1791.24,2797.51
P01076,Mouse 004,Computers,Mouse,Viva,2283.45,2611.42
P01077,Mouse 005,Computers,Mouse,Prime,1518.28,2102.29
P01078,Mouse 006,Computers,Mouse,Apex,2076.52,3357.47
P01079,Mouse 007,Computers,Mouse,Elite,1798.02,2412.55
P01080,Mouse 008,Computers,Mouse,Nova,1467.48,2148.61
P01081,Refrigerator 001,Home Appliances,Refrigerator,Vertex,2899.04,4762.16
P01082,Refrigerator 002,Home Appliances,Refrigerator,Orion,2076.39,2590.29
P01083,Refrigerator 003,Home Appliances,Refrigerator,Core,2935.9,3690.88
P01084,Refrigerator 004,Home Appliances,Refrigerator,Urban,1966.27,3179.5
P01085,Refrigerator 005,Home Appliances,Refrigerator,Zenith,3141.59,4032.28
P01086,Refrigerator 006,Home Appliances,Refrigerator,Viva,2385.87,3838.19
P01087,Refrigerator 007,Home Appliances,Refrigerator,Prime,2532.5,4043.19
P01088,Refrigerator 008,Home Appliances,Refrigerator,Apex,2777.47,3385.1
P01089,Washing Machine 001,Home Appliances,Washing Machine,Elite,2481.82,3212.12
P01090,Washing Machine 002,Home Appliances,Washing Machine,Nova,2026.22,2691.19
P01091,Washing Machine 003,Home Appliances,Washing Machine,Vertex,2956.89,4762.56
P01092,Washing Machine 004,Home Appliances,Washing Machine,Orion,3674.51,4509.37
P01093,Washing Machine 005,Home Appliances,Washing Machine,Core,3201.36,4754.94
P01094,Washing Machine 006,Home Appliances,Washing Machine,Urban,3028.75,5132.87
P01095,Washing Machine 007,Home Appliances,Washing Machine,Zenith,2226.8,2567.14
P01096,Washing Machine 008,Home Appliances,Washing Machine,Viva,2049.3,3219.29
P01097,Microwave Oven 001,Home Appliances,Microwave Oven,Prime,2423.76,3485.41
P01098,Microwave Oven 002,Home Appliances,Microwave Oven,Apex,3398.54,4977.78
P01099,Microwave Oven 003,Home Appliances,Microwave Oven,Elite,3408.98,4429.24
P01100,Microwave Oven 004,Home Appliances,Microwave Oven,Nova,2168.38,3042.44
P01101,Microwave Oven 005,Home Appliances,Microwave Oven,Vertex,3049.29,3740.01
P01102,Microwave Oven 006,Home Appliances,Microwave Oven,Orion,3156.9,4603.35
P01103,Microwave Oven 007,Home Appliances,Microwave Oven,Core,3552.7,4433.37
P01104,Microwave Oven 008,Home Appliances,Microwave Oven,Urban,3486.09,4930.32
P01105,Air Conditioner 001,Home Appliances,Air Conditioner,Zenith,2372.16,3999.19
P01106,Air Conditioner 002,Home Appliances,Air Conditioner,Viva,2090.18,3469.47
P01107,Air Conditioner 003,Home Appliances,Air Conditioner,Prime,2738.63,4646.41
P01108,Air Conditioner 004,Home Appliances,Air Conditioner,Apex,2694.96,3929.5
P01109,Air Conditioner 005,Home Appliances,Air Conditioner,Elite,3259.63,5222.16
P01110,Air Conditioner 006,Home Appliances,Air Conditioner,Nova,1935.97,2357.85
P01111,Air Conditioner 007,Home Appliances,Air Conditioner,Vertex,2557.46,3537.83
P01112,Air Conditioner 008,Home Appliances,Air Conditioner,Orion,2840.91,4030.18
P01113,Mixer Grinder 001,Home Appliances,Mixer Grinder,Core,3066.05,3546.41
P01114,Mixer Grinder 002,Home Appliances,Mixer Grinder,Urban,2241.92,3076.82
P01115,Mixer Grinder 003,Home Appliances,Mixer Grinder,Zenith,3113.64,3908.9
P01116,Mixer Grinder 004,Home Appliances,Mixer Grinder,Viva,2765.63,3885.91
P01117,Mixer Grinder 005,Home Appliances,Mixer Grinder,Prime,2495.4,2946.09
P01118,Mixer Grinder 006,Home Appliances,Mixer Grinder,Apex,3218.78,3644.65
P01119,Mixer Grinder 007,Home Appliances,Mixer Grinder,Elite,1980.2,2914.45
P01120,Mixer Grinder 008,Home Appliances,Mixer Grinder,Nova,2563.32,2998.19
P01121,Office Chair 001,Furniture,Office Chair,Vertex,2410.87,2806.21
P01122,Office Chair 002,Furniture,Office Chair,Orion,1574.12,2211.28
P01123,Office Chair 003,Furniture,Office Chair,Core,1690.0,2134.52
P01124,Office Chair 004,Furniture,Office Chair,Urban,1931.82,2340.79
P01125,Office Chair 005,Furniture,Office Chair,Zenith,1782.87,2365.34
P01126,Office Chair 006,Furniture,Office Chair,Viva,2573.16,3878.29
P01127,Office Chair 007,Furniture,Office Chair,Prime,2568.63,4233.25
P01128,Office Chair 008,Furniture,Office Chair,Apex,1727.28,2541.99
P01129,Study Table 001,Furniture,Study Table,Elite,2009.07,3226.32
P01130,Study Table 002,Furniture,Study Table,Nova,2199.22,2754.13
P01131,Study Table 003,Furniture,Study Table,Vertex,2534.77,3666.9
P01132,Study Table 004,Furniture,Study Table,Orion,1961.98,2211.93
P01133,Study Table 005,Furniture,Study Table,Core,1454.96,2036.21
P01134,Study Table 006,Furniture,Study Table,Urban,1852.43,2164.53
P01135,Study Table 007,Furniture,Study Table,Zenith,2428.81,3124.61
P01136,Study Table 008,Furniture,Study Table,Viva,1829.2,2879.1
P01137,Sofa 001,Furniture,Sofa,Prime,1552.21,2032.45
P01138,Sofa 002,Furniture,Sofa,Apex,1422.92,2015.54
P01139,Sofa 003,Furniture,Sofa,Elite,2310.97,3767.82
P01140,Sofa 004,Furniture,Sofa,Nova,2564.31,4094.4
P01141,Sofa 005,Furniture,Sofa,Vertex,1653.61,2191.93
P01142,Sofa 006,Furniture,Sofa,Orion,1457.29,2355.26
P01143,Sofa 007,Furniture,Sofa,Core,1891.0,2958.75
P01144,Sofa 008,Furniture,Sofa,Urban,1656.64,1856.19
P01145,Bookshelf 001,Furniture,Bookshelf,Zenith,2449.77,2881.08
P01146,Bookshelf 002,Furniture,Bookshelf,Viva,2094.41,3438.14
P01147,Bookshelf 003,Furniture,Bookshelf,Prime,2194.55,2674.74
P01148,Bookshelf 004,Furniture,Bookshelf,Apex,2513.16,3462.08
P01149,Bookshelf 005,Furniture,Bookshelf,Elite,1875.95,2268.97
P01150,Bookshelf 006,Furniture,Bookshelf,Nova,2493.71,3869.15
P01151,Bookshelf 007,Furniture,Bookshelf,Vertex,1377.04,2082.84
P01152,Bookshelf 008,Furniture,Bookshelf,Orion,2420.03,3809.03
P01153,Bed 001,Furniture,Bed,Core,2107.1,3338.26
P01154,Bed 002,Furniture,Bed,Urban,1607.03,1834.28
P01155,Bed 003,Furniture,Bed,Zenith,2426.32,3899.38
P01156,Bed 004,Furniture,Bed,Viva,1739.88,2752.13
P01157,Bed 005,Furniture,Bed,Prime,2483.17,3434.13
P01158,Bed 006,Furniture,Bed,Apex,2117.35,2479.51
P01159,Bed 007,Furniture,Bed,Elite,1450.68,2097.15
P01160,Bed 008,Furniture,Bed,Nova,1674.89,2528.5
P01161,T-Shirt 001,Clothing,T-Shirt,Vertex,371.03,611.42
P01162,T-Shirt 002,Clothing,T-Shirt,Orion,328.33,374.11
P01163,T-Shirt 003,Clothing,T-Shirt,Core,522.54,628.64
P01164,T-Shirt 004,Clothing,T-Shirt,Urban,407.48,496.69
P01165,T-Shirt 005,Clothing,T-Shirt,Zenith,464.69,676.81
P01166,T-Shirt 006,Clothing,T-Shirt,Viva,406.14,485.23
P01167,T-Shirt 007,Clothing,T-Shirt,Prime,302.1,419.87
P01168,T-Shirt 008,Clothing,T-Shirt,Apex,342.65,580.93
P01169,Jeans 001,Clothing,Jeans,Elite,491.81,627.14
P01170,Jeans 002,Clothing,Jeans,Nova,279.22,346.63
P01171,Jeans 003,Clothing,Jeans,Vertex,416.95,639.89
P01172,Jeans 004,Clothing,Jeans,Orion,299.92,493.97
P01173,Jeans 005,Clothing,Jeans,Core,439.26,561.44
P01174,Jeans 006,Clothing,Jeans,Urban,280.3,469.3
P01175,Jeans 007,Clothing,Jeans,Zenith,342.03,385.07
P01176,Jeans 008,Clothing,Jeans,Viva,459.08,606.22
P01177,Shirt 001,Clothing,Shirt,Prime,475.85,767.95
P01178,Shirt 002,Clothing,Shirt,Apex,355.77,439.77
P01179,Shirt 003,Clothing,Shirt,Elite,431.57,624.7
P01180,Shirt 004,Clothing,Shirt,Nova,495.64,572.15
P01181,Shirt 005,Clothing,Shirt,Vertex,417.38,619.19
P01182,Shirt 006,Clothing,Shirt,Orion,433.46,492.87
P01183,Shirt 007,Clothing,Shirt,Core,522.56,836.26
P01184,Shirt 008,Clothing,Shirt,Urban,417.56,703.12
P01185,Jacket 001,Clothing,Jacket,Zenith,350.39,541.58
P01186,Jacket 002,Clothing,Jacket,Viva,437.38,508.74
P01187,Jacket 003,Clothing,Jacket,Prime,343.1,522.7
P01188,Jacket 004,Clothing,Jacket,Apex,516.49,610.81
P01189,Jacket 005,Clothing,Jacket,Elite,462.07,637.89
P01190,Jacket 006,Clothing,Jacket,Nova,286.54,414.9
P01191,Jacket 007,Clothing,Jacket,Vertex,293.82,442.22
P01192,Jacket 008,Clothing,Jacket,Orion,462.08,626.12
P01193,Kurta 001,Clothing,Kurta,Core,473.18,615.05
P01194,Kurta 002,Clothing,Kurta,Urban,438.94,727.93
P01195,Kurta 003,Clothing,Kurta,Zenith,312.45,485.73
P01196,Kurta 004,Clothing,Kurta,Viva,426.93,636.42
P01197,Kurta 005,Clothing,Kurta,Prime,308.75,422.14
P01198,Kurta 006,Clothing,Kurta,Apex,510.87,631.59
P01199,Kurta 007,Clothing,Kurta,Elite,309.77,514.76
P01200,Kurta 008,Clothing,Kurta,Nova,327.31,438.68
P01201,Running Shoes 001,Shoes,Running Shoes,Vertex,726.47,916.63
P01202,Running Shoes 002,Shoes,Running Shoes,Orion,514.94,764.88
P01203,Running Shoes 003,Shoes,Running Shoes,Core,403.38,625.65
P01204,Running Shoes 004,Shoes,Running Shoes,Urban,532.94,858.82
P01205,Running Shoes 005,Shoes,Running Shoes,Zenith,456.72,620.55
P01206,Running Shoes 006,Shoes,Running Shoes,Viva,658.1,965.95
P01207,Running Shoes 007,Shoes,Running Shoes,Prime,628.02,802.22
P01208,Running Shoes 008,Shoes,Running Shoes,Apex,553.87,885.0
P01209,Casual Shoes 001,Shoes,Casual Shoes,Elite,663.84,922.57
P01210,Casual Shoes 002,Shoes,Casual Shoes,Nova,439.21,694.47
P01211,Casual Shoes 003,Shoes,Casual Shoes,Vertex,391.05,530.0
P01212,Casual Shoes 004,Shoes,Casual Shoes,Orion,731.03,1024.39
P01213,Casual Shoes 005,Shoes,Casual Shoes,Core,685.81,1077.98
P01214,Casual Shoes 006,Shoes,Casual Shoes,Urban,591.09,822.14
P01215,Casual Shoes 007,Shoes,Casual Shoes,Zenith,397.02,464.67
P01216,Casual Shoes 008,Shoes,Casual Shoes,Viva,610.32,690.95
P01217,Formal Shoes 001,Shoes,Formal Shoes,Prime,610.56,931.16
P01218,Formal Shoes 002,Shoes,Formal Shoes,Apex,488.54,804.24
P01219,Formal Shoes 003,Shoes,Formal Shoes,Elite,610.62,756.56
P01220,Formal Shoes 004,Shoes,Formal Shoes,Nova,582.85,862.39
P01221,Formal Shoes 005,Shoes,Formal Shoes,Vertex,600.46,710.68
P01222,Formal Shoes 006,Shoes,Formal Shoes,Orion,551.13,773.97
P01223,Formal Shoes 007,Shoes,Formal Shoes,Core,559.22,907.53
P01224,Formal Shoes 008,Shoes,Formal Shoes,Urban,612.65,979.6
P01225,Sandals 001,Shoes,Sandals,Zenith,597.8,869.52
P01226,Sandals 002,Shoes,Sandals,Viva,657.41,1069.63
P01227,Sandals 003,Shoes,Sandals,Prime,644.48,779.36
P01228,Sandals 004,Shoes,Sandals,Apex,430.75,723.09
P01229,Sandals 005,Shoes,Sandals,Elite,630.73,894.43
P01230,Sandals 006,Shoes,Sandals,Nova,685.23,823.98
P01231,Sandals 007,Shoes,Sandals,Vertex,581.44,721.37
P01232,Sandals 008,Shoes,Sandals,Orion,569.11,947.99
P01233,Sports Shoes 001,Shoes,Sports Shoes,Core,652.33,1051.88
P01234,Sports Shoes 002,Shoes,Sports Shoes,Urban,668.88,838.31
P01235,Sports Shoes 003,Shoes,Sports Shoes,Zenith,490.8,608.36
P01236,Sports Shoes 004,Shoes,Sports Shoes,Viva,713.0,1040.4
P01237,Sports Shoes 005,Shoes,Sports Shoes,Prime,588.15,744.42
P01238,Sports Shoes 006,Shoes,Sports Shoes,Apex,427.94,610.44
P01239,Sports Shoes 007,Shoes,Sports Shoes,Elite,679.2,867.56
P01240,Sports Shoes 008,Shoes,Sports Shoes,Nova,581.75,708.74
P01241,Face Wash 001,Beauty & Personal Care,Face Wash,Vertex,210.5,327.58
P01242,Face Wash 002,Beauty & Personal Care,Face Wash,Orion,228.34,306.76
P01243,Face Wash 003,Beauty & Personal Care,Face Wash,Core,191.38,279.35
P01244,Face Wash 004,Beauty & Personal Care,Face Wash,Urban,311.83,388.64
P01245,Face Wash 005,Beauty & Personal Care,Face Wash,Zenith,208.74,320.57
P01246,Face Wash 006,Beauty & Personal Care,Face Wash,Viva,302.36,422.66
P01247,Face Wash 007,Beauty & Personal Care,Face Wash,Prime,272.7,323.5
P01248,Face Wash 008,Beauty & Personal Care,Face Wash,Apex,230.48,265.22
P01249,Shampoo 001,Beauty & Personal Care,Shampoo,Elite,239.39,342.95
P01250,Shampoo 002,Beauty & Personal Care,Shampoo,Nova,209.24,291.86
P01251,Shampoo 003,Beauty & Personal Care,Shampoo,Vertex,216.63,355.13
P01252,Shampoo 004,Beauty & Personal Care,Shampoo,Orion,296.02,397.83
P01253,Shampoo 005,Beauty & Personal Care,Shampoo,Core,173.52,216.16
P01254,Shampoo 006,Beauty & Personal Care,Shampoo,Urban,202.49,315.12
P01255,Shampoo 007,Beauty & Personal Care,Shampoo,Zenith,306.41,508.13
P01256,Shampoo 008,Beauty & Personal Care,Shampoo,Viva,288.35,430.98
P01257,Perfume 001,Beauty & Personal Care,Perfume,Prime,207.77,337.41
P01258,Perfume 002,Beauty & Personal Care,Perfume,Apex,290.06,392.97
P01259,Perfume 003,Beauty & Personal Care,Perfume,Elite,225.79,288.24
P01260,Perfume 004,Beauty & Personal Care,Perfume,Nova,285.79,388.43
P01261,Perfume 005,Beauty & Personal Care,Perfume,Vertex,279.05,379.45
P01262,Perfume 006,Beauty & Personal Care,Perfume,Orion,221.24,275.36
P01263,Perfume 007,Beauty & Personal Care,Perfume,Core,238.21,362.77
P01264,Perfume 008,Beauty & Personal Care,Perfume,Urban,281.89,357.1
P01265,Skin Cream 001,Beauty & Personal Care,Skin Cream,Zenith,252.53,352.94
P01266,Skin Cream 002,Beauty & Personal Care,Skin Cream,Viva,249.02,288.69
P01267,Skin Cream 003,Beauty & Personal Care,Skin Cream,Prime,274.37,322.83
P01268,Skin Cream 004,Beauty & Personal Care,Skin Cream,Apex,286.74,340.46
P01269,Skin Cream 005,Beauty & Personal Care,Skin Cream,Elite,205.84,318.3
P01270,Skin Cream 006,Beauty & Personal Care,Skin Cream,Nova,274.39,463.74
P01271,Skin Cream 007,Beauty & Personal Care,Skin Cream,Vertex,250.6,285.86
P01272,Skin Cream 008,Beauty & Personal Care,Skin Cream,Orion,287.89,406.0
P01273,Hair Dryer 001,Beauty & Personal Care,Hair Dryer,Core,285.93,457.05
P01274,Hair Dryer 002,Beauty & Personal Care,Hair Dryer,Urban,295.35,490.31
P01275,Hair Dryer 003,Beauty & Personal Care,Hair Dryer,Zenith,267.57,311.76
P01276,Hair Dryer 004,Beauty & Personal Care,Hair Dryer,Viva,250.34,294.65
P01277,Hair Dryer 005,Beauty & Personal Care,Hair Dryer,Prime,293.03,417.32
P01278,Hair Dryer 006,Beauty & Personal Care,Hair Dryer,Apex,287.44,348.13
P01279,Hair Dryer 007,Beauty & Personal Care,Hair Dryer,Elite,231.7,301.67
P01280,Hair Dryer 008,Beauty & Personal Care,Hair Dryer,Nova,206.83,253.26
P01281,Rice 001,Grocery,Rice,Vertex,134.72,156.81
P01282,Rice 002,Grocery,Rice,Orion,123.22,205.18
P01283,Rice 003,Grocery,Rice,Core,114.68,165.15
P01284,Rice 004,Grocery,Rice,Urban,117.65,161.25
P01285,Rice 005,Grocery,Rice,Zenith,123.15,148.85
P01286,Rice 006,Grocery,Rice,Viva,109.04,139.86
P01287,Rice 007,Grocery,Rice,Prime,88.12,136.93
P01288,Rice 008,Grocery,Rice,Apex,123.83,157.71
P01289,Cooking Oil 001,Grocery,Cooking Oil,Elite,99.6,120.64
P01290,Cooking Oil 002,Grocery,Cooking Oil,Nova,96.93,112.54
P01291,Cooking Oil 003,Grocery,Cooking Oil,Vertex,86.32,106.48
P01292,Cooking Oil 004,Grocery,Cooking Oil,Orion,106.34,144.26
P01293,Cooking Oil 005,Grocery,Cooking Oil,Core,121.51,175.07
P01294,Cooking Oil 006,Grocery,Cooking Oil,Urban,149.5,220.41
P01295,Cooking Oil 007,Grocery,Cooking Oil,Zenith,133.61,181.28
P01296,Cooking Oil 008,Grocery,Cooking Oil,Viva,123.1,156.52
P01297,Tea 001,Grocery,Tea,Prime,142.91,236.84
P01298,Tea 002,Grocery,Tea,Apex,154.66,256.18
P01299,Tea 003,Grocery,Tea,Elite,145.47,235.86
P01300,Tea 004,Grocery,Tea,Nova,141.87,208.18
P01301,Tea 005,Grocery,Tea,Vertex,85.33,107.31
P01302,Tea 006,Grocery,Tea,Orion,133.22,182.56
P01303,Tea 007,Grocery,Tea,Core,134.54,225.56
P01304,Tea 008,Grocery,Tea,Urban,151.8,189.3
P01305,Coffee 001,Grocery,Coffee,Zenith,122.55,175.86
P01306,Coffee 002,Grocery,Coffee,Viva,92.25,132.42
P01307,Coffee 003,Grocery,Coffee,Prime,138.27,199.98
P01308,Coffee 004,Grocery,Coffee,Apex,129.62,192.03
P01309,Coffee 005,Grocery,Coffee,Elite,97.39,165.07
P01310,Coffee 006,Grocery,Coffee,Nova,150.66,250.69
P01311,Coffee 007,Grocery,Coffee,Vertex,116.41,158.85
P01312,Coffee 008,Grocery,Coffee,Orion,104.65,123.32
P01313,Packaged Snacks 001,Grocery,Packaged Snacks,Core,152.53,175.49
P01314,Packaged Snacks 002,Grocery,Packaged Snacks,Urban,107.35,120.98
P01315,Packaged Snacks 003,Grocery,Packaged Snacks,Zenith,120.28,198.35
P01316,Packaged Snacks 004,Grocery,Packaged Snacks,Viva,108.43,167.81
P01317,Packaged Snacks 005,Grocery,Packaged Snacks,Prime,128.29,173.34
P01318,Packaged Snacks 006,Grocery,Packaged Snacks,Apex,136.87,178.76
P01319,Packaged Snacks 007,Grocery,Packaged Snacks,Elite,85.29,102.24
P01320,Packaged Snacks 008,Grocery,Packaged Snacks,Nova,92.05,106.16
P01321,Cricket Bat 001,Sports,Cricket Bat,Vertex,356.01,504.28
P01322,Cricket Bat 002,Sports,Cricket Bat,Orion,626.83,1051.3
P01323,Cricket Bat 003,Sports,Cricket Bat,Core,540.29,822.86
P01324,Cricket Bat 004,Sports,Cricket Bat,Urban,361.22,510.88
P01325,Cricket Bat 005,Sports,Cricket Bat,Zenith,409.29,534.17
P01326,Cricket Bat 006,Sports,Cricket Bat,Viva,574.09,819.13
P01327,Cricket Bat 007,Sports,Cricket Bat,Prime,378.73,446.25
P01328,Cricket Bat 008,Sports,Cricket Bat,Apex,410.21,644.8
P01329,Football 001,Sports,Football,Elite,441.46,676.03
P01330,Football 002,Sports,Football,Nova,461.28,673.68
P01331,Football 003,Sports,Football,Vertex,337.2,506.45
P01332,Football 004,Sports,Football,Orion,421.0,490.49
P01333,Football 005,Sports,Football,Core,493.64,804.74
P01334,Football 006,Sports,Football,Urban,581.38,928.84
P01335,Football 007,Sports,Football,Zenith,336.9,478.32
P01336,Football 008,Sports,Football,Viva,479.51,585.18
P01337,Yoga Mat 001,Sports,Yoga Mat,Prime,520.05,842.03
P01338,Yoga Mat 002,Sports,Yoga Mat,Apex,449.05,635.1
P01339,Yoga Mat 003,Sports,Yoga Mat,Elite,542.52,777.31
P01340,Yoga Mat 004,Sports,Yoga Mat,Nova,621.25,715.97
P01341,Yoga Mat 005,Sports,Yoga Mat,Vertex,466.22,596.1
P01342,Yoga Mat 006,Sports,Yoga Mat,Orion,557.28,788.49
P01343,Yoga Mat 007,Sports,Yoga Mat,Core,333.9,520.95
P01344,Yoga Mat 008,Sports,Yoga Mat,Urban,576.47,929.7
P01345,Badminton Racket 001,Sports,Badminton Racket,Zenith,357.25,606.77
P01346,Badminton Racket 002,Sports,Badminton Racket,Viva,471.24,633.97
P01347,Badminton Racket 003,Sports,Badminton Racket,Prime,354.44,465.16
P01348,Badminton Racket 004,Sports,Badminton Racket,Apex,493.25,746.13
P01349,Badminton Racket 005,Sports,Badminton Racket,Elite,338.25,503.62
P01350,Badminton Racket 006,Sports,Badminton Racket,Nova,584.69,675.63
P01351,Badminton Racket 007,Sports,Badminton Racket,Vertex,377.35,459.14
P01352,Badminton Racket 008,Sports,Badminton Racket,Orion,614.02,838.63
P01353,Dumbbells 001,Sports,Dumbbells,Core,626.47,1055.39
P01354,Dumbbells 002,Sports,Dumbbells,Urban,576.13,746.69
P01355,Dumbbells 003,Sports,Dumbbells,Zenith,571.11,661.71
P01356,Dumbbells 004,Sports,Dumbbells,Viva,575.94,811.55
P01357,Dumbbells 005,Sports,Dumbbells,Prime,386.91,533.61
P01358,Dumbbells 006,Sports,Dumbbells,Apex,575.84,783.11
P01359,Dumbbells 007,Sports,Dumbbells,Elite,482.95,675.23
P01360,Dumbbells 008,Sports,Dumbbells,Nova,337.32,555.81
P01361,Business Book 001,Books,Business Book,Vertex,159.88,222.93
P01362,Business Book 002,Books,Business Book,Orion,254.95,378.62
P01363,Business Book 003,Books,Business Book,Core,203.5,322.14
P01364,Business Book 004,Books,Business Book,Urban,151.56,175.82
P01365,Business Book 005,Books,Business Book,Zenith,208.0,242.4
P01366,Business Book 006,Books,Business Book,Viva,154.01,222.79
P01367,Business Book 007,Books,Business Book,Prime,228.05,302.25
P01368,Business Book 008,Books,Business Book,Apex,235.51,279.5
P01369,Technology Book 001,Books,Technology Book,Elite,224.15,295.63
P01370,Technology Book 002,Books,Technology Book,Nova,192.14,303.01
P01371,Technology Book 003,Books,Technology Book,Vertex,237.8,301.21
P01372,Technology Book 004,Books,Technology Book,Orion,221.23,283.12
P01373,Technology Book 005,Books,Technology Book,Core,150.33,240.08
P01374,Technology Book 006,Books,Technology Book,Urban,212.36,315.91
P01375,Technology Book 007,Books,Technology Book,Zenith,222.5,353.4
P01376,Technology Book 008,Books,Technology Book,Viva,241.7,288.37
P01377,Fiction Book 001,Books,Fiction Book,Prime,137.57,191.66
P01378,Fiction Book 002,Books,Fiction Book,Apex,210.31,262.27
P01379,Fiction Book 003,Books,Fiction Book,Elite,149.58,180.61
P01380,Fiction Book 004,Books,Fiction Book,Nova,245.69,306.03
P01381,Fiction Book 005,Books,Fiction Book,Vertex,203.37,281.81
P01382,Fiction Book 006,Books,Fiction Book,Orion,238.32,328.6
P01383,Fiction Book 007,Books,Fiction Book,Core,161.18,211.36
P01384,Fiction Book 008,Books,Fiction Book,Urban,227.69,349.99
P01385,Exam Preparation Book 001,Books,Exam Preparation Book,Zenith,181.96,293.27
P01386,Exam Preparation Book 002,Books,Exam Preparation Book,Viva,241.04,345.66
P01387,Exam Preparation Book 003,Books,Exam Preparation Book,Prime,213.54,278.87
P01388,Exam Preparation Book 004,Books,Exam Preparation Book,Apex,200.99,283.19
P01389,Exam Preparation Book 005,Books,Exam Preparation Book,Elite,239.82,359.6
P01390,Exam Preparation Book 006,Books,Exam Preparation Book,Nova,214.78,296.28
P01391,Exam Preparation Book 007,Books,Exam Preparation Book,Vertex,225.57,333.0
P01392,Exam Preparation Book 008,Books,Exam Preparation Book,Orion,191.72,245.87
P01393,Self Help Book 001,Books,Self Help Book,Core,247.09,352.25
P01394,Self Help Book 002,Books,Self Help Book,Urban,233.84,309.49
P01395,Self Help Book 003,Books,Self Help Book,Zenith,159.19,225.89
P01396,Self Help Book 004,Books,Self Help Book,Viva,232.92,280.31
P01397,Self Help Book 005,Books,Self Help Book,Prime,252.29,423.68
P01398,Self Help Book 006,Books,Self Help Book,Apex,193.89,222.01
P01399,Self Help Book 007,Books,Self Help Book,Elite,179.41,230.19
P01400,Self Help Book 008,Books,Self Help Book,Nova,245.56,392.54
P01401,Board Game 001,Toys,Board Game,Vertex,418.3,614.09
P01402,Board Game 002,Toys,Board Game,Orion,342.36,523.54
P01403,Board Game 003,Toys,Board Game,Core,240.79,346.45
P01404,Board Game 004,Toys,Board Game,Urban,232.13,353.34
P01405,Board Game 005,Toys,Board Game,Zenith,354.33,501.09
P01406,Board Game 006,Toys,Board Game,Viva,384.38,461.27
P01407,Board Game 007,Toys,Board Game,Prime,368.28,617.15
P01408,Board Game 008,Toys,Board Game,Apex,318.37,512.06
P01409,Remote Car 001,Toys,Remote Car,Elite,320.12,386.91
P01410,Remote Car 002,Toys,Remote Car,Nova,220.87,295.3
P01411,Remote Car 003,Toys,Remote Car,Vertex,279.19,335.5
P01412,Remote Car 004,Toys,Remote Car,Orion,287.8,346.28
P01413,Remote Car 005,Toys,Remote Car,Core,257.65,393.91
P01414,Remote Car 006,Toys,Remote Car,Urban,417.24,498.75
P01415,Remote Car 007,Toys,Remote Car,Zenith,242.72,369.91
P01416,Remote Car 008,Toys,Remote Car,Viva,364.34,490.91
P01417,Puzzle 001,Toys,Puzzle,Prime,292.66,460.76
P01418,Puzzle 002,Toys,Puzzle,Apex,401.52,578.94
P01419,Puzzle 003,Toys,Puzzle,Elite,251.69,332.48
P01420,Puzzle 004,Toys,Puzzle,Nova,410.76,638.69
P01421,Puzzle 005,Toys,Puzzle,Vertex,267.35,401.22
P01422,Puzzle 006,Toys,Puzzle,Orion,281.82,336.43
P01423,Puzzle 007,Toys,Puzzle,Core,410.54,612.17
P01424,Puzzle 008,Toys,Puzzle,Urban,344.78,565.45
P01425,Building Blocks 001,Toys,Building Blocks,Zenith,307.26,392.31
P01426,Building Blocks 002,Toys,Building Blocks,Viva,324.9,542.05
P01427,Building Blocks 003,Toys,Building Blocks,Prime,331.12,437.94
P01428,Building Blocks 004,Toys,Building Blocks,Apex,417.02,546.41
P01429,Building Blocks 005,Toys,Building Blocks,Elite,349.0,567.41
P01430,Building Blocks 006,Toys,Building Blocks,Nova,362.8,512.46
P01431,Building Blocks 007,Toys,Building Blocks,Vertex,286.8,375.84
P01432,Building Blocks 008,Toys,Building Blocks,Orion,310.2,440.02
P01433,Educational Toy 001,Toys,Educational Toy,Core,272.39,355.13
P01434,Educational Toy 002,Toys,Educational Toy,Urban,367.04,453.91
P01435,Educational Toy 003,Toys,Educational Toy,Zenith,352.39,511.34
P01436,Educational Toy 004,Toys,Educational Toy,Viva,363.98,490.25
P01437,Educational Toy 005,Toys,Educational Toy,Prime,332.51,512.23
P01438,Educational Toy 006,Toys,Educational Toy,Apex,409.04,485.07
P01439,Educational Toy 007,Toys,Educational Toy,Elite,245.97,298.81
P01440,Educational Toy 008,Toys,Educational Toy,Nova,298.79,409.78
P01441,LED TV 001,Electronics,LED TV,Vertex,1250.74,1587.06
P01442,LED TV 002,Electronics,LED TV,Orion,1452.09,1645.17
P01443,LED TV 003,Electronics,LED TV,Core,1556.58,2542.93
P01444,LED TV 004,Electronics,LED TV,Urban,1055.87,1545.51
P01445,LED TV 005,Electronics,LED TV,Zenith,1333.78,1646.0
P01446,LED TV 006,Electronics,LED TV,Viva,1574.33,1924.09
P01447,LED TV 007,Electronics,LED TV,Prime,886.48,1372.39
P01448,LED TV 008,Electronics,LED TV,Apex,1437.16,1750.12
P01449,Bluetooth Speaker 001,Electronics,Bluetooth Speaker,Elite,949.89,1188.43
P01450,Bluetooth Speaker 002,Electronics,Bluetooth Speaker,Nova,1274.03,1835.19
P01451,Bluetooth Speaker 003,Electronics,Bluetooth Speaker,Vertex,1254.01,1452.26
P01452,Bluetooth Speaker 004,Electronics,Bluetooth Speaker,Orion,1345.42,1737.07
P01453,Bluetooth Speaker 005,Electronics,Bluetooth Speaker,Core,1165.73,1428.82
P01454,Bluetooth Speaker 006,Electronics,Bluetooth Speaker,Urban,1208.9,1538.36
P01455,Bluetooth Speaker 007,Electronics,Bluetooth Speaker,Zenith,1287.85,1594.52
P01456,Bluetooth Speaker 008,Electronics,Bluetooth Speaker,Viva,885.51,1419.09
P01457,Wireless Headphones 001,Electronics,Wireless Headphones,Prime,1173.18,1484.69
P01458,Wireless Headphones 002,Electronics,Wireless Headphones,Apex,1494.22,2265.4
P01459,Wireless Headphones 003,Electronics,Wireless Headphones,Elite,1255.86,1652.8
P01460,Wireless Headphones 004,Electronics,Wireless Headphones,Nova,1293.06,1486.99
P01461,Wireless Headphones 005,Electronics,Wireless Headphones,Vertex,1519.06,2168.2
P01462,Wireless Headphones 006,Electronics,Wireless Headphones,Orion,1387.34,2338.48
P01463,Wireless Headphones 007,Electronics,Wireless Headphones,Core,936.81,1183.52
P01464,Wireless Headphones 008,Electronics,Wireless Headphones,Urban,979.73,1112.6
P01465,Smart Watch 001,Electronics,Smart Watch,Zenith,1060.98,1623.01
P01466,Smart Watch 002,Electronics,Smart Watch,Viva,1054.7,1687.51
P01467,Smart Watch 003,Electronics,Smart Watch,Prime,1437.29,2020.05
P01468,Smart Watch 004,Electronics,Smart Watch,Apex,882.07,1175.69
P01469,Smart Watch 005,Electronics,Smart Watch,Elite,1147.31,1727.27
P01470,Smart Watch 006,Electronics,Smart Watch,Nova,1497.55,1745.31
P01471,Smart Watch 007,Electronics,Smart Watch,Vertex,1253.55,1690.95
P01472,Smart Watch 008,Electronics,Smart Watch,Orion,945.73,1564.91
P01473,Digital Camera 001,Electronics,Digital Camera,Core,1487.32,2086.08
P01474,Digital Camera 002,Electronics,Digital Camera,Urban,1081.51,1272.15
P01475,Digital Camera 003,Electronics,Digital Camera,Zenith,1178.96,1567.85
P01476,Digital Camera 004,Electronics,Digital Camera,Viva,1380.55,1975.21
P01477,Digital Camera 005,Electronics,Digital Camera,Prime,1101.2,1466.19
P01478,Digital Camera 006,Electronics,Digital Camera,Apex,1528.29,2218.12
P01479,Digital Camera 007,Electronics,Digital Camera,Elite,1131.2,1839.86
P01480,Digital Camera 008,Electronics,Digital Camera,Nova,1563.4,2173.43
P01481,Smartphone 001,Mobile & Accessories,Smartphone,Vertex,453.52,752.48
P01482,Smartphone 002,Mobile & Accessories,Smartphone,Orion,330.37,512.04
P01483,Smartphone 003,Mobile & Accessories,Smartphone,Core,483.98,663.38
P01484,Smartphone 004,Mobile & Accessories,Smartphone,Urban,454.78,517.71
P01485,Smartphone 005,Mobile & Accessories,Smartphone,Zenith,437.97,648.65
P01486,Smartphone 006,Mobile & Accessories,Smartphone,Viva,287.12,432.27
P01487,Smartphone 007,Mobile & Accessories,Smartphone,Prime,373.96,458.95
P01488,Smartphone 008,Mobile & Accessories,Smartphone,Apex,400.35,525.03
P01489,Power Bank 001,Mobile & Accessories,Power Bank,Elite,429.87,564.87
P01490,Power Bank 002,Mobile & Accessories,Power Bank,Nova,278.0,325.5
P01491,Power Bank 003,Mobile & Accessories,Power Bank,Vertex,392.03,463.0
P01492,Power Bank 004,Mobile & Accessories,Power Bank,Orion,501.18,740.26
P01493,Power Bank 005,Mobile & Accessories,Power Bank,Core,449.59,559.15
P01494,Power Bank 006,Mobile & Accessories,Power Bank,Urban,389.38,508.81
P01495,Power Bank 007,Mobile & Accessories,Power Bank,Zenith,443.75,498.89
P01496,Power Bank 008,Mobile & Accessories,Power Bank,Viva,284.8,372.14
P01497,Phone Case 001,Mobile & Accessories,Phone Case,Prime,321.94,472.71
P01498,Phone Case 002,Mobile & Accessories,Phone Case,Apex,327.38,552.67
P01499,Phone Case 003,Mobile & Accessories,Phone Case,Elite,520.48,825.29
P01500,Phone Case 004,Mobile & Accessories,Phone Case,Nova,493.04,559.92
P01501,Phone Case 005,Mobile & Accessories,Phone Case,Vertex,476.35,721.83
P01502,Phone Case 006,Mobile & Accessories,Phone Case,Orion,482.0,675.04
P01503,Phone Case 007,Mobile & Accessories,Phone Case,Core,444.43,695.46
P01504,Phone Case 008,Mobile & Accessories,Phone Case,Urban,442.42,619.87
P01505,USB Cable 001,Mobile & Accessories,USB Cable,Zenith,292.91,437.68
P01506,USB Cable 002,Mobile & Accessories,USB Cable,Viva,278.38,327.16
P01507,USB Cable 003,Mobile & Accessories,USB Cable,Prime,386.09,570.94
P01508,USB Cable 004,Mobile & Accessories,USB Cable,Apex,468.18,555.91
P01509,USB Cable 005,Mobile & Accessories,USB Cable,Elite,355.68,469.69
P01510,USB Cable 006,Mobile & Accessories,USB Cable,Nova,454.73,632.59
P01511,USB Cable 007,Mobile & Accessories,USB Cable,Vertex,431.25,669.86
P01512,USB Cable 008,Mobile & Accessories,USB Cable,Orion,335.35,548.18
P01513,Fast Charger 001,Mobile & Accessories,Fast Charger,Core,410.72,606.24
P01514,Fast Charger 002,Mobile & Accessories,Fast Charger,Urban,362.69,547.49
P01515,Fast Charger 003,Mobile & Accessories,Fast Charger,Zenith,381.01,521.38
P01516,Fast Charger 004,Mobile & Accessories,Fast Charger,Viva,483.08,722.19
P01517,Fast Charger 005,Mobile & Accessories,Fast Charger,Prime,518.61,720.88
P01518,Fast Charger 006,Mobile & Accessories,Fast Charger,Apex,371.09,599.06
P01519,Fast Charger 007,Mobile & Accessories,Fast Charger,Elite,282.23,449.26
P01520,Fast Charger 008,Mobile & Accessories,Fast Charger,Nova,292.89,473.87
P01521,Laptop 001,Computers,Laptop,Vertex,1431.44,1887.2
P01522,Laptop 002,Computers,Laptop,Orion,1664.16,2759.32
P01523,Laptop 003,Computers,Laptop,Core,2161.29,3085.28
P01524,Laptop 004,Computers,Laptop,Urban,1772.35,2502.16
P01525,Laptop 005,Computers,Laptop,Zenith,2383.05,3110.86
P01526,Laptop 006,Computers,Laptop,Viva,2256.13,2922.2
P01527,Laptop 007,Computers,Laptop,Prime,2297.94,3299.34
P01528,Laptop 008,Computers,Laptop,Apex,2419.61,2730.24
P01529,Desktop PC 001,Computers,Desktop PC,Elite,2024.39,2556.17
P01530,Desktop PC 002,Computers,Desktop PC,Nova,2570.46,3248.71
P01531,Desktop PC 003,Computers,Desktop PC,Vertex,1588.41,2033.62
P01532,Desktop PC 004,Computers,Desktop PC,Orion,2027.03,3404.18
P01533,Desktop PC 005,Computers,Desktop PC,Core,2297.99,3832.04
P01534,Desktop PC 006,Computers,Desktop PC,Urban,1502.08,2525.43
P01535,Desktop PC 007,Computers,Desktop PC,Zenith,2275.4,3372.98
P01536,Desktop PC 008,Computers,Desktop PC,Viva,1892.75,2279.4
P01537,Monitor 001,Computers,Monitor,Prime,1488.57,1694.7
P01538,Monitor 002,Computers,Monitor,Apex,2535.69,3109.43
P01539,Monitor 003,Computers,Monitor,Elite,1517.89,2089.89
P01540,Monitor 004,Computers,Monitor,Nova,1684.35,2075.98
P01541,Monitor 005,Computers,Monitor,Vertex,1494.53,1687.47
P01542,Monitor 006,Computers,Monitor,Orion,2479.64,3661.08
P01543,Monitor 007,Computers,Monitor,Core,2033.3,2982.29
P01544,Monitor 008,Computers,Monitor,Urban,1788.38,2161.84
P01545,Keyboard 001,Computers,Keyboard,Zenith,2455.88,3565.84
P01546,Keyboard 002,Computers,Keyboard,Viva,2367.69,3732.88
P01547,Keyboard 003,Computers,Keyboard,Prime,1513.57,2367.12
P01548,Keyboard 004,Computers,Keyboard,Apex,2080.92,3088.76
P01549,Keyboard 005,Computers,Keyboard,Elite,2086.25,2420.43
P01550,Keyboard 006,Computers,Keyboard,Nova,2408.05,3158.28
P01551,Keyboard 007,Computers,Keyboard,Vertex,1581.03,2473.67
P01552,Keyboard 008,Computers,Keyboard,Orion,2615.62,3195.31
P01553,Mouse 001,Computers,Mouse,Core,1386.32,2056.78
P01554,Mouse 002,Computers,Mouse,Urban,2211.45,3683.52
P01555,Mouse 003,Computers,Mouse,Zenith,1872.98,2548.29
P01556,Mouse 004,Computers,Mouse,Viva,2272.84,3092.17
P01557,Mouse 005,Computers,Mouse,Prime,1388.05,2287.63
P01558,Mouse 006,Computers,Mouse,Apex,2135.07,3086.07
P01559,Mouse 007,Computers,Mouse,Elite,2001.57,3121.25
P01560,Mouse 008,Computers,Mouse,Nova,2368.22,3438.7
P01561,Refrigerator 001,Home Appliances,Refrigerator,Vertex,2535.6,3062.01
P01562,Refrigerator 002,Home Appliances,Refrigerator,Orion,3643.02,5633.12
P01563,Refrigerator 003,Home Appliances,Refrigerator,Core,1935.06,2864.35
P01564,Refrigerator 004,Home Appliances,Refrigerator,Urban,1969.67,2361.9
P01565,Refrigerator 005,Home Appliances,Refrigerator,Zenith,2937.36,4681.81
P01566,Refrigerator 006,Home Appliances,Refrigerator,Viva,3044.45,4569.58
P01567,Refrigerator 007,Home Appliances,Refrigerator,Prime,3175.74,4497.07
P01568,Refrigerator 008,Home Appliances,Refrigerator,Apex,3176.27,5243.25
P01569,Washing Machine 001,Home Appliances,Washing Machine,Elite,3418.98,5101.93
P01570,Washing Machine 002,Home Appliances,Washing Machine,Nova,3199.57,5419.12
P01571,Washing Machine 003,Home Appliances,Washing Machine,Vertex,2990.19,4799.53
P01572,Washing Machine 004,Home Appliances,Washing Machine,Orion,2394.5,3148.4
P01573,Washing Machine 005,Home Appliances,Washing Machine,Core,2809.21,3878.86
P01574,Washing Machine 006,Home Appliances,Washing Machine,Urban,2151.31,3608.25
P01575,Washing Machine 007,Home Appliances,Washing Machine,Zenith,2448.92,3409.62
P01576,Washing Machine 008,Home Appliances,Washing Machine,Viva,2983.4,3711.56
P01577,Microwave Oven 001,Home Appliances,Microwave Oven,Prime,3436.29,4215.66
P01578,Microwave Oven 002,Home Appliances,Microwave Oven,Apex,2730.54,4181.15
P01579,Microwave Oven 003,Home Appliances,Microwave Oven,Elite,3361.35,4080.56
P01580,Microwave Oven 004,Home Appliances,Microwave Oven,Nova,2928.27,4878.92
P01581,Microwave Oven 005,Home Appliances,Microwave Oven,Vertex,2070.86,2653.22
P01582,Microwave Oven 006,Home Appliances,Microwave Oven,Orion,3009.06,4516.06
P01583,Microwave Oven 007,Home Appliances,Microwave Oven,Core,3542.44,4165.34
P01584,Microwave Oven 008,Home Appliances,Microwave Oven,Urban,3318.85,5398.92
P01585,Air Conditioner 001,Home Appliances,Air Conditioner,Zenith,2017.48,2420.85
P01586,Air Conditioner 002,Home Appliances,Air Conditioner,Viva,2707.45,3817.73
P01587,Air Conditioner 003,Home Appliances,Air Conditioner,Prime,2408.85,3672.8
P01588,Air Conditioner 004,Home Appliances,Air Conditioner,Apex,2729.14,4122.69
P01589,Air Conditioner 005,Home Appliances,Air Conditioner,Elite,3534.04,5263.86
P01590,Air Conditioner 006,Home Appliances,Air Conditioner,Nova,3487.85,4824.07
P01591,Air Conditioner 007,Home Appliances,Air Conditioner,Vertex,3198.67,4689.89
P01592,Air Conditioner 008,Home Appliances,Air Conditioner,Orion,3512.22,4864.31
P01593,Mixer Grinder 001,Home Appliances,Mixer Grinder,Core,2521.13,3362.27
P01594,Mixer Grinder 002,Home Appliances,Mixer Grinder,Urban,3223.0,3784.04
P01595,Mixer Grinder 003,Home Appliances,Mixer Grinder,Zenith,3615.96,4987.03
P01596,Mixer Grinder 004,Home Appliances,Mixer Grinder,Viva,2439.91,3558.57
P01597,Mixer Grinder 005,Home Appliances,Mixer Grinder,Prime,2669.09,3564.98
P01598,Mixer Grinder 006,Home Appliances,Mixer Grinder,Apex,2283.43,2635.9
P01599,Mixer Grinder 007,Home Appliances,Mixer Grinder,Elite,2783.62,3138.95
P01600,Mixer Grinder 008,Home Appliances,Mixer Grinder,Nova,2555.93,3220.7
P01601,Office Chair 001,Furniture,Office Chair,Vertex,1842.01,2581.44
P01602,Office Chair 002,Furniture,Office Chair,Orion,2465.32,4157.23
P01603,Office Chair 003,Furniture,Office Chair,Core,2330.86,2822.25
P01604,Office Chair 004,Furniture,Office Chair,Urban,2571.35,3136.57
P01605,Office Chair 005,Furniture,Office Chair,Zenith,1842.85,2266.28
P01606,Office Chair 006,Furniture,Office Chair,Viva,1912.7,2806.4
P01607,Office Chair 007,Furniture,Office Chair,Prime,2238.72,3388.88
P01608,Office Chair 008,Furniture,Office Chair,Apex,1409.36,2344.24
P01609,Study Table 001,Furniture,Study Table,Elite,1969.92,2217.86
P01610,Study Table 002,Furniture,Study Table,Nova,1490.13,2363.27
P01611,Study Table 003,Furniture,Study Table,Vertex,1918.59,2900.92
P01612,Study Table 004,Furniture,Study Table,Orion,1845.66,2381.55
P01613,Study Table 005,Furniture,Study Table,Core,1995.64,2624.85
P01614,Study Table 006,Furniture,Study Table,Urban,1837.58,2643.99
P01615,Study Table 007,Furniture,Study Table,Zenith,2468.79,2782.03
P01616,Study Table 008,Furniture,Study Table,Viva,2081.02,2477.44
P01617,Sofa 001,Furniture,Sofa,Prime,2083.95,3316.76
P01618,Sofa 002,Furniture,Sofa,Apex,2132.46,2598.58
P01619,Sofa 003,Furniture,Sofa,Elite,2495.68,2948.14
P01620,Sofa 004,Furniture,Sofa,Nova,2357.98,3626.05
P01621,Sofa 005,Furniture,Sofa,Vertex,2568.99,3963.22
P01622,Sofa 006,Furniture,Sofa,Orion,2356.62,3862.12
P01623,Sofa 007,Furniture,Sofa,Core,1755.57,2701.46
P01624,Sofa 008,Furniture,Sofa,Urban,2392.75,2994.64
P01625,Bookshelf 001,Furniture,Bookshelf,Zenith,2490.13,4029.02
P01626,Bookshelf 002,Furniture,Bookshelf,Viva,2101.13,2430.23
P01627,Bookshelf 003,Furniture,Bookshelf,Prime,2411.89,3249.74
P01628,Bookshelf 004,Furniture,Bookshelf,Apex,1719.41,2911.33
P01629,Bookshelf 005,Furniture,Bookshelf,Elite,1562.51,1786.08
P01630,Bookshelf 006,Furniture,Bookshelf,Nova,1948.78,2335.79
P01631,Bookshelf 007,Furniture,Bookshelf,Vertex,1705.23,2547.54
P01632,Bookshelf 008,Furniture,Bookshelf,Orion,1580.86,2026.47
P01633,Bed 001,Furniture,Bed,Core,1950.13,2988.64
P01634,Bed 002,Furniture,Bed,Urban,1618.63,2085.46
P01635,Bed 003,Furniture,Bed,Zenith,1767.52,2611.49
P01636,Bed 004,Furniture,Bed,Viva,1744.58,2364.13
P01637,Bed 005,Furniture,Bed,Prime,1615.94,1835.89
P01638,Bed 006,Furniture,Bed,Apex,1682.97,2193.38
P01639,Bed 007,Furniture,Bed,Elite,2276.62,3690.17
P01640,Bed 008,Furniture,Bed,Nova,1635.3,2617.46
P01641,T-Shirt 001,Clothing,T-Shirt,Vertex,472.44,769.56
P01642,T-Shirt 002,Clothing,T-Shirt,Orion,289.8,487.17
P01643,T-Shirt 003,Clothing,T-Shirt,Core,354.34,510.36
P01644,T-Shirt 004,Clothing,T-Shirt,Urban,400.97,543.45
P01645,T-Shirt 005,Clothing,T-Shirt,Zenith,502.28,580.42
P01646,T-Shirt 006,Clothing,T-Shirt,Viva,370.83,557.16
P01647,T-Shirt 007,Clothing,T-Shirt,Prime,372.92,534.53
P01648,T-Shirt 008,Clothing,T-Shirt,Apex,516.12,766.86
P01649,Jeans 001,Clothing,Jeans,Elite,289.84,476.93
P01650,Jeans 002,Clothing,Jeans,Nova,508.11,776.86
P01651,Jeans 003,Clothing,Jeans,Vertex,438.89,715.04
P01652,Jeans 004,Clothing,Jeans,Orion,308.15,379.22
P01653,Jeans 005,Clothing,Jeans,Core,358.85,521.33
P01654,Jeans 006,Clothing,Jeans,Urban,506.83,730.5
P01655,Jeans 007,Clothing,Jeans,Zenith,351.48,547.59
P01656,Jeans 008,Clothing,Jeans,Viva,316.17,525.45
P01657,Shirt 001,Clothing,Shirt,Prime,512.45,835.84
P01658,Shirt 002,Clothing,Shirt,Apex,307.58,346.29
P01659,Shirt 003,Clothing,Shirt,Elite,302.5,452.15
P01660,Shirt 004,Clothing,Shirt,Nova,347.97,562.17
P01661,Shirt 005,Clothing,Shirt,Vertex,504.85,728.79
P01662,Shirt 006,Clothing,Shirt,Orion,378.12,639.28
P01663,Shirt 007,Clothing,Shirt,Core,457.95,632.89
P01664,Shirt 008,Clothing,Shirt,Urban,292.43,335.06
P01665,Jacket 001,Clothing,Jacket,Zenith,322.13,468.29
P01666,Jacket 002,Clothing,Jacket,Viva,314.95,492.88
P01667,Jacket 003,Clothing,Jacket,Prime,504.05,601.19
P01668,Jacket 004,Clothing,Jacket,Apex,276.01,422.71
P01669,Jacket 005,Clothing,Jacket,Elite,304.71,395.84
P01670,Jacket 006,Clothing,Jacket,Nova,374.93,526.21
P01671,Jacket 007,Clothing,Jacket,Vertex,443.92,544.54
P01672,Jacket 008,Clothing,Jacket,Orion,522.29,699.12
P01673,Kurta 001,Clothing,Kurta,Core,407.66,546.51
P01674,Kurta 002,Clothing,Kurta,Urban,517.33,684.15
P01675,Kurta 003,Clothing,Kurta,Zenith,492.13,706.22
P01676,Kurta 004,Clothing,Kurta,Viva,482.05,547.75
P01677,Kurta 005,Clothing,Kurta,Prime,451.19,611.26
P01678,Kurta 006,Clothing,Kurta,Apex,490.22,585.68
P01679,Kurta 007,Clothing,Kurta,Elite,449.14,746.38
P01680,Kurta 008,Clothing,Kurta,Nova,500.46,656.85
P01681,Running Shoes 001,Shoes,Running Shoes,Vertex,421.83,680.64
P01682,Running Shoes 002,Shoes,Running Shoes,Orion,462.12,676.28
P01683,Running Shoes 003,Shoes,Running Shoes,Core,484.88,786.07
P01684,Running Shoes 004,Shoes,Running Shoes,Urban,563.67,781.79
P01685,Running Shoes 005,Shoes,Running Shoes,Zenith,408.04,644.97
P01686,Running Shoes 006,Shoes,Running Shoes,Viva,454.87,767.79
P01687,Running Shoes 007,Shoes,Running Shoes,Prime,651.61,772.01
P01688,Running Shoes 008,Shoes,Running Shoes,Apex,555.26,714.03
P01689,Casual Shoes 001,Shoes,Casual Shoes,Elite,571.11,831.9
P01690,Casual Shoes 002,Shoes,Casual Shoes,Nova,482.07,765.73
P01691,Casual Shoes 003,Shoes,Casual Shoes,Vertex,475.42,767.62
P01692,Casual Shoes 004,Shoes,Casual Shoes,Orion,449.2,531.8
P01693,Casual Shoes 005,Shoes,Casual Shoes,Core,583.07,888.65
P01694,Casual Shoes 006,Shoes,Casual Shoes,Urban,420.27,502.43
P01695,Casual Shoes 007,Shoes,Casual Shoes,Zenith,440.89,737.97
P01696,Casual Shoes 008,Shoes,Casual Shoes,Viva,500.28,620.61
P01697,Formal Shoes 001,Shoes,Formal Shoes,Prime,498.01,641.09
P01698,Formal Shoes 002,Shoes,Formal Shoes,Apex,433.87,549.93
P01699,Formal Shoes 003,Shoes,Formal Shoes,Elite,528.53,895.34
P01700,Formal Shoes 004,Shoes,Formal Shoes,Nova,460.33,604.88
P01701,Formal Shoes 005,Shoes,Formal Shoes,Vertex,536.5,771.09
P01702,Formal Shoes 006,Shoes,Formal Shoes,Orion,510.42,843.9
P01703,Formal Shoes 007,Shoes,Formal Shoes,Core,663.82,821.47
P01704,Formal Shoes 008,Shoes,Formal Shoes,Urban,644.38,867.54
P01705,Sandals 001,Shoes,Sandals,Zenith,551.2,627.99
P01706,Sandals 002,Shoes,Sandals,Viva,403.86,459.75
P01707,Sandals 003,Shoes,Sandals,Prime,605.37,1000.33
P01708,Sandals 004,Shoes,Sandals,Apex,632.08,836.83
P01709,Sandals 005,Shoes,Sandals,Elite,435.72,666.91
P01710,Sandals 006,Shoes,Sandals,Nova,429.21,692.73
P01711,Sandals 007,Shoes,Sandals,Vertex,501.92,604.68
P01712,Sandals 008,Shoes,Sandals,Orion,521.97,778.41
P01713,Sports Shoes 001,Shoes,Sports Shoes,Core,713.51,905.65
P01714,Sports Shoes 002,Shoes,Sports Shoes,Urban,573.11,765.14
P01715,Sports Shoes 003,Shoes,Sports Shoes,Zenith,657.41,1025.16
P01716,Sports Shoes 004,Shoes,Sports Shoes,Viva,459.26,575.95
P01717,Sports Shoes 005,Shoes,Sports Shoes,Prime,501.1,715.49
P01718,Sports Shoes 006,Shoes,Sports Shoes,Apex,491.7,562.54
P01719,Sports Shoes 007,Shoes,Sports Shoes,Elite,653.58,794.35
P01720,Sports Shoes 008,Shoes,Sports Shoes,Nova,713.51,1174.04
P01721,Face Wash 001,Beauty & Personal Care,Face Wash,Vertex,293.12,427.94
P01722,Face Wash 002,Beauty & Personal Care,Face Wash,Orion,305.77,489.52
P01723,Face Wash 003,Beauty & Personal Care,Face Wash,Core,169.91,243.84
P01724,Face Wash 004,Beauty & Personal Care,Face Wash,Urban,228.02,285.93
P01725,Face Wash 005,Beauty & Personal Care,Face Wash,Zenith,271.59,336.23
P01726,Face Wash 006,Beauty & Personal Care,Face Wash,Viva,251.24,358.72
P01727,Face Wash 007,Beauty & Personal Care,Face Wash,Prime,304.15,380.52
P01728,Face Wash 008,Beauty & Personal Care,Face Wash,Apex,285.47,385.38
P01729,Shampoo 001,Beauty & Personal Care,Shampoo,Elite,230.66,333.3
P01730,Shampoo 002,Beauty & Personal Care,Shampoo,Nova,222.64,289.39
P01731,Shampoo 003,Beauty & Personal Care,Shampoo,Vertex,172.49,267.31
P01732,Shampoo 004,Beauty & Personal Care,Shampoo,Orion,277.59,325.95
P01733,Shampoo 005,Beauty & Personal Care,Shampoo,Core,282.8,381.52
P01734,Shampoo 006,Beauty & Personal Care,Shampoo,Urban,229.95,366.27
P01735,Shampoo 007,Beauty & Personal Care,Shampoo,Zenith,295.33,452.43
P01736,Shampoo 008,Beauty & Personal Care,Shampoo,Viva,303.21,348.0
P01737,Perfume 001,Beauty & Personal Care,Perfume,Prime,169.61,244.1
P01738,Perfume 002,Beauty & Personal Care,Perfume,Apex,246.36,351.38
P01739,Perfume 003,Beauty & Personal Care,Perfume,Elite,181.18,208.05
P01740,Perfume 004,Beauty & Personal Care,Perfume,Nova,243.65,320.47
P01741,Perfume 005,Beauty & Personal Care,Perfume,Vertex,177.08,211.91
P01742,Perfume 006,Beauty & Personal Care,Perfume,Orion,233.6,380.0
P01743,Perfume 007,Beauty & Personal Care,Perfume,Core,192.77,222.49
P01744,Perfume 008,Beauty & Personal Care,Perfume,Urban,298.8,412.46
P01745,Skin Cream 001,Beauty & Personal Care,Skin Cream,Zenith,188.09,264.94
P01746,Skin Cream 002,Beauty & Personal Care,Skin Cream,Viva,242.22,400.04
P01747,Skin Cream 003,Beauty & Personal Care,Skin Cream,Prime,264.9,382.84
P01748,Skin Cream 004,Beauty & Personal Care,Skin Cream,Apex,275.93,388.93
P01749,Skin Cream 005,Beauty & Personal Care,Skin Cream,Elite,173.95,220.31
P01750,Skin Cream 006,Beauty & Personal Care,Skin Cream,Nova,236.59,326.58
P01751,Skin Cream 007,Beauty & Personal Care,Skin Cream,Vertex,243.52,291.37
P01752,Skin Cream 008,Beauty & Personal Care,Skin Cream,Orion,198.53,305.86
P01753,Hair Dryer 001,Beauty & Personal Care,Hair Dryer,Core,207.92,268.83
P01754,Hair Dryer 002,Beauty & Personal Care,Hair Dryer,Urban,233.98,392.95
P01755,Hair Dryer 003,Beauty & Personal Care,Hair Dryer,Zenith,308.22,487.69
P01756,Hair Dryer 004,Beauty & Personal Care,Hair Dryer,Viva,261.29,380.09
P01757,Hair Dryer 005,Beauty & Personal Care,Hair Dryer,Prime,194.67,271.89
P01758,Hair Dryer 006,Beauty & Personal Care,Hair Dryer,Apex,234.01,343.72
P01759,Hair Dryer 007,Beauty & Personal Care,Hair Dryer,Elite,263.43,366.02
P01760,Hair Dryer 008,Beauty & Personal Care,Hair Dryer,Nova,189.81,286.42
P01761,Rice 001,Grocery,Rice,Vertex,115.87,187.9
P01762,Rice 002,Grocery,Rice,Orion,108.41,176.89
P01763,Rice 003,Grocery,Rice,Core,119.43,173.24
P01764,Rice 004,Grocery,Rice,Urban,117.19,155.44
P01765,Rice 005,Grocery,Rice,Zenith,95.6,120.57
P01766,Rice 006,Grocery,Rice,Viva,130.56,159.29
P01767,Rice 007,Grocery,Rice,Prime,110.05,151.38
P01768,Rice 008,Grocery,Rice,Apex,115.45,144.21
P01769,Cooking Oil 001,Grocery,Cooking Oil,Elite,148.82,210.49
P01770,Cooking Oil 002,Grocery,Cooking Oil,Nova,149.51,176.83
P01771,Cooking Oil 003,Grocery,Cooking Oil,Vertex,157.12,253.37
P01772,Cooking Oil 004,Grocery,Cooking Oil,Orion,150.28,202.58
P01773,Cooking Oil 005,Grocery,Cooking Oil,Core,144.66,185.61
P01774,Cooking Oil 006,Grocery,Cooking Oil,Urban,100.94,134.19
P01775,Cooking Oil 007,Grocery,Cooking Oil,Zenith,90.8,139.06
P01776,Cooking Oil 008,Grocery,Cooking Oil,Viva,140.2,179.26
P01777,Tea 001,Grocery,Tea,Prime,109.09,131.0
P01778,Tea 002,Grocery,Tea,Apex,142.45,235.16
P01779,Tea 003,Grocery,Tea,Elite,116.9,161.94
P01780,Tea 004,Grocery,Tea,Nova,133.92,192.1
P01781,Tea 005,Grocery,Tea,Vertex,152.95,211.08
P01782,Tea 006,Grocery,Tea,Orion,150.02,194.32
P01783,Tea 007,Grocery,Tea,Core,147.9,217.92
P01784,Tea 008,Grocery,Tea,Urban,136.88,189.88
P01785,Coffee 001,Grocery,Coffee,Zenith,125.56,184.48
P01786,Coffee 002,Grocery,Coffee,Viva,147.81,203.6
P01787,Coffee 003,Grocery,Coffee,Prime,116.06,186.39
P01788,Coffee 004,Grocery,Coffee,Apex,105.89,133.43
P01789,Coffee 005,Grocery,Coffee,Elite,147.83,166.62
P01790,Coffee 006,Grocery,Coffee,Nova,105.57,120.93
P01791,Coffee 007,Grocery,Coffee,Vertex,100.11,112.85
P01792,Coffee 008,Grocery,Coffee,Orion,145.17,203.24
P01793,Packaged Snacks 001,Grocery,Packaged Snacks,Core,113.47,139.29
P01794,Packaged Snacks 002,Grocery,Packaged Snacks,Urban,148.15,182.39
P01795,Packaged Snacks 003,Grocery,Packaged Snacks,Zenith,99.75,117.91
P01796,Packaged Snacks 004,Grocery,Packaged Snacks,Viva,85.81,143.58
P01797,Packaged Snacks 005,Grocery,Packaged Snacks,Prime,128.01,159.58
P01798,Packaged Snacks 006,Grocery,Packaged Snacks,Apex,137.06,194.29
P01799,Packaged Snacks 007,Grocery,Packaged Snacks,Elite,104.33,154.5
P01800,Packaged Snacks 008,Grocery,Packaged Snacks,Nova,117.37,145.68
P01801,Cricket Bat 001,Sports,Cricket Bat,Vertex,346.77,420.66
P01802,Cricket Bat 002,Sports,Cricket Bat,Orion,592.68,1005.65
P01803,Cricket Bat 003,Sports,Cricket Bat,Core,593.72,852.89
P01804,Cricket Bat 004,Sports,Cricket Bat,Urban,446.41,731.81
P01805,Cricket Bat 005,Sports,Cricket Bat,Zenith,519.87,681.66
P01806,Cricket Bat 006,Sports,Cricket Bat,Viva,463.07,679.5
P01807,Cricket Bat 007,Sports,Cricket Bat,Prime,557.94,803.89
P01808,Cricket Bat 008,Sports,Cricket Bat,Apex,372.46,576.77
P01809,Football 001,Sports,Football,Elite,592.42,788.14
P01810,Football 002,Sports,Football,Nova,525.85,827.99
P01811,Football 003,Sports,Football,Vertex,513.92,825.36
P01812,Football 004,Sports,Football,Orion,545.44,656.13
P01813,Football 005,Sports,Football,Core,504.17,791.29
P01814,Football 006,Sports,Football,Urban,530.98,832.11
P01815,Football 007,Sports,Football,Zenith,518.64,829.12
P01816,Football 008,Sports,Football,Viva,361.67,586.28
P01817,Yoga Mat 001,Sports,Yoga Mat,Prime,443.24,545.98
P01818,Yoga Mat 002,Sports,Yoga Mat,Apex,381.42,490.24
P01819,Yoga Mat 003,Sports,Yoga Mat,Elite,453.54,738.39
P01820,Yoga Mat 004,Sports,Yoga Mat,Nova,460.32,669.58
P01821,Yoga Mat 005,Sports,Yoga Mat,Vertex,349.11,434.82
P01822,Yoga Mat 006,Sports,Yoga Mat,Orion,338.72,505.75
P01823,Yoga Mat 007,Sports,Yoga Mat,Core,546.99,893.27
P01824,Yoga Mat 008,Sports,Yoga Mat,Urban,436.97,535.84
P01825,Badminton Racket 001,Sports,Badminton Racket,Zenith,349.06,459.76
P01826,Badminton Racket 002,Sports,Badminton Racket,Viva,496.4,734.04
P01827,Badminton Racket 003,Sports,Badminton Racket,Prime,415.92,688.79
P01828,Badminton Racket 004,Sports,Badminton Racket,Apex,475.62,775.11
P01829,Badminton Racket 005,Sports,Badminton Racket,Elite,432.09,590.07
P01830,Badminton Racket 006,Sports,Badminton Racket,Nova,425.65,620.41
P01831,Badminton Racket 007,Sports,Badminton Racket,Vertex,427.61,685.95
P01832,Badminton Racket 008,Sports,Badminton Racket,Orion,619.83,768.96
P01833,Dumbbells 001,Sports,Dumbbells,Core,545.93,648.9
P01834,Dumbbells 002,Sports,Dumbbells,Urban,534.09,787.73
P01835,Dumbbells 003,Sports,Dumbbells,Zenith,524.44,621.55
P01836,Dumbbells 004,Sports,Dumbbells,Viva,604.12,1016.68
P01837,Dumbbells 005,Sports,Dumbbells,Prime,383.39,644.35
P01838,Dumbbells 006,Sports,Dumbbells,Apex,529.41,813.8
P01839,Dumbbells 007,Sports,Dumbbells,Elite,453.3,694.0
P01840,Dumbbells 008,Sports,Dumbbells,Nova,472.66,539.1
P01841,Business Book 001,Books,Business Book,Vertex,246.9,355.6
P01842,Business Book 002,Books,Business Book,Orion,156.74,244.64
P01843,Business Book 003,Books,Business Book,Core,239.5,307.7
P01844,Business Book 004,Books,Business Book,Urban,155.71,193.34
P01845,Business Book 005,Books,Business Book,Zenith,151.53,192.65
P01846,Business Book 006,Books,Business Book,Viva,216.7,289.6
P01847,Business Book 007,Books,Business Book,Prime,142.69,224.58
P01848,Business Book 008,Books,Business Book,Apex,175.86,238.63
P01849,Technology Book 001,Books,Technology Book,Elite,166.87,192.26
P01850,Technology Book 002,Books,Technology Book,Nova,248.66,385.39
P01851,Technology Book 003,Books,Technology Book,Vertex,143.98,233.45
P01852,Technology Book 004,Books,Technology Book,Orion,189.99,226.69
P01853,Technology Book 005,Books,Technology Book,Core,205.02,307.06
P01854,Technology Book 006,Books,Technology Book,Urban,230.08,352.17
P01855,Technology Book 007,Books,Technology Book,Zenith,183.85,231.45
P01856,Technology Book 008,Books,Technology Book,Viva,228.37,280.23
P01857,Fiction Book 001,Books,Fiction Book,Prime,191.54,245.31
P01858,Fiction Book 002,Books,Fiction Book,Apex,143.07,178.4
P01859,Fiction Book 003,Books,Fiction Book,Elite,192.43,215.55
P01860,Fiction Book 004,Books,Fiction Book,Nova,171.95,254.69
P01861,Fiction Book 005,Books,Fiction Book,Vertex,223.76,380.34
P01862,Fiction Book 006,Books,Fiction Book,Orion,153.86,210.9
P01863,Fiction Book 007,Books,Fiction Book,Core,185.84,250.39
P01864,Fiction Book 008,Books,Fiction Book,Urban,241.1,286.9
P01865,Exam Preparation Book 001,Books,Exam Preparation Book,Zenith,245.3,292.43
P01866,Exam Preparation Book 002,Books,Exam Preparation Book,Viva,194.81,230.01
P01867,Exam Preparation Book 003,Books,Exam Preparation Book,Prime,152.62,202.27
P01868,Exam Preparation Book 004,Books,Exam Preparation Book,Apex,200.23,257.4
P01869,Exam Preparation Book 005,Books,Exam Preparation Book,Elite,256.28,413.04
P01870,Exam Preparation Book 006,Books,Exam Preparation Book,Nova,158.75,211.98
P01871,Exam Preparation Book 007,Books,Exam Preparation Book,Vertex,155.33,238.7
P01872,Exam Preparation Book 008,Books,Exam Preparation Book,Orion,257.57,370.74
P01873,Self Help Book 001,Books,Self Help Book,Core,240.32,279.22
P01874,Self Help Book 002,Books,Self Help Book,Urban,235.43,309.53
P01875,Self Help Book 003,Books,Self Help Book,Zenith,250.73,331.2
P01876,Self Help Book 004,Books,Self Help Book,Viva,186.95,266.39
P01877,Self Help Book 005,Books,Self Help Book,Prime,232.5,328.72
P01878,Self Help Book 006,Books,Self Help Book,Apex,239.34,300.38
P01879,Self Help Book 007,Books,Self Help Book,Elite,215.6,321.45
P01880,Self Help Book 008,Books,Self Help Book,Nova,167.86,251.9
P01881,Board Game 001,Toys,Board Game,Vertex,296.7,371.0
P01882,Board Game 002,Toys,Board Game,Orion,396.92,672.19
P01883,Board Game 003,Toys,Board Game,Core,293.64,424.31
P01884,Board Game 004,Toys,Board Game,Urban,330.45,544.98
P01885,Board Game 005,Toys,Board Game,Zenith,269.5,338.03
P01886,Board Game 006,Toys,Board Game,Viva,221.13,305.04
P01887,Board Game 007,Toys,Board Game,Prime,336.65,480.67
P01888,Board Game 008,Toys,Board Game,Apex,306.57,423.13
P01889,Remote Car 001,Toys,Remote Car,Elite,251.26,397.24
P01890,Remote Car 002,Toys,Remote Car,Nova,234.44,327.25
P01891,Remote Car 003,Toys,Remote Car,Vertex,418.0,486.26
P01892,Remote Car 004,Toys,Remote Car,Orion,272.93,428.32
P01893,Remote Car 005,Toys,Remote Car,Core,343.33,433.46
P01894,Remote Car 006,Toys,Remote Car,Urban,386.6,483.41
P01895,Remote Car 007,Toys,Remote Car,Zenith,388.76,512.88
P01896,Remote Car 008,Toys,Remote Car,Viva,242.98,277.97
P01897,Puzzle 001,Toys,Puzzle,Prime,272.01,387.07
P01898,Puzzle 002,Toys,Puzzle,Apex,290.62,364.03
P01899,Puzzle 003,Toys,Puzzle,Elite,221.4,287.94
P01900,Puzzle 004,Toys,Puzzle,Nova,411.57,627.27
P01901,Puzzle 005,Toys,Puzzle,Vertex,223.93,363.23
P01902,Puzzle 006,Toys,Puzzle,Orion,295.52,458.15
P01903,Puzzle 007,Toys,Puzzle,Core,395.53,670.08
P01904,Puzzle 008,Toys,Puzzle,Urban,361.92,611.37
P01905,Building Blocks 001,Toys,Building Blocks,Zenith,395.41,547.35
P01906,Building Blocks 002,Toys,Building Blocks,Viva,258.83,385.45
P01907,Building Blocks 003,Toys,Building Blocks,Prime,262.14,347.75
P01908,Building Blocks 004,Toys,Building Blocks,Apex,302.73,490.82
P01909,Building Blocks 005,Toys,Building Blocks,Elite,235.97,314.54
P01910,Building Blocks 006,Toys,Building Blocks,Nova,256.24,351.67
P01911,Building Blocks 007,Toys,Building Blocks,Vertex,261.59,335.53
P01912,Building Blocks 008,Toys,Building Blocks,Orion,336.17,548.55
P01913,Educational Toy 001,Toys,Educational Toy,Core,303.32,500.05
P01914,Educational Toy 002,Toys,Educational Toy,Urban,414.76,530.56
P01915,Educational Toy 003,Toys,Educational Toy,Zenith,335.58,512.04
P01916,Educational Toy 004,Toys,Educational Toy,Viva,406.49,565.14
P01917,Educational Toy 005,Toys,Educational Toy,Prime,282.48,413.81
P01918,Educational Toy 006,Toys,Educational Toy,Apex,297.83,413.16
P01919,Educational Toy 007,Toys,Educational Toy,Elite,332.64,407.06
P01920,Educational Toy 008,Toys,Educational Toy,Nova,309.48,501.4
P01921,LED TV 001,Electronics,LED TV,Vertex,1573.79,2588.93
P01922,LED TV 002,Electronics,LED TV,Orion,1002.88,1485.28
P01923,LED TV 003,Electronics,LED TV,Core,907.04,1156.04
P01924,LED TV 004,Electronics,LED TV,Urban,1189.57,1642.61
P01925,LED TV 005,Electronics,LED TV,Zenith,1531.93,2473.97
P01926,LED TV 006,Electronics,LED TV,Viva,1472.05,2323.27
P01927,LED TV 007,Electronics,LED TV,Prime,1398.95,2067.85
P01928,LED TV 008,Electronics,LED TV,Apex,1118.57,1257.7
P01929,Bluetooth Speaker 001,Electronics,Bluetooth Speaker,Elite,914.19,1045.8
P01930,Bluetooth Speaker 002,Electronics,Bluetooth Speaker,Nova,1441.92,2031.94
P01931,Bluetooth Speaker 003,Electronics,Bluetooth Speaker,Vertex,1346.11,1679.04
P01932,Bluetooth Speaker 004,Electronics,Bluetooth Speaker,Orion,878.91,1222.93
P01933,Bluetooth Speaker 005,Electronics,Bluetooth Speaker,Core,876.45,1186.74
P01934,Bluetooth Speaker 006,Electronics,Bluetooth Speaker,Urban,1039.41,1305.91
P01935,Bluetooth Speaker 007,Electronics,Bluetooth Speaker,Zenith,1090.17,1573.77
P01936,Bluetooth Speaker 008,Electronics,Bluetooth Speaker,Viva,1006.66,1584.38
P01937,Wireless Headphones 001,Electronics,Wireless Headphones,Prime,1054.48,1617.76
P01938,Wireless Headphones 002,Electronics,Wireless Headphones,Apex,1476.84,1843.35
P01939,Wireless Headphones 003,Electronics,Wireless Headphones,Elite,1279.63,1754.4
P01940,Wireless Headphones 004,Electronics,Wireless Headphones,Nova,1142.32,1885.19
P01941,Wireless Headphones 005,Electronics,Wireless Headphones,Vertex,1209.14,1643.73
P01942,Wireless Headphones 006,Electronics,Wireless Headphones,Orion,1349.24,2028.19
P01943,Wireless Headphones 007,Electronics,Wireless Headphones,Core,1417.4,1757.7
P01944,Wireless Headphones 008,Electronics,Wireless Headphones,Urban,1537.57,1914.97
P01945,Smart Watch 001,Electronics,Smart Watch,Zenith,934.87,1371.58
P01946,Smart Watch 002,Electronics,Smart Watch,Viva,1349.27,1694.45
P01947,Smart Watch 003,Electronics,Smart Watch,Prime,1274.94,1621.63
P01948,Smart Watch 004,Electronics,Smart Watch,Apex,1172.67,1971.22
P01949,Smart Watch 005,Electronics,Smart Watch,Elite,1246.57,1754.18
P01950,Smart Watch 006,Electronics,Smart Watch,Nova,1409.99,2204.67
P01951,Smart Watch 007,Electronics,Smart Watch,Vertex,1406.95,1888.35
P01952,Smart Watch 008,Electronics,Smart Watch,Orion,1366.62,2065.1
P01953,Digital Camera 001,Electronics,Digital Camera,Core,883.65,1133.89
P01954,Digital Camera 002,Electronics,Digital Camera,Urban,1341.28,2074.57
P01955,Digital Camera 003,Electronics,Digital Camera,Zenith,858.13,1004.47
P01956,Digital Camera 004,Electronics,Digital Camera,Viva,1196.13,1672.24
P01957,Digital Camera 005,Electronics,Digital Camera,Prime,890.08,1116.1
P01958,Digital Camera 006,Electronics,Digital Camera,Apex,1114.46,1393.22
P01959,Digital Camera 007,Electronics,Digital Camera,Elite,973.31,1528.29
P01960,Digital Camera 008,Electronics,Digital Camera,Nova,952.02,1462.86
P01961,Smartphone 001,Mobile & Accessories,Smartphone,Vertex,313.07,370.4
P01962,Smartphone 002,Mobile & Accessories,Smartphone,Orion,425.02,670.35
P01963,Smartphone 003,Mobile & Accessories,Smartphone,Core,381.4,487.73
P01964,Smartphone 004,Mobile & Accessories,Smartphone,Urban,499.23,823.96
P01965,Smartphone 005,Mobile & Accessories,Smartphone,Zenith,288.9,380.28
P01966,Smartphone 006,Mobile & Accessories,Smartphone,Viva,413.55,536.09
P01967,Smartphone 007,Mobile & Accessories,Smartphone,Prime,488.83,717.89
P01968,Smartphone 008,Mobile & Accessories,Smartphone,Apex,317.01,474.09
P01969,Power Bank 001,Mobile & Accessories,Power Bank,Elite,323.11,524.38
P01970,Power Bank 002,Mobile & Accessories,Power Bank,Nova,408.25,544.01
P01971,Power Bank 003,Mobile & Accessories,Power Bank,Vertex,491.88,567.15
P01972,Power Bank 004,Mobile & Accessories,Power Bank,Orion,443.83,513.92
P01973,Power Bank 005,Mobile & Accessories,Power Bank,Core,522.79,628.52
P01974,Power Bank 006,Mobile & Accessories,Power Bank,Urban,468.7,630.44
P01975,Power Bank 007,Mobile & Accessories,Power Bank,Zenith,403.24,570.59
P01976,Power Bank 008,Mobile & Accessories,Power Bank,Viva,401.75,633.38
P01977,Phone Case 001,Mobile & Accessories,Phone Case,Prime,472.82,734.61
P01978,Phone Case 002,Mobile & Accessories,Phone Case,Apex,404.79,661.24
P01979,Phone Case 003,Mobile & Accessories,Phone Case,Elite,355.73,526.88
P01980,Phone Case 004,Mobile & Accessories,Phone Case,Nova,396.66,674.18
P01981,Phone Case 005,Mobile & Accessories,Phone Case,Vertex,425.53,574.12
P01982,Phone Case 006,Mobile & Accessories,Phone Case,Orion,489.29,758.94
P01983,Phone Case 007,Mobile & Accessories,Phone Case,Core,312.29,470.36
P01984,Phone Case 008,Mobile & Accessories,Phone Case,Urban,435.66,699.67
P01985,USB Cable 001,Mobile & Accessories,USB Cable,Zenith,465.71,665.01
P01986,USB Cable 002,Mobile & Accessories,USB Cable,Viva,395.78,494.01
P01987,USB Cable 003,Mobile & Accessories,USB Cable,Prime,404.14,643.96
P01988,USB Cable 004,Mobile & Accessories,USB Cable,Apex,436.49,517.56
P01989,USB Cable 005,Mobile & Accessories,USB Cable,Elite,351.54,437.9
P01990,USB Cable 006,Mobile & Accessories,USB Cable,Nova,434.91,530.72
P01991,USB Cable 007,Mobile & Accessories,USB Cable,Vertex,343.05,414.19
P01992,USB Cable 008,Mobile & Accessories,USB Cable,Orion,315.88,405.96
P01993,Fast Charger 001,Mobile & Accessories,Fast Charger,Core,466.09,561.79
P01994,Fast Charger 002,Mobile & Accessories,Fast Charger,Urban,449.11,734.65
P01995,Fast Charger 003,Mobile & Accessories,Fast Charger,Zenith,495.56,558.72
P01996,Fast Charger 004,Mobile & Accessories,Fast Charger,Viva,364.14,491.11
P01997,Fast Charger 005,Mobile & Accessories,Fast Charger,Prime,400.09,663.94
P01998,Fast Charger 006,Mobile & Accessories,Fast Charger,Apex,282.78,440.47
P01999,Fast Charger 007,Mobile & Accessories,Fast Charger,Elite,334.09,491.69
P02000,Fast Charger 008,Mobile & Accessories,Fast Charger,Nova,416.37,513.93
P02001,Laptop 001,Computers,Laptop,Vertex,1471.44,2201.3
P02002,Laptop 002,Computers,Laptop,Orion,1508.46,1709.59
P02003,Laptop 003,Computers,Laptop,Core,2411.4,2854.83
P02004,Laptop 004,Computers,Laptop,Urban,2543.4,3442.87
P02005,Laptop 005,Computers,Laptop,Zenith,2430.96,3921.31
P02006,Laptop 006,Computers,Laptop,Viva,1691.41,1978.93
P02007,Laptop 007,Computers,Laptop,Prime,1649.14,2558.76
P02008,Laptop 008,Computers,Laptop,Apex,2164.77,3402.08
P02009,Desktop PC 001,Computers,Desktop PC,Elite,1867.95,2836.77
P02010,Desktop PC 002,Computers,Desktop PC,Nova,2495.11,2953.5
P02011,Desktop PC 003,Computers,Desktop PC,Vertex,2120.99,2502.71
P02012,Desktop PC 004,Computers,Desktop PC,Orion,2559.78,3252.57
P02013,Desktop PC 005,Computers,Desktop PC,Core,1547.37,1745.98
P02014,Desktop PC 006,Computers,Desktop PC,Urban,2201.74,2878.37
P02015,Desktop PC 007,Computers,Desktop PC,Zenith,1850.92,2437.55
P02016,Desktop PC 008,Computers,Desktop PC,Viva,1926.22,2686.81
P02017,Monitor 001,Computers,Monitor,Prime,1577.72,2012.16
P02018,Monitor 002,Computers,Monitor,Apex,1539.29,2520.41
P02019,Monitor 003,Computers,Monitor,Elite,1729.92,2161.88
P02020,Monitor 004,Computers,Monitor,Nova,2579.31,2912.5
P02021,Monitor 005,Computers,Monitor,Vertex,2261.06,2566.62
P02022,Monitor 006,Computers,Monitor,Orion,2395.62,4052.14
P02023,Monitor 007,Computers,Monitor,Core,2562.0,4088.95
P02024,Monitor 008,Computers,Monitor,Urban,1556.09,2551.84
P02025,Keyboard 001,Computers,Keyboard,Zenith,1623.59,2573.99
P02026,Keyboard 002,Computers,Keyboard,Viva,2572.0,3499.72
P02027,Keyboard 003,Computers,Keyboard,Prime,1462.71,2152.63
P02028,Keyboard 004,Computers,Keyboard,Apex,2530.61,3768.19
P02029,Keyboard 005,Computers,Keyboard,Elite,1638.03,2067.11
P02030,Keyboard 006,Computers,Keyboard,Nova,2449.64,3109.04
P02031,Keyboard 007,Computers,Keyboard,Vertex,2576.12,4008.49
P02032,Keyboard 008,Computers,Keyboard,Orion,2403.73,3310.44
P02033,Mouse 001,Computers,Mouse,Core,2462.71,2852.57
P02034,Mouse 002,Computers,Mouse,Urban,2452.77,2873.65
P02035,Mouse 003,Computers,Mouse,Zenith,2180.6,2936.44
P02036,Mouse 004,Computers,Mouse,Viva,2475.98,2967.83
P02037,Mouse 005,Computers,Mouse,Prime,1897.69,2292.33
P02038,Mouse 006,Computers,Mouse,Apex,2061.86,3156.43
P02039,Mouse 007,Computers,Mouse,Elite,1930.81,3207.87
P02040,Mouse 008,Computers,Mouse,Nova,2262.28,2588.74
P02041,Refrigerator 001,Home Appliances,Refrigerator,Vertex,2503.28,3399.08
P02042,Refrigerator 002,Home Appliances,Refrigerator,Orion,3283.78,4463.93
P02043,Refrigerator 003,Home Appliances,Refrigerator,Core,2328.01,3511.11
P02044,Refrigerator 004,Home Appliances,Refrigerator,Urban,3477.23,5188.32
P02045,Refrigerator 005,Home Appliances,Refrigerator,Zenith,2697.04,3945.98
P02046,Refrigerator 006,Home Appliances,Refrigerator,Viva,1926.96,2981.14
P02047,Refrigerator 007,Home Appliances,Refrigerator,Prime,2931.74,4053.02
P02048,Refrigerator 008,Home Appliances,Refrigerator,Apex,2356.34,3539.62
P02049,Washing Machine 001,Home Appliances,Washing Machine,Elite,2490.81,3590.15
P02050,Washing Machine 002,Home Appliances,Washing Machine,Nova,2370.44,2657.2
P02051,Washing Machine 003,Home Appliances,Washing Machine,Vertex,2336.56,3658.15
P02052,Washing Machine 004,Home Appliances,Washing Machine,Orion,2571.61,3580.31
P02053,Washing Machine 005,Home Appliances,Washing Machine,Core,2524.02,3620.4
P02054,Washing Machine 006,Home Appliances,Washing Machine,Urban,2674.79,3014.5
P02055,Washing Machine 007,Home Appliances,Washing Machine,Zenith,2975.85,4117.07
P02056,Washing Machine 008,Home Appliances,Washing Machine,Viva,2558.69,3182.72
P02057,Microwave Oven 001,Home Appliances,Microwave Oven,Prime,3252.65,5046.65
P02058,Microwave Oven 002,Home Appliances,Microwave Oven,Apex,2780.95,4093.99
P02059,Microwave Oven 003,Home Appliances,Microwave Oven,Elite,2881.26,3689.79
P02060,Microwave Oven 004,Home Appliances,Microwave Oven,Nova,3241.54,4001.29
P02061,Microwave Oven 005,Home Appliances,Microwave Oven,Vertex,3583.77,6048.34
P02062,Microwave Oven 006,Home Appliances,Microwave Oven,Orion,2686.67,3562.91
P02063,Microwave Oven 007,Home Appliances,Microwave Oven,Core,2563.33,3762.37
P02064,Microwave Oven 008,Home Appliances,Microwave Oven,Urban,2509.16,3047.06
P02065,Air Conditioner 001,Home Appliances,Air Conditioner,Zenith,2412.16,2774.21
P02066,Air Conditioner 002,Home Appliances,Air Conditioner,Viva,2424.22,3102.07
P02067,Air Conditioner 003,Home Appliances,Air Conditioner,Prime,3184.28,4533.5
P02068,Air Conditioner 004,Home Appliances,Air Conditioner,Apex,2974.45,4954.83
P02069,Air Conditioner 005,Home Appliances,Air Conditioner,Elite,2324.08,2966.82
P02070,Air Conditioner 006,Home Appliances,Air Conditioner,Nova,3114.6,4242.45
P02071,Air Conditioner 007,Home Appliances,Air Conditioner,Vertex,3349.37,5551.12
P02072,Air Conditioner 008,Home Appliances,Air Conditioner,Orion,3269.97,4357.82
P02073,Mixer Grinder 001,Home Appliances,Mixer Grinder,Core,2523.57,3509.23
P02074,Mixer Grinder 002,Home Appliances,Mixer Grinder,Urban,2913.38,4142.07
P02075,Mixer Grinder 003,Home Appliances,Mixer Grinder,Zenith,2808.01,4732.25
P02076,Mixer Grinder 004,Home Appliances,Mixer Grinder,Viva,2373.28,3368.49
P02077,Mixer Grinder 005,Home Appliances,Mixer Grinder,Prime,2356.02,3386.06
P02078,Mixer Grinder 006,Home Appliances,Mixer Grinder,Apex,3122.49,3917.04
P02079,Mixer Grinder 007,Home Appliances,Mixer Grinder,Elite,2221.45,2828.5
P02080,Mixer Grinder 008,Home Appliances,Mixer Grinder,Nova,2684.67,4261.45
P02081,Office Chair 001,Furniture,Office Chair,Vertex,2514.14,3073.3
P02082,Office Chair 002,Furniture,Office Chair,Orion,1727.3,2489.72
P02083,Office Chair 003,Furniture,Office Chair,Core,2038.24,2613.88
P02084,Office Chair 004,Furniture,Office Chair,Urban,1832.99,2244.97
P02085,Office Chair 005,Furniture,Office Chair,Zenith,2149.53,2702.84
P02086,Office Chair 006,Furniture,Office Chair,Viva,2496.32,3839.54
P02087,Office Chair 007,Furniture,Office Chair,Prime,2219.46,3044.11
P02088,Office Chair 008,Furniture,Office Chair,Apex,2265.25,3010.87
P02089,Study Table 001,Furniture,Study Table,Elite,2179.34,2948.08
P02090,Study Table 002,Furniture,Study Table,Nova,1921.38,2207.94
P02091,Study Table 003,Furniture,Study Table,Vertex,1646.06,2193.44
P02092,Study Table 004,Furniture,Study Table,Orion,2106.8,3095.82
P02093,Study Table 005,Furniture,Study Table,Core,1531.47,2320.12
P02094,Study Table 006,Furniture,Study Table,Urban,1674.34,2291.64
P02095,Study Table 007,Furniture,Study Table,Zenith,2368.48,3065.3
P02096,Study Table 008,Furniture,Study Table,Viva,2116.83,3320.63
P02097,Sofa 001,Furniture,Sofa,Prime,2257.54,3003.64
P02098,Sofa 002,Furniture,Sofa,Apex,2339.83,2636.54
P02099,Sofa 003,Furniture,Sofa,Elite,2263.47,2744.38
P02100,Sofa 004,Furniture,Sofa,Nova,1593.13,1903.02
P02101,Sofa 005,Furniture,Sofa,Vertex,2202.34,3559.31
P02102,Sofa 006,Furniture,Sofa,Orion,1671.72,2280.32
P02103,Sofa 007,Furniture,Sofa,Core,1795.01,2607.19
P02104,Sofa 008,Furniture,Sofa,Urban,1847.67,2243.7
P02105,Bookshelf 001,Furniture,Bookshelf,Zenith,2361.58,3331.7
P02106,Bookshelf 002,Furniture,Bookshelf,Viva,1814.39,2829.35
P02107,Bookshelf 003,Furniture,Bookshelf,Prime,1969.21,3227.29
P02108,Bookshelf 004,Furniture,Bookshelf,Apex,1857.68,2502.64
P02109,Bookshelf 005,Furniture,Bookshelf,Elite,1824.64,2195.6
P02110,Bookshelf 006,Furniture,Bookshelf,Nova,1417.52,1886.94
P02111,Bookshelf 007,Furniture,Bookshelf,Vertex,2447.59,2817.73
P02112,Bookshelf 008,Furniture,Bookshelf,Orion,1766.78,2094.14
P02113,Bed 001,Furniture,Bed,Core,2525.24,3015.7
P02114,Bed 002,Furniture,Bed,Urban,1823.87,2799.42
P02115,Bed 003,Furniture,Bed,Zenith,1869.6,2836.25
P02116,Bed 004,Furniture,Bed,Viva,1592.87,2067.54
P02117,Bed 005,Furniture,Bed,Prime,2600.28,3922.6
P02118,Bed 006,Furniture,Bed,Apex,2122.02,2530.58
P02119,Bed 007,Furniture,Bed,Elite,1967.12,2282.7
P02120,Bed 008,Furniture,Bed,Nova,2096.43,3219.38
P02121,T-Shirt 001,Clothing,T-Shirt,Vertex,502.45,663.0
P02122,T-Shirt 002,Clothing,T-Shirt,Orion,280.29,471.31
P02123,T-Shirt 003,Clothing,T-Shirt,Core,412.28,527.77
P02124,T-Shirt 004,Clothing,T-Shirt,Urban,514.78,857.52
P02125,T-Shirt 005,Clothing,T-Shirt,Zenith,478.59,658.23
P02126,T-Shirt 006,Clothing,T-Shirt,Viva,499.26,814.3
P02127,T-Shirt 007,Clothing,T-Shirt,Prime,298.99,477.07
P02128,T-Shirt 008,Clothing,T-Shirt,Apex,347.74,512.1
P02129,Jeans 001,Clothing,Jeans,Elite,486.02,548.23
P02130,Jeans 002,Clothing,Jeans,Nova,463.9,592.49
P02131,Jeans 003,Clothing,Jeans,Vertex,313.6,360.04
P02132,Jeans 004,Clothing,Jeans,Orion,306.55,437.65
P02133,Jeans 005,Clothing,Jeans,Core,392.13,656.08
P02134,Jeans 006,Clothing,Jeans,Urban,353.09,480.83
P02135,Jeans 007,Clothing,Jeans,Zenith,393.07,521.7
P02136,Jeans 008,Clothing,Jeans,Viva,461.49,768.13
P02137,Shirt 001,Clothing,Shirt,Prime,485.04,683.93
P02138,Shirt 002,Clothing,Shirt,Apex,386.46,559.07
P02139,Shirt 003,Clothing,Shirt,Elite,516.38,672.99
P02140,Shirt 004,Clothing,Shirt,Nova,351.25,506.16
P02141,Shirt 005,Clothing,Shirt,Vertex,311.34,496.45
P02142,Shirt 006,Clothing,Shirt,Orion,350.04,395.27
P02143,Shirt 007,Clothing,Shirt,Core,297.48,441.9
P02144,Shirt 008,Clothing,Shirt,Urban,503.06,571.68
P02145,Jacket 001,Clothing,Jacket,Zenith,320.68,484.14
P02146,Jacket 002,Clothing,Jacket,Viva,419.72,557.54
P02147,Jacket 003,Clothing,Jacket,Prime,434.94,524.05
P02148,Jacket 004,Clothing,Jacket,Apex,504.24,772.16
P02149,Jacket 005,Clothing,Jacket,Elite,298.68,365.18
P02150,Jacket 006,Clothing,Jacket,Nova,482.18,604.19
P02151,Jacket 007,Clothing,Jacket,Vertex,297.07,360.36
P02152,Jacket 008,Clothing,Jacket,Orion,339.99,552.01
P02153,Kurta 001,Clothing,Kurta,Core,467.91,752.41
P02154,Kurta 002,Clothing,Kurta,Urban,487.0,613.67
P02155,Kurta 003,Clothing,Kurta,Zenith,369.28,530.42
P02156,Kurta 004,Clothing,Kurta,Viva,472.44,561.73
P02157,Kurta 005,Clothing,Kurta,Prime,494.88,760.71
P02158,Kurta 006,Clothing,Kurta,Apex,429.43,527.08
P02159,Kurta 007,Clothing,Kurta,Elite,444.47,532.41
P02160,Kurta 008,Clothing,Kurta,Nova,275.4,338.89
P02161,Running Shoes 001,Shoes,Running Shoes,Vertex,404.43,600.72
P02162,Running Shoes 002,Shoes,Running Shoes,Orion,662.1,1093.55
P02163,Running Shoes 003,Shoes,Running Shoes,Core,557.5,777.22
P02164,Running Shoes 004,Shoes,Running Shoes,Urban,434.45,651.32
P02165,Running Shoes 005,Shoes,Running Shoes,Zenith,551.49,689.56
P02166,Running Shoes 006,Shoes,Running Shoes,Viva,401.98,670.65
P02167,Running Shoes 007,Shoes,Running Shoes,Prime,647.05,1062.82
P02168,Running Shoes 008,Shoes,Running Shoes,Apex,561.97,953.87
P02169,Casual Shoes 001,Shoes,Casual Shoes,Elite,677.65,769.07
P02170,Casual Shoes 002,Shoes,Casual Shoes,Nova,691.02,1086.51
P02171,Casual Shoes 003,Shoes,Casual Shoes,Vertex,518.84,867.25
P02172,Casual Shoes 004,Shoes,Casual Shoes,Orion,654.53,932.52
P02173,Casual Shoes 005,Shoes,Casual Shoes,Core,684.55,1061.76
P02174,Casual Shoes 006,Shoes,Casual Shoes,Urban,504.22,666.32
P02175,Casual Shoes 007,Shoes,Casual Shoes,Zenith,421.64,641.95
P02176,Casual Shoes 008,Shoes,Casual Shoes,Viva,710.57,907.78
P02177,Formal Shoes 001,Shoes,Formal Shoes,Prime,443.71,673.67
P02178,Formal Shoes 002,Shoes,Formal Shoes,Apex,622.8,851.33
P02179,Formal Shoes 003,Shoes,Formal Shoes,Elite,487.04,591.33
P02180,Formal Shoes 004,Shoes,Formal Shoes,Nova,706.8,895.74
P02181,Formal Shoes 005,Shoes,Formal Shoes,Vertex,552.83,808.71
P02182,Formal Shoes 006,Shoes,Formal Shoes,Orion,525.59,589.36
P02183,Formal Shoes 007,Shoes,Formal Shoes,Core,541.83,684.0
P02184,Formal Shoes 008,Shoes,Formal Shoes,Urban,587.91,843.61
P02185,Sandals 001,Shoes,Sandals,Zenith,430.45,493.14
P02186,Sandals 002,Shoes,Sandals,Viva,408.81,494.7
P02187,Sandals 003,Shoes,Sandals,Prime,390.36,459.23
P02188,Sandals 004,Shoes,Sandals,Apex,464.98,572.03
P02189,Sandals 005,Shoes,Sandals,Elite,702.21,1118.38
P02190,Sandals 006,Shoes,Sandals,Nova,434.12,719.67
P02191,Sandals 007,Shoes,Sandals,Vertex,653.08,1012.63
P02192,Sandals 008,Shoes,Sandals,Orion,695.42,1086.71
P02193,Sports Shoes 001,Shoes,Sports Shoes,Core,537.77,812.56
P02194,Sports Shoes 002,Shoes,Sports Shoes,Urban,398.41,487.91
P02195,Sports Shoes 003,Shoes,Sports Shoes,Zenith,578.63,723.15
P02196,Sports Shoes 004,Shoes,Sports Shoes,Viva,697.51,928.29
P02197,Sports Shoes 005,Shoes,Sports Shoes,Prime,490.81,744.63
P02198,Sports Shoes 006,Shoes,Sports Shoes,Apex,524.74,831.06
P02199,Sports Shoes 007,Shoes,Sports Shoes,Elite,632.53,945.54
P02200,Sports Shoes 008,Shoes,Sports Shoes,Nova,598.98,990.69
P02201,Face Wash 001,Beauty & Personal Care,Face Wash,Vertex,297.24,393.94
P02202,Face Wash 002,Beauty & Personal Care,Face Wash,Orion,313.78,517.78
P02203,Face Wash 003,Beauty & Personal Care,Face Wash,Core,261.04,438.0
P02204,Face Wash 004,Beauty & Personal Care,Face Wash,Urban,170.54,218.52
P02205,Face Wash 005,Beauty & Personal Care,Face Wash,Zenith,193.7,300.24
P02206,Face Wash 006,Beauty & Personal Care,Face Wash,Viva,244.09,311.39
P02207,Face Wash 007,Beauty & Personal Care,Face Wash,Prime,278.69,317.15
P02208,Face Wash 008,Beauty & Personal Care,Face Wash,Apex,278.69,430.65
P02209,Shampoo 001,Beauty & Personal Care,Shampoo,Elite,256.58,356.3
P02210,Shampoo 002,Beauty & Personal Care,Shampoo,Nova,243.8,402.39
P02211,Shampoo 003,Beauty & Personal Care,Shampoo,Vertex,223.59,278.75
P02212,Shampoo 004,Beauty & Personal Care,Shampoo,Orion,194.71,237.44
P02213,Shampoo 005,Beauty & Personal Care,Shampoo,Core,279.02,313.86
P02214,Shampoo 006,Beauty & Personal Care,Shampoo,Urban,294.21,491.07
P02215,Shampoo 007,Beauty & Personal Care,Shampoo,Zenith,282.77,369.21
P02216,Shampoo 008,Beauty & Personal Care,Shampoo,Viva,212.96,262.32
P02217,Perfume 001,Beauty & Personal Care,Perfume,Prime,281.97,376.85
P02218,Perfume 002,Beauty & Personal Care,Perfume,Apex,305.2,423.93
P02219,Perfume 003,Beauty & Personal Care,Perfume,Elite,194.47,247.96
P02220,Perfume 004,Beauty & Personal Care,Perfume,Nova,238.73,372.69
P02221,Perfume 005,Beauty & Personal Care,Perfume,Vertex,196.41,250.36
P02222,Perfume 006,Beauty & Personal Care,Perfume,Orion,253.34,418.09
P02223,Perfume 007,Beauty & Personal Care,Perfume,Core,293.58,397.85
P02224,Perfume 008,Beauty & Personal Care,Perfume,Urban,301.09,505.48
P02225,Skin Cream 001,Beauty & Personal Care,Skin Cream,Zenith,221.7,260.01
P02226,Skin Cream 002,Beauty & Personal Care,Skin Cream,Viva,230.06,320.96
P02227,Skin Cream 003,Beauty & Personal Care,Skin Cream,Prime,181.29,290.01
P02228,Skin Cream 004,Beauty & Personal Care,Skin Cream,Apex,211.97,309.36
P02229,Skin Cream 005,Beauty & Personal Care,Skin Cream,Elite,178.75,285.89
P02230,Skin Cream 006,Beauty & Personal Care,Skin Cream,Nova,235.73,395.5
P02231,Skin Cream 007,Beauty & Personal Care,Skin Cream,Vertex,305.75,442.07
P02232,Skin Cream 008,Beauty & Personal Care,Skin Cream,Orion,299.19,503.77
P02233,Hair Dryer 001,Beauty & Personal Care,Hair Dryer,Core,195.05,270.77
P02234,Hair Dryer 002,Beauty & Personal Care,Hair Dryer,Urban,185.07,210.6
P02235,Hair Dryer 003,Beauty & Personal Care,Hair Dryer,Zenith,300.01,376.56
P02236,Hair Dryer 004,Beauty & Personal Care,Hair Dryer,Viva,175.23,274.73
P02237,Hair Dryer 005,Beauty & Personal Care,Hair Dryer,Prime,195.97,278.0
P02238,Hair Dryer 006,Beauty & Personal Care,Hair Dryer,Apex,297.01,383.34
P02239,Hair Dryer 007,Beauty & Personal Care,Hair Dryer,Elite,311.41,426.18
P02240,Hair Dryer 008,Beauty & Personal Care,Hair Dryer,Nova,218.66,350.19
P02241,Rice 001,Grocery,Rice,Vertex,110.17,125.59
P02242,Rice 002,Grocery,Rice,Orion,145.31,171.36
P02243,Rice 003,Grocery,Rice,Core,141.28,165.15
P02244,Rice 004,Grocery,Rice,Urban,130.21,199.19
P02245,Rice 005,Grocery,Rice,Zenith,155.33,240.55
P02246,Rice 006,Grocery,Rice,Viva,83.64,106.26
P02247,Rice 007,Grocery,Rice,Prime,104.61,136.91
P02248,Rice 008,Grocery,Rice,Apex,127.14,182.64
P02249,Cooking Oil 001,Grocery,Cooking Oil,Elite,116.25,155.08
P02250,Cooking Oil 002,Grocery,Cooking Oil,Nova,103.47,119.02
P02251,Cooking Oil 003,Grocery,Cooking Oil,Vertex,91.17,110.94
P02252,Cooking Oil 004,Grocery,Cooking Oil,Orion,141.68,209.07
P02253,Cooking Oil 005,Grocery,Cooking Oil,Core,99.11,114.98
P02254,Cooking Oil 006,Grocery,Cooking Oil,Urban,104.37,164.02
P02255,Cooking Oil 007,Grocery,Cooking Oil,Zenith,94.35,127.73
P02256,Cooking Oil 008,Grocery,Cooking Oil,Viva,101.23,114.69
P02257,Tea 001,Grocery,Tea,Prime,125.39,205.6
P02258,Tea 002,Grocery,Tea,Apex,108.59,143.84
P02259,Tea 003,Grocery,Tea,Elite,128.58,157.15
P02260,Tea 004,Grocery,Tea,Nova,128.99,211.96
P02261,Tea 005,Grocery,Tea,Vertex,141.78,169.64
P02262,Tea 006,Grocery,Tea,Orion,119.51,155.27
P02263,Tea 007,Grocery,Tea,Core,104.86,166.54
P02264,Tea 008,Grocery,Tea,Urban,138.59,220.35
P02265,Coffee 001,Grocery,Coffee,Zenith,156.82,189.67
P02266,Coffee 002,Grocery,Coffee,Viva,113.99,151.38
P02267,Coffee 003,Grocery,Coffee,Prime,140.54,186.23
P02268,Coffee 004,Grocery,Coffee,Apex,116.99,162.29
P02269,Coffee 005,Grocery,Coffee,Elite,83.48,103.83
P02270,Coffee 006,Grocery,Coffee,Nova,142.48,201.41
P02271,Coffee 007,Grocery,Coffee,Vertex,108.81,166.22
P02272,Coffee 008,Grocery,Coffee,Orion,150.5,232.32
P02273,Packaged Snacks 001,Grocery,Packaged Snacks,Core,104.5,126.54
P02274,Packaged Snacks 002,Grocery,Packaged Snacks,Urban,156.4,236.87
P02275,Packaged Snacks 003,Grocery,Packaged Snacks,Zenith,96.32,131.93
P02276,Packaged Snacks 004,Grocery,Packaged Snacks,Viva,108.76,131.46
P02277,Packaged Snacks 005,Grocery,Packaged Snacks,Prime,135.38,161.17
P02278,Packaged Snacks 006,Grocery,Packaged Snacks,Apex,143.53,183.79
P02279,Packaged Snacks 007,Grocery,Packaged Snacks,Elite,118.87,150.93
P02280,Packaged Snacks 008,Grocery,Packaged Snacks,Nova,101.89,140.94
P02281,Cricket Bat 001,Sports,Cricket Bat,Vertex,396.24,471.62
P02282,Cricket Bat 002,Sports,Cricket Bat,Orion,352.89,544.35
P02283,Cricket Bat 003,Sports,Cricket Bat,Core,594.93,768.55
P02284,Cricket Bat 004,Sports,Cricket Bat,Urban,573.9,833.28
P02285,Cricket Bat 005,Sports,Cricket Bat,Zenith,381.02,619.61
P02286,Cricket Bat 006,Sports,Cricket Bat,Viva,335.59,522.33
P02287,Cricket Bat 007,Sports,Cricket Bat,Prime,531.62,678.32
P02288,Cricket Bat 008,Sports,Cricket Bat,Apex,430.35,615.42
P02289,Football 001,Sports,Football,Elite,490.69,828.39
P02290,Football 002,Sports,Football,Nova,563.89,738.99
P02291,Football 003,Sports,Football,Vertex,503.92,572.16
P02292,Football 004,Sports,Football,Orion,508.54,806.46
P02293,Football 005,Sports,Football,Core,619.87,792.26
P02294,Football 006,Sports,Football,Urban,591.29,776.9
P02295,Football 007,Sports,Football,Zenith,457.31,738.14
P02296,Football 008,Sports,Football,Viva,599.59,882.37
P02297,Yoga Mat 001,Sports,Yoga Mat,Prime,538.71,642.59
P02298,Yoga Mat 002,Sports,Yoga Mat,Apex,467.66,551.71
P02299,Yoga Mat 003,Sports,Yoga Mat,Elite,465.06,719.54
P02300,Yoga Mat 004,Sports,Yoga Mat,Nova,498.41,814.89
P02301,Yoga Mat 005,Sports,Yoga Mat,Vertex,463.81,640.91
P02302,Yoga Mat 006,Sports,Yoga Mat,Orion,387.02,569.25
P02303,Yoga Mat 007,Sports,Yoga Mat,Core,595.32,810.71
P02304,Yoga Mat 008,Sports,Yoga Mat,Urban,417.38,495.76
P02305,Badminton Racket 001,Sports,Badminton Racket,Zenith,361.37,534.2
P02306,Badminton Racket 002,Sports,Badminton Racket,Viva,553.59,672.17
P02307,Badminton Racket 003,Sports,Badminton Racket,Prime,495.38,821.22
P02308,Badminton Racket 004,Sports,Badminton Racket,Apex,509.35,704.89
P02309,Badminton Racket 005,Sports,Badminton Racket,Elite,438.03,683.22
P02310,Badminton Racket 006,Sports,Badminton Racket,Nova,419.61,473.47
P02311,Badminton Racket 007,Sports,Badminton Racket,Vertex,604.95,812.72
P02312,Badminton Racket 008,Sports,Badminton Racket,Orion,360.78,446.85
P02313,Dumbbells 001,Sports,Dumbbells,Core,338.65,534.93
P02314,Dumbbells 002,Sports,Dumbbells,Urban,392.93,485.12
P02315,Dumbbells 003,Sports,Dumbbells,Zenith,415.92,587.84
P02316,Dumbbells 004,Sports,Dumbbells,Viva,535.6,603.18
P02317,Dumbbells 005,Sports,Dumbbells,Prime,557.91,886.38
P02318,Dumbbells 006,Sports,Dumbbells,Apex,531.72,728.05
P02319,Dumbbells 007,Sports,Dumbbells,Elite,432.14,558.21
P02320,Dumbbells 008,Sports,Dumbbells,Nova,439.42,529.6
P02321,Business Book 001,Books,Business Book,Vertex,254.05,408.51
P02322,Business Book 002,Books,Business Book,Orion,147.53,172.87
P02323,Business Book 003,Books,Business Book,Core,150.28,187.55
P02324,Business Book 004,Books,Business Book,Urban,155.8,255.57
P02325,Business Book 005,Books,Business Book,Zenith,239.9,317.08
P02326,Business Book 006,Books,Business Book,Viva,176.18,213.43
P02327,Business Book 007,Books,Business Book,Prime,146.41,222.36
P02328,Business Book 008,Books,Business Book,Apex,244.87,303.29
P02329,Technology Book 001,Books,Technology Book,Elite,148.84,220.49
P02330,Technology Book 002,Books,Technology Book,Nova,198.83,223.1
P02331,Technology Book 003,Books,Technology Book,Vertex,143.72,182.1
P02332,Technology Book 004,Books,Technology Book,Orion,148.47,172.9
P02333,Technology Book 005,Books,Technology Book,Core,162.08,216.08
P02334,Technology Book 006,Books,Technology Book,Urban,185.49,276.33
P02335,Technology Book 007,Books,Technology Book,Zenith,215.98,330.88
P02336,Technology Book 008,Books,Technology Book,Viva,208.56,240.88
P02337,Fiction Book 001,Books,Fiction Book,Prime,153.24,175.71
P02338,Fiction Book 002,Books,Fiction Book,Apex,138.98,195.62
P02339,Fiction Book 003,Books,Fiction Book,Elite,261.31,345.86
P02340,Fiction Book 004,Books,Fiction Book,Nova,140.4,193.0
P02341,Fiction Book 005,Books,Fiction Book,Vertex,138.99,230.25
P02342,Fiction Book 006,Books,Fiction Book,Orion,151.65,215.17
P02343,Fiction Book 007,Books,Fiction Book,Core,219.16,326.64
P02344,Fiction Book 008,Books,Fiction Book,Urban,164.35,268.8
P02345,Exam Preparation Book 001,Books,Exam Preparation Book,Zenith,156.52,243.97
P02346,Exam Preparation Book 002,Books,Exam Preparation Book,Viva,193.86,249.87
P02347,Exam Preparation Book 003,Books,Exam Preparation Book,Prime,218.8,279.29
P02348,Exam Preparation Book 004,Books,Exam Preparation Book,Apex,225.74,339.24
P02349,Exam Preparation Book 005,Books,Exam Preparation Book,Elite,163.3,201.42
P02350,Exam Preparation Book 006,Books,Exam Preparation Book,Nova,248.05,402.6
P02351,Exam Preparation Book 007,Books,Exam Preparation Book,Vertex,170.99,258.3
P02352,Exam Preparation Book 008,Books,Exam Preparation Book,Orion,220.93,321.76
P02353,Self Help Book 001,Books,Self Help Book,Core,236.22,334.48
P02354,Self Help Book 002,Books,Self Help Book,Urban,245.82,401.47
P02355,Self Help Book 003,Books,Self Help Book,Zenith,166.94,254.25
P02356,Self Help Book 004,Books,Self Help Book,Viva,161.51,230.17
P02357,Self Help Book 005,Books,Self Help Book,Prime,166.03,266.88
P02358,Self Help Book 006,Books,Self Help Book,Apex,234.96,318.39
P02359,Self Help Book 007,Books,Self Help Book,Elite,173.99,204.18
P02360,Self Help Book 008,Books,Self Help Book,Nova,227.15,261.76
P02361,Board Game 001,Toys,Board Game,Vertex,406.75,578.81
P02362,Board Game 002,Toys,Board Game,Orion,395.52,668.56
P02363,Board Game 003,Toys,Board Game,Core,376.8,467.52
P02364,Board Game 004,Toys,Board Game,Urban,416.21,522.88
P02365,Board Game 005,Toys,Board Game,Zenith,268.42,335.12
P02366,Board Game 006,Toys,Board Game,Viva,387.61,606.04
P02367,Board Game 007,Toys,Board Game,Prime,299.06,451.63
P02368,Board Game 008,Toys,Board Game,Apex,380.74,441.91
P02369,Remote Car 001,Toys,Remote Car,Elite,366.05,610.83
P02370,Remote Car 002,Toys,Remote Car,Nova,251.67,332.22
P02371,Remote Car 003,Toys,Remote Car,Vertex,253.75,428.59
P02372,Remote Car 004,Toys,Remote Car,Orion,354.02,486.83
P02373,Remote Car 005,Toys,Remote Car,Core,309.15,418.7
P02374,Remote Car 006,Toys,Remote Car,Urban,250.42,298.82
P02375,Remote Car 007,Toys,Remote Car,Zenith,230.96,349.39
P02376,Remote Car 008,Toys,Remote Car,Viva,280.58,430.48
P02377,Puzzle 001,Toys,Puzzle,Prime,361.16,501.15
P02378,Puzzle 002,Toys,Puzzle,Apex,406.31,582.97
P02379,Puzzle 003,Toys,Puzzle,Elite,408.21,543.74
P02380,Puzzle 004,Toys,Puzzle,Nova,237.6,400.93
P02381,Puzzle 005,Toys,Puzzle,Vertex,359.18,461.65
P02382,Puzzle 006,Toys,Puzzle,Orion,322.17,545.23
P02383,Puzzle 007,Toys,Puzzle,Core,341.19,399.41
P02384,Puzzle 008,Toys,Puzzle,Urban,417.86,650.46
P02385,Building Blocks 001,Toys,Building Blocks,Zenith,235.89,392.4
P02386,Building Blocks 002,Toys,Building Blocks,Viva,250.68,387.21
P02387,Building Blocks 003,Toys,Building Blocks,Prime,400.43,521.74
P02388,Building Blocks 004,Toys,Building Blocks,Apex,312.91,436.01
P02389,Building Blocks 005,Toys,Building Blocks,Elite,323.94,431.66
P02390,Building Blocks 006,Toys,Building Blocks,Nova,403.1,505.79
P02391,Building Blocks 007,Toys,Building Blocks,Vertex,237.58,353.29
P02392,Building Blocks 008,Toys,Building Blocks,Orion,272.72,437.6
P02393,Educational Toy 001,Toys,Educational Toy,Core,412.79,593.54
P02394,Educational Toy 002,Toys,Educational Toy,Urban,239.37,406.77
P02395,Educational Toy 003,Toys,Educational Toy,Zenith,360.05,607.13
P02396,Educational Toy 004,Toys,Educational Toy,Viva,414.41,583.15
P02397,Educational Toy 005,Toys,Educational Toy,Prime,373.46,602.32
P02398,Educational Toy 006,Toys,Educational Toy,Apex,373.43,458.61
P02399,Educational Toy 007,Toys,Educational Toy,Elite,267.92,370.4
P02400,Educational Toy 008,Toys,Educational Toy,Nova,319.01,470.23
P02401,LED TV 001,Electronics,LED TV,Vertex,1435.89,1700.68
P02402,LED TV 002,Electronics,LED TV,Orion,1223.24,2038.67
P02403,LED TV 003,Electronics,LED TV,Core,1234.05,2063.54
P02404,LED TV 004,Electronics,LED TV,Urban,1194.23,1942.86
P02405,LED TV 005,Electronics,LED TV,Zenith,943.47,1496.9
P02406,LED TV 006,Electronics,LED TV,Viva,893.79,1262.82
P02407,LED TV 007,Electronics,LED TV,Prime,885.49,1380.85
P02408,LED TV 008,Electronics,LED TV,Apex,1039.68,1267.6
P02409,Bluetooth Speaker 001,Electronics,Bluetooth Speaker,Elite,1301.43,1713.95
P02410,Bluetooth Speaker 002,Electronics,Bluetooth Speaker,Nova,1484.06,1823.01
P02411,Bluetooth Speaker 003,Electronics,Bluetooth Speaker,Vertex,1332.78,2152.77
P02412,Bluetooth Speaker 004,Electronics,Bluetooth Speaker,Orion,911.43,1213.27
P02413,Bluetooth Speaker 005,Electronics,Bluetooth Speaker,Core,1344.32,1657.86
P02414,Bluetooth Speaker 006,Electronics,Bluetooth Speaker,Urban,1228.48,1450.58
P02415,Bluetooth Speaker 007,Electronics,Bluetooth Speaker,Zenith,860.38,1085.8
P02416,Bluetooth Speaker 008,Electronics,Bluetooth Speaker,Viva,1559.51,1893.32
P02417,Wireless Headphones 001,Electronics,Wireless Headphones,Prime,976.69,1181.3
P02418,Wireless Headphones 002,Electronics,Wireless Headphones,Apex,1206.27,1517.18
P02419,Wireless Headphones 003,Electronics,Wireless Headphones,Elite,1523.35,1944.21
P02420,Wireless Headphones 004,Electronics,Wireless Headphones,Nova,1535.96,2484.62
P02421,Wireless Headphones 005,Electronics,Wireless Headphones,Vertex,882.66,1139.63
P02422,Wireless Headphones 006,Electronics,Wireless Headphones,Orion,1126.12,1797.1
P02423,Wireless Headphones 007,Electronics,Wireless Headphones,Core,870.63,1341.05
P02424,Wireless Headphones 008,Electronics,Wireless Headphones,Urban,926.27,1059.58
P02425,Smart Watch 001,Electronics,Smart Watch,Zenith,1404.54,1709.13
P02426,Smart Watch 002,Electronics,Smart Watch,Viva,1227.79,1750.11
P02427,Smart Watch 003,Electronics,Smart Watch,Prime,856.73,1390.14
P02428,Smart Watch 004,Electronics,Smart Watch,Apex,1107.04,1456.59
P02429,Smart Watch 005,Electronics,Smart Watch,Elite,1275.18,2063.32
P02430,Smart Watch 006,Electronics,Smart Watch,Nova,1134.23,1477.66
P02431,Smart Watch 007,Electronics,Smart Watch,Vertex,1026.11,1619.75
P02432,Smart Watch 008,Electronics,Smart Watch,Orion,1083.65,1781.52
P02433,Digital Camera 001,Electronics,Digital Camera,Core,1039.49,1630.27
P02434,Digital Camera 002,Electronics,Digital Camera,Urban,1274.18,1834.13
P02435,Digital Camera 003,Electronics,Digital Camera,Zenith,1033.24,1281.69
P02436,Digital Camera 004,Electronics,Digital Camera,Viva,1113.95,1571.15
P02437,Digital Camera 005,Electronics,Digital Camera,Prime,828.75,1034.76
P02438,Digital Camera 006,Electronics,Digital Camera,Apex,1463.0,1687.11
P02439,Digital Camera 007,Electronics,Digital Camera,Elite,1232.61,1491.32
P02440,Digital Camera 008,Electronics,Digital Camera,Nova,977.2,1321.17
P02441,Smartphone 001,Mobile & Accessories,Smartphone,Vertex,321.0,397.07
P02442,Smartphone 002,Mobile & Accessories,Smartphone,Orion,504.59,738.21
P02443,Smartphone 003,Mobile & Accessories,Smartphone,Core,366.68,476.56
P02444,Smartphone 004,Mobile & Accessories,Smartphone,Urban,278.41,313.36
P02445,Smartphone 005,Mobile & Accessories,Smartphone,Zenith,336.57,392.26
P02446,Smartphone 006,Mobile & Accessories,Smartphone,Viva,276.09,425.87
P02447,Smartphone 007,Mobile & Accessories,Smartphone,Prime,391.9,595.17
P02448,Smartphone 008,Mobile & Accessories,Smartphone,Apex,364.38,443.29
P02449,Power Bank 001,Mobile & Accessories,Power Bank,Elite,289.65,414.21
P02450,Power Bank 002,Mobile & Accessories,Power Bank,Nova,499.69,779.5
P02451,Power Bank 003,Mobile & Accessories,Power Bank,Vertex,514.4,633.61
P02452,Power Bank 004,Mobile & Accessories,Power Bank,Orion,287.8,480.69
P02453,Power Bank 005,Mobile & Accessories,Power Bank,Core,485.49,712.27
P02454,Power Bank 006,Mobile & Accessories,Power Bank,Urban,422.64,507.73
P02455,Power Bank 007,Mobile & Accessories,Power Bank,Zenith,517.33,840.4
P02456,Power Bank 008,Mobile & Accessories,Power Bank,Viva,275.81,363.6
P02457,Phone Case 001,Mobile & Accessories,Phone Case,Prime,422.37,631.21
P02458,Phone Case 002,Mobile & Accessories,Phone Case,Apex,330.54,385.01
P02459,Phone Case 003,Mobile & Accessories,Phone Case,Elite,396.09,608.07
P02460,Phone Case 004,Mobile & Accessories,Phone Case,Nova,400.61,458.79
P02461,Phone Case 005,Mobile & Accessories,Phone Case,Vertex,283.23,405.31
P02462,Phone Case 006,Mobile & Accessories,Phone Case,Orion,296.3,470.18
P02463,Phone Case 007,Mobile & Accessories,Phone Case,Core,320.0,399.33
P02464,Phone Case 008,Mobile & Accessories,Phone Case,Urban,377.22,480.46
P02465,USB Cable 001,Mobile & Accessories,USB Cable,Zenith,309.63,493.47
P02466,USB Cable 002,Mobile & Accessories,USB Cable,Viva,436.48,521.6
P02467,USB Cable 003,Mobile & Accessories,USB Cable,Prime,494.19,612.32
P02468,USB Cable 004,Mobile & Accessories,USB Cable,Apex,439.7,600.48
P02469,USB Cable 005,Mobile & Accessories,USB Cable,Elite,497.02,582.18
P02470,USB Cable 006,Mobile & Accessories,USB Cable,Nova,374.16,527.73
P02471,USB Cable 007,Mobile & Accessories,USB Cable,Vertex,279.6,368.13
P02472,USB Cable 008,Mobile & Accessories,USB Cable,Orion,476.74,589.77
P02473,Fast Charger 001,Mobile & Accessories,Fast Charger,Core,459.34,726.18
P02474,Fast Charger 002,Mobile & Accessories,Fast Charger,Urban,318.95,464.07
P02475,Fast Charger 003,Mobile & Accessories,Fast Charger,Zenith,472.94,778.76
P02476,Fast Charger 004,Mobile & Accessories,Fast Charger,Viva,392.36,571.61
P02477,Fast Charger 005,Mobile & Accessories,Fast Charger,Prime,329.81,490.86
P02478,Fast Charger 006,Mobile & Accessories,Fast Charger,Apex,506.58,820.76
P02479,Fast Charger 007,Mobile & Accessories,Fast Charger,Elite,295.87,416.44
P02480,Fast Charger 008,Mobile & Accessories,Fast Charger,Nova,414.41,643.08
P02481,Laptop 001,Computers,Laptop,Vertex,1640.44,2176.23
P02482,Laptop 002,Computers,Laptop,Orion,2193.62,2744.49
P02483,Laptop 003,Computers,Laptop,Core,1754.97,2920.16
P02484,Laptop 004,Computers,Laptop,Urban,1962.93,2349.34
P02485,Laptop 005,Computers,Laptop,Zenith,1560.04,2392.11
P02486,Laptop 006,Computers,Laptop,Viva,1393.68,2058.32
P02487,Laptop 007,Computers,Laptop,Prime,1799.47,2046.26
P02488,Laptop 008,Computers,Laptop,Apex,2478.82,2890.49
P02489,Desktop PC 001,Computers,Desktop PC,Elite,1737.87,2020.36
P02490,Desktop PC 002,Computers,Desktop PC,Nova,1646.18,2081.39
P02491,Desktop PC 003,Computers,Desktop PC,Vertex,1807.94,2616.52
P02492,Desktop PC 004,Computers,Desktop PC,Orion,2327.01,3862.33
P02493,Desktop PC 005,Computers,Desktop PC,Core,2510.13,3844.35
P02494,Desktop PC 006,Computers,Desktop PC,Urban,1503.76,2298.03
P02495,Desktop PC 007,Computers,Desktop PC,Zenith,2131.86,2418.03
P02496,Desktop PC 008,Computers,Desktop PC,Viva,2112.17,2944.48
P02497,Monitor 001,Computers,Monitor,Prime,2152.84,3276.47
P02498,Monitor 002,Computers,Monitor,Apex,2438.46,3828.55
P02499,Monitor 003,Computers,Monitor,Elite,2095.75,2813.37
P02500,Monitor 004,Computers,Monitor,Nova,2335.2,2917.69
P02501,Monitor 005,Computers,Monitor,Vertex,1659.29,2697.63
P02502,Monitor 006,Computers,Monitor,Orion,2320.09,3941.54
P02503,Monitor 007,Computers,Monitor,Core,2382.48,3541.1
P02504,Monitor 008,Computers,Monitor,Urban,2524.78,4291.5
P02505,Keyboard 001,Computers,Keyboard,Zenith,2154.5,2959.13
P02506,Keyboard 002,Computers,Keyboard,Viva,1696.37,1958.66
P02507,Keyboard 003,Computers,Keyboard,Prime,1644.31,1924.0
P02508,Keyboard 004,Computers,Keyboard,Apex,2569.72,3971.14
P02509,Keyboard 005,Computers,Keyboard,Elite,2024.52,2944.7
P02510,Keyboard 006,Computers,Keyboard,Nova,1782.39,2948.78
P02511,Keyboard 007,Computers,Keyboard,Vertex,2149.72,2958.34
P02512,Keyboard 008,Computers,Keyboard,Orion,1511.04,2353.92
P02513,Mouse 001,Computers,Mouse,Core,1656.59,1911.32
P02514,Mouse 002,Computers,Mouse,Urban,1928.35,2506.9
P02515,Mouse 003,Computers,Mouse,Zenith,1563.38,1978.12
P02516,Mouse 004,Computers,Mouse,Viva,1866.9,2624.41
P02517,Mouse 005,Computers,Mouse,Prime,1798.14,2261.05
P02518,Mouse 006,Computers,Mouse,Apex,2025.87,3188.3
P02519,Mouse 007,Computers,Mouse,Elite,1539.45,1834.64
P02520,Mouse 008,Computers,Mouse,Nova,1743.82,2337.01
P02521,Refrigerator 001,Home Appliances,Refrigerator,Vertex,2866.28,4808.03
P02522,Refrigerator 002,Home Appliances,Refrigerator,Orion,2190.76,3378.65
P02523,Refrigerator 003,Home Appliances,Refrigerator,Core,2532.56,3573.37
P02524,Refrigerator 004,Home Appliances,Refrigerator,Urban,3232.87,5177.57
P02525,Refrigerator 005,Home Appliances,Refrigerator,Zenith,3297.9,5168.17
P02526,Refrigerator 006,Home Appliances,Refrigerator,Viva,1990.18,2711.36
P02527,Refrigerator 007,Home Appliances,Refrigerator,Prime,2865.54,4121.3
P02528,Refrigerator 008,Home Appliances,Refrigerator,Apex,2655.43,4072.24
P02529,Washing Machine 001,Home Appliances,Washing Machine,Elite,3395.69,3893.82
P02530,Washing Machine 002,Home Appliances,Washing Machine,Nova,2875.91,4225.71
P02531,Washing Machine 003,Home Appliances,Washing Machine,Vertex,3267.32,5179.63
P02532,Washing Machine 004,Home Appliances,Washing Machine,Orion,2392.37,3422.06
P02533,Washing Machine 005,Home Appliances,Washing Machine,Core,2103.51,3032.44
P02534,Washing Machine 006,Home Appliances,Washing Machine,Urban,2194.17,2971.87
P02535,Washing Machine 007,Home Appliances,Washing Machine,Zenith,2317.4,3452.27
P02536,Washing Machine 008,Home Appliances,Washing Machine,Viva,2216.8,3742.26
P02537,Microwave Oven 001,Home Appliances,Microwave Oven,Prime,2531.7,4236.45
P02538,Microwave Oven 002,Home Appliances,Microwave Oven,Apex,3504.5,5385.37
P02539,Microwave Oven 003,Home Appliances,Microwave Oven,Elite,3504.75,4397.63
P02540,Microwave Oven 004,Home Appliances,Microwave Oven,Nova,2749.72,3603.49
P02541,Microwave Oven 005,Home Appliances,Microwave Oven,Vertex,1944.29,2686.87
P02542,Microwave Oven 006,Home Appliances,Microwave Oven,Orion,3024.62,4029.74
P02543,Microwave Oven 007,Home Appliances,Microwave Oven,Core,2029.33,2622.79
P02544,Microwave Oven 008,Home Appliances,Microwave Oven,Urban,2992.04,4328.9
P02545,Air Conditioner 001,Home Appliances,Air Conditioner,Zenith,2754.96,3877.46
P02546,Air Conditioner 002,Home Appliances,Air Conditioner,Viva,3048.4,3784.09
P02547,Air Conditioner 003,Home Appliances,Air Conditioner,Prime,3541.75,4717.63
P02548,Air Conditioner 004,Home Appliances,Air Conditioner,Apex,2883.53,4769.64
P02549,Air Conditioner 005,Home Appliances,Air Conditioner,Elite,2914.27,3364.64
P02550,Air Conditioner 006,Home Appliances,Air Conditioner,Nova,3248.28,5251.95
P02551,Air Conditioner 007,Home Appliances,Air Conditioner,Vertex,3230.86,3820.18
P02552,Air Conditioner 008,Home Appliances,Air Conditioner,Orion,3204.93,5110.61
P02553,Mixer Grinder 001,Home Appliances,Mixer Grinder,Core,3606.11,6094.05
P02554,Mixer Grinder 002,Home Appliances,Mixer Grinder,Urban,3299.64,4312.72
P02555,Mixer Grinder 003,Home Appliances,Mixer Grinder,Zenith,2389.3,3856.78
P02556,Mixer Grinder 004,Home Appliances,Mixer Grinder,Viva,2413.21,3694.81
P02557,Mixer Grinder 005,Home Appliances,Mixer Grinder,Prime,2000.8,2668.39
P02558,Mixer Grinder 006,Home Appliances,Mixer Grinder,Apex,2731.16,4224.61
P02559,Mixer Grinder 007,Home Appliances,Mixer Grinder,Elite,2584.24,4037.18
P02560,Mixer Grinder 008,Home Appliances,Mixer Grinder,Nova,2800.87,3464.32
P02561,Office Chair 001,Furniture,Office Chair,Vertex,1835.52,3030.01
P02562,Office Chair 002,Furniture,Office Chair,Orion,1860.24,2854.67
P02563,Office Chair 003,Furniture,Office Chair,Core,1699.49,2132.85
P02564,Office Chair 004,Furniture,Office Chair,Urban,2127.86,3356.61
P02565,Office Chair 005,Furniture,Office Chair,Zenith,2311.58,2651.69
P02566,Office Chair 006,Furniture,Office Chair,Viva,2479.43,4055.85
P02567,Office Chair 007,Furniture,Office Chair,Prime,1839.21,2463.87
P02568,Office Chair 008,Furniture,Office Chair,Apex,1412.26,2392.96
P02569,Study Table 001,Furniture,Study Table,Elite,1727.31,2204.35
P02570,Study Table 002,Furniture,Study Table,Nova,1498.7,2350.91
P02571,Study Table 003,Furniture,Study Table,Vertex,2425.5,3497.06
P02572,Study Table 004,Furniture,Study Table,Orion,2614.63,4304.97
P02573,Study Table 005,Furniture,Study Table,Core,2526.13,3353.59
P02574,Study Table 006,Furniture,Study Table,Urban,1613.98,2495.4
P02575,Study Table 007,Furniture,Study Table,Zenith,1804.54,2961.36
P02576,Study Table 008,Furniture,Study Table,Viva,2472.56,3354.33
P02577,Sofa 001,Furniture,Sofa,Prime,2024.4,2572.47
P02578,Sofa 002,Furniture,Sofa,Apex,2120.02,2888.02
P02579,Sofa 003,Furniture,Sofa,Elite,2547.39,4232.88
P02580,Sofa 004,Furniture,Sofa,Nova,2432.7,3168.54
P02581,Sofa 005,Furniture,Sofa,Vertex,2613.76,3947.06
P02582,Sofa 006,Furniture,Sofa,Orion,1692.43,2736.4
P02583,Sofa 007,Furniture,Sofa,Core,1692.46,2654.37
P02584,Sofa 008,Furniture,Sofa,Urban,1603.73,1992.66
P02585,Bookshelf 001,Furniture,Bookshelf,Zenith,1441.41,1701.13
P02586,Bookshelf 002,Furniture,Bookshelf,Viva,2014.52,3373.03
P02587,Bookshelf 003,Furniture,Bookshelf,Prime,1456.06,2150.67
P02588,Bookshelf 004,Furniture,Bookshelf,Apex,1384.2,1999.96
P02589,Bookshelf 005,Furniture,Bookshelf,Elite,1659.45,2469.03
P02590,Bookshelf 006,Furniture,Bookshelf,Nova,2201.6,3170.84
P02591,Bookshelf 007,Furniture,Bookshelf,Vertex,1501.86,1889.48
P02592,Bookshelf 008,Furniture,Bookshelf,Orion,1655.99,2374.18
P02593,Bed 001,Furniture,Bed,Core,2044.67,2747.03
P02594,Bed 002,Furniture,Bed,Urban,2466.92,3572.51
P02595,Bed 003,Furniture,Bed,Zenith,1379.3,2289.99
P02596,Bed 004,Furniture,Bed,Viva,2618.81,4179.16
P02597,Bed 005,Furniture,Bed,Prime,2596.17,4150.88
P02598,Bed 006,Furniture,Bed,Apex,2091.34,2444.68
P02599,Bed 007,Furniture,Bed,Elite,2310.55,2761.11
P02600,Bed 008,Furniture,Bed,Nova,1632.97,2055.36
P02601,T-Shirt 001,Clothing,T-Shirt,Vertex,302.83,499.99
P02602,T-Shirt 002,Clothing,T-Shirt,Orion,463.14,780.94
P02603,T-Shirt 003,Clothing,T-Shirt,Core,400.29,451.48
P02604,T-Shirt 004,Clothing,T-Shirt,Urban,334.98,379.18
P02605,T-Shirt 005,Clothing,T-Shirt,Zenith,372.47,424.22
P02606,T-Shirt 006,Clothing,T-Shirt,Viva,292.68,438.91
P02607,T-Shirt 007,Clothing,T-Shirt,Prime,447.82,524.11
P02608,T-Shirt 008,Clothing,T-Shirt,Apex,507.79,730.38
P02609,Jeans 001,Clothing,Jeans,Elite,281.75,440.8
P02610,Jeans 002,Clothing,Jeans,Nova,394.15,493.86
P02611,Jeans 003,Clothing,Jeans,Vertex,297.66,414.26
P02612,Jeans 004,Clothing,Jeans,Orion,473.41,791.9
P02613,Jeans 005,Clothing,Jeans,Core,522.75,643.53
P02614,Jeans 006,Clothing,Jeans,Urban,512.35,764.77
P02615,Jeans 007,Clothing,Jeans,Zenith,392.65,476.11
P02616,Jeans 008,Clothing,Jeans,Viva,313.78,415.01
P02617,Shirt 001,Clothing,Shirt,Prime,416.66,706.51
P02618,Shirt 002,Clothing,Shirt,Apex,361.99,467.22
P02619,Shirt 003,Clothing,Shirt,Elite,524.62,610.49
P02620,Shirt 004,Clothing,Shirt,Nova,520.27,719.73
P02621,Shirt 005,Clothing,Shirt,Vertex,360.06,491.04
P02622,Shirt 006,Clothing,Shirt,Orion,466.36,649.59
P02623,Shirt 007,Clothing,Shirt,Core,523.78,832.35
P02624,Shirt 008,Clothing,Shirt,Urban,372.9,608.44
P02625,Jacket 001,Clothing,Jacket,Zenith,367.38,501.57
P02626,Jacket 002,Clothing,Jacket,Viva,385.64,503.99
P02627,Jacket 003,Clothing,Jacket,Prime,312.53,530.36
P02628,Jacket 004,Clothing,Jacket,Apex,450.04,726.18
P02629,Jacket 005,Clothing,Jacket,Elite,419.28,617.39
P02630,Jacket 006,Clothing,Jacket,Nova,491.14,798.76
P02631,Jacket 007,Clothing,Jacket,Vertex,365.57,552.8
P02632,Jacket 008,Clothing,Jacket,Orion,283.51,357.49
P02633,Kurta 001,Clothing,Kurta,Core,287.57,369.95
P02634,Kurta 002,Clothing,Kurta,Urban,423.88,484.96
P02635,Kurta 003,Clothing,Kurta,Zenith,512.24,581.11
P02636,Kurta 004,Clothing,Kurta,Viva,392.05,470.45
P02637,Kurta 005,Clothing,Kurta,Prime,415.47,509.47
P02638,Kurta 006,Clothing,Kurta,Apex,379.61,620.52
P02639,Kurta 007,Clothing,Kurta,Elite,277.76,372.73
P02640,Kurta 008,Clothing,Kurta,Nova,299.1,430.41
P02641,Running Shoes 001,Shoes,Running Shoes,Vertex,546.81,661.48
P02642,Running Shoes 002,Shoes,Running Shoes,Orion,481.06,777.23
P02643,Running Shoes 003,Shoes,Running Shoes,Core,552.5,697.86
P02644,Running Shoes 004,Shoes,Running Shoes,Urban,498.93,735.96
P02645,Running Shoes 005,Shoes,Running Shoes,Zenith,545.65,615.9
P02646,Running Shoes 006,Shoes,Running Shoes,Viva,515.97,606.3
P02647,Running Shoes 007,Shoes,Running Shoes,Prime,680.95,1070.25
P02648,Running Shoes 008,Shoes,Running Shoes,Apex,608.98,956.88
P02649,Casual Shoes 001,Shoes,Casual Shoes,Elite,565.78,823.47
P02650,Casual Shoes 002,Shoes,Casual Shoes,Nova,629.72,991.33
P02651,Casual Shoes 003,Shoes,Casual Shoes,Vertex,582.09,904.22
P02652,Casual Shoes 004,Shoes,Casual Shoes,Orion,430.4,547.02
P02653,Casual Shoes 005,Shoes,Casual Shoes,Core,480.97,598.85
P02654,Casual Shoes 006,Shoes,Casual Shoes,Urban,577.66,665.91
P02655,Casual Shoes 007,Shoes,Casual Shoes,Zenith,542.84,648.85
P02656,Casual Shoes 008,Shoes,Casual Shoes,Viva,516.55,714.02
P02657,Formal Shoes 001,Shoes,Formal Shoes,Prime,561.66,679.46
P02658,Formal Shoes 002,Shoes,Formal Shoes,Apex,732.87,1059.23
P02659,Formal Shoes 003,Shoes,Formal Shoes,Elite,510.27,857.83
P02660,Formal Shoes 004,Shoes,Formal Shoes,Nova,531.78,901.42
P02661,Formal Shoes 005,Shoes,Formal Shoes,Vertex,722.76,891.95
P02662,Formal Shoes 006,Shoes,Formal Shoes,Orion,586.27,865.9
P02663,Formal Shoes 007,Shoes,Formal Shoes,Core,642.42,886.87
P02664,Formal Shoes 008,Shoes,Formal Shoes,Urban,442.36,640.07
P02665,Sandals 001,Shoes,Sandals,Zenith,478.14,551.41
P02666,Sandals 002,Shoes,Sandals,Viva,560.1,818.59
P02667,Sandals 003,Shoes,Sandals,Prime,723.7,1058.94
P02668,Sandals 004,Shoes,Sandals,Apex,536.94,669.45
P02669,Sandals 005,Shoes,Sandals,Elite,401.81,537.39
P02670,Sandals 006,Shoes,Sandals,Nova,478.29,789.96
P02671,Sandals 007,Shoes,Sandals,Vertex,620.45,704.19
P02672,Sandals 008,Shoes,Sandals,Orion,437.84,656.1
P02673,Sports Shoes 001,Shoes,Sports Shoes,Core,656.57,989.62
P02674,Sports Shoes 002,Shoes,Sports Shoes,Urban,540.85,914.56
P02675,Sports Shoes 003,Shoes,Sports Shoes,Zenith,411.16,467.54
P02676,Sports Shoes 004,Shoes,Sports Shoes,Viva,677.98,1058.22
P02677,Sports Shoes 005,Shoes,Sports Shoes,Prime,486.03,598.78
P02678,Sports Shoes 006,Shoes,Sports Shoes,Apex,687.06,1051.4
P02679,Sports Shoes 007,Shoes,Sports Shoes,Elite,621.99,848.07
P02680,Sports Shoes 008,Shoes,Sports Shoes,Nova,434.16,712.25
P02681,Face Wash 001,Beauty & Personal Care,Face Wash,Vertex,256.15,308.09
P02682,Face Wash 002,Beauty & Personal Care,Face Wash,Orion,285.43,352.44
P02683,Face Wash 003,Beauty & Personal Care,Face Wash,Core,297.02,344.92
P02684,Face Wash 004,Beauty & Personal Care,Face Wash,Urban,197.02,329.69
P02685,Face Wash 005,Beauty & Personal Care,Face Wash,Zenith,203.61,251.36
P02686,Face Wash 006,Beauty & Personal Care,Face Wash,Viva,306.32,418.2
P02687,Face Wash 007,Beauty & Personal Care,Face Wash,Prime,207.67,263.94
P02688,Face Wash 008,Beauty & Personal Care,Face Wash,Apex,267.16,407.71
P02689,Shampoo 001,Beauty & Personal Care,Shampoo,Elite,275.05,325.78
P02690,Shampoo 002,Beauty & Personal Care,Shampoo,Nova,312.04,363.55
P02691,Shampoo 003,Beauty & Personal Care,Shampoo,Vertex,244.44,375.38
P02692,Shampoo 004,Beauty & Personal Care,Shampoo,Orion,169.03,233.09
P02693,Shampoo 005,Beauty & Personal Care,Shampoo,Core,270.14,337.53
P02694,Shampoo 006,Beauty & Personal Care,Shampoo,Urban,285.44,423.7
P02695,Shampoo 007,Beauty & Personal Care,Shampoo,Zenith,218.46,265.62
P02696,Shampoo 008,Beauty & Personal Care,Shampoo,Viva,293.28,411.25
P02697,Perfume 001,Beauty & Personal Care,Perfume,Prime,311.35,461.12
P02698,Perfume 002,Beauty & Personal Care,Perfume,Apex,189.2,224.98
P02699,Perfume 003,Beauty & Personal Care,Perfume,Elite,188.62,274.17
P02700,Perfume 004,Beauty & Personal Care,Perfume,Nova,213.38,242.61
P02701,Perfume 005,Beauty & Personal Care,Perfume,Vertex,172.82,216.5
P02702,Perfume 006,Beauty & Personal Care,Perfume,Orion,219.17,279.2
P02703,Perfume 007,Beauty & Personal Care,Perfume,Core,197.92,304.84
P02704,Perfume 008,Beauty & Personal Care,Perfume,Urban,226.5,317.73
P02705,Skin Cream 001,Beauty & Personal Care,Skin Cream,Zenith,180.42,291.32
P02706,Skin Cream 002,Beauty & Personal Care,Skin Cream,Viva,217.47,352.11
P02707,Skin Cream 003,Beauty & Personal Care,Skin Cream,Prime,303.93,420.04
P02708,Skin Cream 004,Beauty & Personal Care,Skin Cream,Apex,290.58,380.36
P02709,Skin Cream 005,Beauty & Personal Care,Skin Cream,Elite,292.01,421.97
P02710,Skin Cream 006,Beauty & Personal Care,Skin Cream,Nova,301.73,384.27
P02711,Skin Cream 007,Beauty & Personal Care,Skin Cream,Vertex,294.52,427.95
P02712,Skin Cream 008,Beauty & Personal Care,Skin Cream,Orion,304.45,428.88
P02713,Hair Dryer 001,Beauty & Personal Care,Hair Dryer,Core,178.35,273.87
P02714,Hair Dryer 002,Beauty & Personal Care,Hair Dryer,Urban,274.9,353.07
P02715,Hair Dryer 003,Beauty & Personal Care,Hair Dryer,Zenith,165.66,228.88
P02716,Hair Dryer 004,Beauty & Personal Care,Hair Dryer,Viva,258.25,423.59
P02717,Hair Dryer 005,Beauty & Personal Care,Hair Dryer,Prime,176.39,199.83
P02718,Hair Dryer 006,Beauty & Personal Care,Hair Dryer,Apex,191.54,250.12
P02719,Hair Dryer 007,Beauty & Personal Care,Hair Dryer,Elite,232.41,281.82
P02720,Hair Dryer 008,Beauty & Personal Care,Hair Dryer,Nova,225.46,324.81
P02721,Rice 001,Grocery,Rice,Vertex,125.47,172.31
P02722,Rice 002,Grocery,Rice,Orion,143.64,232.06
P02723,Rice 003,Grocery,Rice,Core,86.42,112.01
P02724,Rice 004,Grocery,Rice,Urban,148.21,177.8
P02725,Rice 005,Grocery,Rice,Zenith,119.77,170.7
P02726,Rice 006,Grocery,Rice,Viva,118.78,140.93
P02727,Rice 007,Grocery,Rice,Prime,142.86,197.11
P02728,Rice 008,Grocery,Rice,Apex,150.71,169.85
P02729,Cooking Oil 001,Grocery,Cooking Oil,Elite,107.83,136.19
P02730,Cooking Oil 002,Grocery,Cooking Oil,Nova,155.75,196.39
P02731,Cooking Oil 003,Grocery,Cooking Oil,Vertex,111.21,179.18
P02732,Cooking Oil 004,Grocery,Cooking Oil,Orion,91.44,140.7
P02733,Cooking Oil 005,Grocery,Cooking Oil,Core,101.06,148.26
P02734,Cooking Oil 006,Grocery,Cooking Oil,Urban,87.56,113.59
P02735,Cooking Oil 007,Grocery,Cooking Oil,Zenith,106.09,145.75
P02736,Cooking Oil 008,Grocery,Cooking Oil,Viva,88.5,149.68
P02737,Tea 001,Grocery,Tea,Prime,94.83,124.06
P02738,Tea 002,Grocery,Tea,Apex,134.45,222.85
P02739,Tea 003,Grocery,Tea,Elite,110.16,160.02
P02740,Tea 004,Grocery,Tea,Nova,94.93,132.04
P02741,Tea 005,Grocery,Tea,Vertex,131.23,174.6
P02742,Tea 006,Grocery,Tea,Orion,131.52,148.2
P02743,Tea 007,Grocery,Tea,Core,96.3,126.58
P02744,Tea 008,Grocery,Tea,Urban,124.75,201.72
P02745,Coffee 001,Grocery,Coffee,Zenith,100.4,114.06
P02746,Coffee 002,Grocery,Coffee,Viva,97.46,143.19
P02747,Coffee 003,Grocery,Coffee,Prime,108.31,135.3
P02748,Coffee 004,Grocery,Coffee,Apex,150.43,187.19
P02749,Coffee 005,Grocery,Coffee,Elite,96.65,162.76
P02750,Coffee 006,Grocery,Coffee,Nova,105.78,139.01
P02751,Coffee 007,Grocery,Coffee,Vertex,106.64,141.41
P02752,Coffee 008,Grocery,Coffee,Orion,104.22,173.37
P02753,Packaged Snacks 001,Grocery,Packaged Snacks,Core,134.69,224.31
P02754,Packaged Snacks 002,Grocery,Packaged Snacks,Urban,128.3,161.4
P02755,Packaged Snacks 003,Grocery,Packaged Snacks,Zenith,99.07,156.85
P02756,Packaged Snacks 004,Grocery,Packaged Snacks,Viva,102.17,120.16
P02757,Packaged Snacks 005,Grocery,Packaged Snacks,Prime,83.9,132.52
P02758,Packaged Snacks 006,Grocery,Packaged Snacks,Apex,136.33,172.32
P02759,Packaged Snacks 007,Grocery,Packaged Snacks,Elite,107.59,161.35
P02760,Packaged Snacks 008,Grocery,Packaged Snacks,Nova,136.12,180.44
P02761,Cricket Bat 001,Sports,Cricket Bat,Vertex,464.8,610.01
P02762,Cricket Bat 002,Sports,Cricket Bat,Orion,462.93,550.39
P02763,Cricket Bat 003,Sports,Cricket Bat,Core,590.03,959.79
P02764,Cricket Bat 004,Sports,Cricket Bat,Urban,609.58,830.69
P02765,Cricket Bat 005,Sports,Cricket Bat,Zenith,615.45,736.36
P02766,Cricket Bat 006,Sports,Cricket Bat,Viva,414.86,586.55
P02767,Cricket Bat 007,Sports,Cricket Bat,Prime,434.95,632.71
P02768,Cricket Bat 008,Sports,Cricket Bat,Apex,439.55,590.89
P02769,Football 001,Sports,Football,Elite,363.26,540.74
P02770,Football 002,Sports,Football,Nova,356.34,603.42
P02771,Football 003,Sports,Football,Vertex,363.39,529.15
P02772,Football 004,Sports,Football,Orion,588.02,763.49
P02773,Football 005,Sports,Football,Core,368.45,602.01
P02774,Football 006,Sports,Football,Urban,455.37,646.45
P02775,Football 007,Sports,Football,Zenith,503.41,812.08
P02776,Football 008,Sports,Football,Viva,420.44,710.54
P02777,Yoga Mat 001,Sports,Yoga Mat,Prime,358.48,422.23
P02778,Yoga Mat 002,Sports,Yoga Mat,Apex,605.17,880.42
P02779,Yoga Mat 003,Sports,Yoga Mat,Elite,395.91,559.55
P02780,Yoga Mat 004,Sports,Yoga Mat,Nova,549.21,762.7
P02781,Yoga Mat 005,Sports,Yoga Mat,Vertex,580.13,738.17
P02782,Yoga Mat 006,Sports,Yoga Mat,Orion,355.5,532.53
P02783,Yoga Mat 007,Sports,Yoga Mat,Core,487.71,575.67
P02784,Yoga Mat 008,Sports,Yoga Mat,Urban,497.85,714.63
P02785,Badminton Racket 001,Sports,Badminton Racket,Zenith,331.51,407.44
P02786,Badminton Racket 002,Sports,Badminton Racket,Viva,492.57,820.78
P02787,Badminton Racket 003,Sports,Badminton Racket,Prime,491.99,568.7
P02788,Badminton Racket 004,Sports,Badminton Racket,Apex,333.53,528.1
P02789,Badminton Racket 005,Sports,Badminton Racket,Elite,356.65,445.53
P02790,Badminton Racket 006,Sports,Badminton Racket,Nova,527.72,881.11
P02791,Badminton Racket 007,Sports,Badminton Racket,Vertex,378.63,527.92
P02792,Badminton Racket 008,Sports,Badminton Racket,Orion,532.87,614.3
P02793,Dumbbells 001,Sports,Dumbbells,Core,457.16,619.59
P02794,Dumbbells 002,Sports,Dumbbells,Urban,388.43,458.86
P02795,Dumbbells 003,Sports,Dumbbells,Zenith,626.6,804.11
P02796,Dumbbells 004,Sports,Dumbbells,Viva,553.26,758.79
P02797,Dumbbells 005,Sports,Dumbbells,Prime,510.08,623.01
P02798,Dumbbells 006,Sports,Dumbbells,Apex,471.27,776.63
P02799,Dumbbells 007,Sports,Dumbbells,Elite,468.69,794.03
P02800,Dumbbells 008,Sports,Dumbbells,Nova,516.28,760.25
P02801,Business Book 001,Books,Business Book,Vertex,205.38,259.75
P02802,Business Book 002,Books,Business Book,Orion,233.88,338.9
P02803,Business Book 003,Books,Business Book,Core,147.79,215.12
P02804,Business Book 004,Books,Business Book,Urban,236.1,319.85
P02805,Business Book 005,Books,Business Book,Zenith,211.34,309.54
P02806,Business Book 006,Books,Business Book,Viva,139.71,171.49
P02807,Business Book 007,Books,Business Book,Prime,151.28,185.74
P02808,Business Book 008,Books,Business Book,Apex,157.48,217.53
P02809,Technology Book 001,Books,Technology Book,Elite,218.12,248.16
P02810,Technology Book 002,Books,Technology Book,Nova,242.43,295.91
P02811,Technology Book 003,Books,Technology Book,Vertex,186.31,291.0
P02812,Technology Book 004,Books,Technology Book,Orion,240.93,305.61
P02813,Technology Book 005,Books,Technology Book,Core,179.23,290.09
P02814,Technology Book 006,Books,Technology Book,Urban,259.31,313.18
P02815,Technology Book 007,Books,Technology Book,Zenith,214.73,248.25
P02816,Technology Book 008,Books,Technology Book,Viva,166.61,229.92
P02817,Fiction Book 001,Books,Fiction Book,Prime,237.39,289.25
P02818,Fiction Book 002,Books,Fiction Book,Apex,209.11,275.77
P02819,Fiction Book 003,Books,Fiction Book,Elite,239.84,305.38
P02820,Fiction Book 004,Books,Fiction Book,Nova,195.5,281.01
P02821,Fiction Book 005,Books,Fiction Book,Vertex,204.02,249.16
P02822,Fiction Book 006,Books,Fiction Book,Orion,194.84,288.2
P02823,Fiction Book 007,Books,Fiction Book,Core,188.26,225.23
P02824,Fiction Book 008,Books,Fiction Book,Urban,247.25,321.7
P02825,Exam Preparation Book 001,Books,Exam Preparation Book,Zenith,174.44,212.11
P02826,Exam Preparation Book 002,Books,Exam Preparation Book,Viva,161.72,194.1
P02827,Exam Preparation Book 003,Books,Exam Preparation Book,Prime,194.72,250.69
P02828,Exam Preparation Book 004,Books,Exam Preparation Book,Apex,144.43,196.54
P02829,Exam Preparation Book 005,Books,Exam Preparation Book,Elite,206.58,307.35
P02830,Exam Preparation Book 006,Books,Exam Preparation Book,Nova,241.26,299.08
P02831,Exam Preparation Book 007,Books,Exam Preparation Book,Vertex,202.4,291.69
P02832,Exam Preparation Book 008,Books,Exam Preparation Book,Orion,156.97,256.6
P02833,Self Help Book 001,Books,Self Help Book,Core,153.18,230.34
P02834,Self Help Book 002,Books,Self Help Book,Urban,210.25,287.84
P02835,Self Help Book 003,Books,Self Help Book,Zenith,235.66,371.25
P02836,Self Help Book 004,Books,Self Help Book,Viva,224.1,372.39
P02837,Self Help Book 005,Books,Self Help Book,Prime,249.37,337.84
P02838,Self Help Book 006,Books,Self Help Book,Apex,141.56,160.09
P02839,Self Help Book 007,Books,Self Help Book,Elite,206.53,339.78
P02840,Self Help Book 008,Books,Self Help Book,Nova,261.39,362.96
P02841,Board Game 001,Toys,Board Game,Vertex,284.28,438.98
P02842,Board Game 002,Toys,Board Game,Orion,317.66,453.1
P02843,Board Game 003,Toys,Board Game,Core,265.58,380.16
P02844,Board Game 004,Toys,Board Game,Urban,252.21,315.23
P02845,Board Game 005,Toys,Board Game,Zenith,245.78,276.05
P02846,Board Game 006,Toys,Board Game,Viva,274.83,389.95
P02847,Board Game 007,Toys,Board Game,Prime,357.64,560.88
P02848,Board Game 008,Toys,Board Game,Apex,221.34,368.9
P02849,Remote Car 001,Toys,Remote Car,Elite,309.58,464.62
P02850,Remote Car 002,Toys,Remote Car,Nova,406.29,547.01
P02851,Remote Car 003,Toys,Remote Car,Vertex,339.81,477.73
P02852,Remote Car 004,Toys,Remote Car,Orion,383.01,506.74
P02853,Remote Car 005,Toys,Remote Car,Core,370.06,418.79
P02854,Remote Car 006,Toys,Remote Car,Urban,336.82,470.59
P02855,Remote Car 007,Toys,Remote Car,Zenith,382.07,600.05
P02856,Remote Car 008,Toys,Remote Car,Viva,333.74,428.88
P02857,Puzzle 001,Toys,Puzzle,Prime,237.61,394.78
P02858,Puzzle 002,Toys,Puzzle,Apex,311.31,492.85
P02859,Puzzle 003,Toys,Puzzle,Elite,302.23,437.68
P02860,Puzzle 004,Toys,Puzzle,Nova,242.88,281.13
P02861,Puzzle 005,Toys,Puzzle,Vertex,304.81,360.32
P02862,Puzzle 006,Toys,Puzzle,Orion,385.04,485.97
P02863,Puzzle 007,Toys,Puzzle,Core,329.77,486.53
P02864,Puzzle 008,Toys,Puzzle,Urban,406.24,568.82
P02865,Building Blocks 001,Toys,Building Blocks,Zenith,404.97,570.26
P02866,Building Blocks 002,Toys,Building Blocks,Viva,307.57,519.1
P02867,Building Blocks 003,Toys,Building Blocks,Prime,269.12,375.82
P02868,Building Blocks 004,Toys,Building Blocks,Apex,383.14,494.49
P02869,Building Blocks 005,Toys,Building Blocks,Elite,316.89,519.33
P02870,Building Blocks 006,Toys,Building Blocks,Nova,230.81,331.26
P02871,Building Blocks 007,Toys,Building Blocks,Vertex,246.77,367.63
P02872,Building Blocks 008,Toys,Building Blocks,Orion,308.52,504.19
P02873,Educational Toy 001,Toys,Educational Toy,Core,390.66,564.08
P02874,Educational Toy 002,Toys,Educational Toy,Urban,362.82,493.63
P02875,Educational Toy 003,Toys,Educational Toy,Zenith,258.89,435.9
P02876,Educational Toy 004,Toys,Educational Toy,Viva,279.87,316.89
P02877,Educational Toy 005,Toys,Educational Toy,Prime,322.67,524.61
P02878,Educational Toy 006,Toys,Educational Toy,Apex,280.15,325.97
P02879,Educational Toy 007,Toys,Educational Toy,Elite,276.82,390.23
P02880,Educational Toy 008,Toys,Educational Toy,Nova,369.79,522.82
P02881,LED TV 001,Electronics,LED TV,Vertex,1420.11,1960.42
P02882,LED TV 002,Electronics,LED TV,Orion,992.3,1284.99
P02883,LED TV 003,Electronics,LED TV,Core,1038.35,1754.76
P02884,LED TV 004,Electronics,LED TV,Urban,1569.55,2354.68
P02885,LED TV 005,Electronics,LED TV,Zenith,1514.51,2507.04
P02886,LED TV 006,Electronics,LED TV,Viva,1456.32,2127.46
P02887,LED TV 007,Electronics,LED TV,Prime,961.44,1187.68
P02888,LED TV 008,Electronics,LED TV,Apex,1060.14,1561.3
P02889,Bluetooth Speaker 001,Electronics,Bluetooth Speaker,Elite,1519.86,2335.28
P02890,Bluetooth Speaker 002,Electronics,Bluetooth Speaker,Nova,1224.76,1651.93
P02891,Bluetooth Speaker 003,Electronics,Bluetooth Speaker,Vertex,1333.27,1735.75
P02892,Bluetooth Speaker 004,Electronics,Bluetooth Speaker,Orion,1408.34,2245.06
P02893,Bluetooth Speaker 005,Electronics,Bluetooth Speaker,Core,1550.08,2132.0
P02894,Bluetooth Speaker 006,Electronics,Bluetooth Speaker,Urban,1470.2,2370.44
P02895,Bluetooth Speaker 007,Electronics,Bluetooth Speaker,Zenith,1223.23,1646.79
P02896,Bluetooth Speaker 008,Electronics,Bluetooth Speaker,Viva,1279.08,1513.43
P02897,Wireless Headphones 001,Electronics,Wireless Headphones,Prime,1438.28,2198.75
P02898,Wireless Headphones 002,Electronics,Wireless Headphones,Apex,1410.38,1751.78
P02899,Wireless Headphones 003,Electronics,Wireless Headphones,Elite,1188.69,1763.46
P02900,Wireless Headphones 004,Electronics,Wireless Headphones,Nova,1282.6,1516.23
P02901,Wireless Headphones 005,Electronics,Wireless Headphones,Vertex,1207.49,1441.29
P02902,Wireless Headphones 006,Electronics,Wireless Headphones,Orion,1252.23,1813.48
P02903,Wireless Headphones 007,Electronics,Wireless Headphones,Core,1178.7,1447.49
P02904,Wireless Headphones 008,Electronics,Wireless Headphones,Urban,1327.26,1852.11
P02905,Smart Watch 001,Electronics,Smart Watch,Zenith,825.78,939.16
P02906,Smart Watch 002,Electronics,Smart Watch,Viva,1469.67,1715.81
P02907,Smart Watch 003,Electronics,Smart Watch,Prime,880.96,1237.11
P02908,Smart Watch 004,Electronics,Smart Watch,Apex,1185.08,1665.82
P02909,Smart Watch 005,Electronics,Smart Watch,Elite,1553.14,2273.09
P02910,Smart Watch 006,Electronics,Smart Watch,Nova,1419.0,1684.4
P02911,Smart Watch 007,Electronics,Smart Watch,Vertex,830.71,1036.36
P02912,Smart Watch 008,Electronics,Smart Watch,Orion,957.64,1576.8
P02913,Digital Camera 001,Electronics,Digital Camera,Core,1473.12,1858.15
P02914,Digital Camera 002,Electronics,Digital Camera,Urban,1428.96,1705.07
P02915,Digital Camera 003,Electronics,Digital Camera,Zenith,1318.0,1803.81
P02916,Digital Camera 004,Electronics,Digital Camera,Viva,1097.2,1243.49
P02917,Digital Camera 005,Electronics,Digital Camera,Prime,1148.38,1415.05
P02918,Digital Camera 006,Electronics,Digital Camera,Apex,954.76,1444.94
P02919,Digital Camera 007,Electronics,Digital Camera,Elite,1533.75,2027.69
P02920,Digital Camera 008,Electronics,Digital Camera,Nova,932.89,1153.18
P02921,Smartphone 001,Mobile & Accessories,Smartphone,Vertex,507.88,687.18
P02922,Smartphone 002,Mobile & Accessories,Smartphone,Orion,373.09,554.28
P02923,Smartphone 003,Mobile & Accessories,Smartphone,Core,523.61,680.0
P02924,Smartphone 004,Mobile & Accessories,Smartphone,Urban,494.96,626.39
P02925,Smartphone 005,Mobile & Accessories,Smartphone,Zenith,406.07,592.48
P02926,Smartphone 006,Mobile & Accessories,Smartphone,Viva,352.5,525.77
P02927,Smartphone 007,Mobile & Accessories,Smartphone,Prime,484.88,685.19
P02928,Smartphone 008,Mobile & Accessories,Smartphone,Apex,470.41,660.57
P02929,Power Bank 001,Mobile & Accessories,Power Bank,Elite,356.53,586.04
P02930,Power Bank 002,Mobile & Accessories,Power Bank,Nova,369.95,626.43
P02931,Power Bank 003,Mobile & Accessories,Power Bank,Vertex,380.31,464.22
P02932,Power Bank 004,Mobile & Accessories,Power Bank,Orion,428.71,516.7
P02933,Power Bank 005,Mobile & Accessories,Power Bank,Core,338.94,413.26
P02934,Power Bank 006,Mobile & Accessories,Power Bank,Urban,450.75,706.47
P02935,Power Bank 007,Mobile & Accessories,Power Bank,Zenith,304.76,474.19
P02936,Power Bank 008,Mobile & Accessories,Power Bank,Viva,327.89,383.5
P02937,Phone Case 001,Mobile & Accessories,Phone Case,Prime,384.2,450.2
P02938,Phone Case 002,Mobile & Accessories,Phone Case,Apex,501.11,841.18
P02939,Phone Case 003,Mobile & Accessories,Phone Case,Elite,322.18,490.59
P02940,Phone Case 004,Mobile & Accessories,Phone Case,Nova,332.81,408.68
P02941,Phone Case 005,Mobile & Accessories,Phone Case,Vertex,468.45,790.34
P02942,Phone Case 006,Mobile & Accessories,Phone Case,Orion,360.01,567.32
P02943,Phone Case 007,Mobile & Accessories,Phone Case,Core,333.18,405.7
P02944,Phone Case 008,Mobile & Accessories,Phone Case,Urban,518.01,647.29
P02945,USB Cable 001,Mobile & Accessories,USB Cable,Zenith,400.74,599.45
P02946,USB Cable 002,Mobile & Accessories,USB Cable,Viva,503.78,853.29
P02947,USB Cable 003,Mobile & Accessories,USB Cable,Prime,283.23,371.36
P02948,USB Cable 004,Mobile & Accessories,USB Cable,Apex,482.46,630.11
P02949,USB Cable 005,Mobile & Accessories,USB Cable,Elite,333.37,423.36
P02950,USB Cable 006,Mobile & Accessories,USB Cable,Nova,352.59,553.8
P02951,USB Cable 007,Mobile & Accessories,USB Cable,Vertex,344.06,558.9
P02952,USB Cable 008,Mobile & Accessories,USB Cable,Orion,307.38,479.65
P02953,Fast Charger 001,Mobile & Accessories,Fast Charger,Core,359.29,470.7
P02954,Fast Charger 002,Mobile & Accessories,Fast Charger,Urban,512.88,722.74
P02955,Fast Charger 003,Mobile & Accessories,Fast Charger,Zenith,488.81,663.52
P02956,Fast Charger 004,Mobile & Accessories,Fast Charger,Viva,358.87,458.96
P02957,Fast Charger 005,Mobile & Accessories,Fast Charger,Prime,449.5,614.09
P02958,Fast Charger 006,Mobile & Accessories,Fast Charger,Apex,424.82,548.04
P02959,Fast Charger 007,Mobile & Accessories,Fast Charger,Elite,293.44,353.71
P02960,Fast Charger 008,Mobile & Accessories,Fast Charger,Nova,297.0,412.86
P02961,Laptop 001,Computers,Laptop,Vertex,2337.85,3017.65
P02962,Laptop 002,Computers,Laptop,Orion,1779.42,2645.93
P02963,Laptop 003,Computers,Laptop,Core,1423.91,1750.79
P02964,Laptop 004,Computers,Laptop,Urban,2326.49,3223.51
P02965,Laptop 005,Computers,Laptop,Zenith,1563.14,2518.95
P02966,Laptop 006,Computers,Laptop,Viva,1727.91,2575.75
P02967,Laptop 007,Computers,Laptop,Prime,1386.48,2163.73
P02968,Laptop 008,Computers,Laptop,Apex,1844.43,2292.76
P02969,Desktop PC 001,Computers,Desktop PC,Elite,2282.63,2845.64
P02970,Desktop PC 002,Computers,Desktop PC,Nova,1676.58,2223.63
P02971,Desktop PC 003,Computers,Desktop PC,Vertex,1755.19,2107.79
P02972,Desktop PC 004,Computers,Desktop PC,Orion,1841.97,2640.07
P02973,Desktop PC 005,Computers,Desktop PC,Core,1459.0,2441.73
P02974,Desktop PC 006,Computers,Desktop PC,Urban,2345.91,2814.44
P02975,Desktop PC 007,Computers,Desktop PC,Zenith,1614.69,2032.85
P02976,Desktop PC 008,Computers,Desktop PC,Viva,1403.2,2316.12
P02977,Monitor 001,Computers,Monitor,Prime,1797.55,2887.71
P02978,Monitor 002,Computers,Monitor,Apex,1661.11,2793.94
P02979,Monitor 003,Computers,Monitor,Elite,2256.42,2722.61
P02980,Monitor 004,Computers,Monitor,Nova,2175.81,3545.64
P02981,Monitor 005,Computers,Monitor,Vertex,2075.65,3432.12
P02982,Monitor 006,Computers,Monitor,Orion,1403.15,2103.71
P02983,Monitor 007,Computers,Monitor,Core,1401.02,1640.52
P02984,Monitor 008,Computers,Monitor,Urban,1905.22,2346.38
P02985,Keyboard 001,Computers,Keyboard,Zenith,1750.71,2282.68
P02986,Keyboard 002,Computers,Keyboard,Viva,2110.13,3103.62
P02987,Keyboard 003,Computers,Keyboard,Prime,2201.48,3067.39
P02988,Keyboard 004,Computers,Keyboard,Apex,1521.46,2076.6
P02989,Keyboard 005,Computers,Keyboard,Elite,2009.52,2611.32
P02990,Keyboard 006,Computers,Keyboard,Nova,2569.06,3332.05
P02991,Keyboard 007,Computers,Keyboard,Vertex,1571.73,1859.97
P02992,Keyboard 008,Computers,Keyboard,Orion,1516.92,1789.56
P02993,Mouse 001,Computers,Mouse,Core,1471.69,1942.12
P02994,Mouse 002,Computers,Mouse,Urban,1704.95,2349.22
P02995,Mouse 003,Computers,Mouse,Zenith,1823.2,2395.89
P02996,Mouse 004,Computers,Mouse,Viva,2095.98,3074.62
P02997,Mouse 005,Computers,Mouse,Prime,2447.82,2915.2
P02998,Mouse 006,Computers,Mouse,Apex,2028.65,2486.34
P02999,Mouse 007,Computers,Mouse,Elite,2590.41,4065.69
P03000,Mouse 008,Computers,Mouse,Nova,2591.06,3081.49
P03001,Refrigerator 001,Home Appliances,Refrigerator,Vertex,3146.21,5091.51
P03002,Refrigerator 002,Home Appliances,Refrigerator,Orion,2096.67,3014.03
P03003,Refrigerator 003,Home Appliances,Refrigerator,Core,2705.07,3893.44
P03004,Refrigerator 004,Home Appliances,Refrigerator,Urban,2595.07,3138.14
P03005,Refrigerator 005,Home Appliances,Refrigerator,Zenith,3313.19,3795.48
P03006,Refrigerator 006,Home Appliances,Refrigerator,Viva,2060.55,2563.79
P03007,Refrigerator 007,Home Appliances,Refrigerator,Prime,3116.97,4252.8
P03008,Refrigerator 008,Home Appliances,Refrigerator,Apex,2535.45,3371.33
P03009,Washing Machine 001,Home Appliances,Washing Machine,Elite,2889.46,4785.85
P03010,Washing Machine 002,Home Appliances,Washing Machine,Nova,2323.35,2966.08
P03011,Washing Machine 003,Home Appliances,Washing Machine,Vertex,2139.1,2869.46
P03012,Washing Machine 004,Home Appliances,Washing Machine,Orion,3184.94,3977.77
P03013,Washing Machine 005,Home Appliances,Washing Machine,Core,2279.96,2600.01
P03014,Washing Machine 006,Home Appliances,Washing Machine,Urban,2726.81,3133.72
P03015,Washing Machine 007,Home Appliances,Washing Machine,Zenith,3573.71,4936.34
P03016,Washing Machine 008,Home Appliances,Washing Machine,Viva,2231.7,3005.8
P03017,Microwave Oven 001,Home Appliances,Microwave Oven,Prime,3267.45,4603.53
P03018,Microwave Oven 002,Home Appliances,Microwave Oven,Apex,3457.31,4644.2
P03019,Microwave Oven 003,Home Appliances,Microwave Oven,Elite,2786.72,3519.53
P03020,Microwave Oven 004,Home Appliances,Microwave Oven,Nova,3673.85,5935.67
P03021,Microwave Oven 005,Home Appliances,Microwave Oven,Vertex,3665.44,6211.04
P03022,Microwave Oven 006,Home Appliances,Microwave Oven,Orion,3598.03,5046.7
P03023,Microwave Oven 007,Home Appliances,Microwave Oven,Core,3183.72,3751.09
P03024,Microwave Oven 008,Home Appliances,Microwave Oven,Urban,2691.09,4388.69
P03025,Air Conditioner 001,Home Appliances,Air Conditioner,Zenith,2691.07,3430.24
P03026,Air Conditioner 002,Home Appliances,Air Conditioner,Viva,3047.66,4670.05
P03027,Air Conditioner 003,Home Appliances,Air Conditioner,Prime,2346.08,3117.7
P03028,Air Conditioner 004,Home Appliances,Air Conditioner,Apex,2602.83,4111.31
P03029,Air Conditioner 005,Home Appliances,Air Conditioner,Elite,2333.63,3790.53
P03030,Air Conditioner 006,Home Appliances,Air Conditioner,Nova,2258.5,3505.05
P03031,Air Conditioner 007,Home Appliances,Air Conditioner,Vertex,2550.73,3414.71
P03032,Air Conditioner 008,Home Appliances,Air Conditioner,Orion,3467.1,4601.71
P03033,Mixer Grinder 001,Home Appliances,Mixer Grinder,Core,3065.02,3758.0
P03034,Mixer Grinder 002,Home Appliances,Mixer Grinder,Urban,3499.78,5847.52
P03035,Mixer Grinder 003,Home Appliances,Mixer Grinder,Zenith,2633.3,3674.96
P03036,Mixer Grinder 004,Home Appliances,Mixer Grinder,Viva,2281.57,3626.51
P03037,Mixer Grinder 005,Home Appliances,Mixer Grinder,Prime,2406.31,3812.06
P03038,Mixer Grinder 006,Home Appliances,Mixer Grinder,Apex,2361.48,2889.05
P03039,Mixer Grinder 007,Home Appliances,Mixer Grinder,Elite,3646.93,5498.97
P03040,Mixer Grinder 008,Home Appliances,Mixer Grinder,Nova,2654.36,3559.93
P03041,Office Chair 001,Furniture,Office Chair,Vertex,2041.76,3128.43
P03042,Office Chair 002,Furniture,Office Chair,Orion,1782.0,2470.33
P03043,Office Chair 003,Furniture,Office Chair,Core,2140.03,3071.14
P03044,Office Chair 004,Furniture,Office Chair,Urban,2421.27,4030.84
P03045,Office Chair 005,Furniture,Office Chair,Zenith,2121.6,3335.02
P03046,Office Chair 006,Furniture,Office Chair,Viva,2561.43,3831.68
P03047,Office Chair 007,Furniture,Office Chair,Prime,1984.5,2329.92
P03048,Office Chair 008,Furniture,Office Chair,Apex,2562.9,4271.43
P03049,Study Table 001,Furniture,Study Table,Elite,1686.88,1960.93
P03050,Study Table 002,Furniture,Study Table,Nova,2118.73,3410.36
P03051,Study Table 003,Furniture,Study Table,Vertex,2031.05,3112.43
P03052,Study Table 004,Furniture,Study Table,Orion,1589.07,1792.61
P03053,Study Table 005,Furniture,Study Table,Core,1560.4,2583.76
P03054,Study Table 006,Furniture,Study Table,Urban,1688.2,2150.8
P03055,Study Table 007,Furniture,Study Table,Zenith,2415.63,3135.91
P03056,Study Table 008,Furniture,Study Table,Viva,2165.26,2706.67
P03057,Sofa 001,Furniture,Sofa,Prime,1843.15,2546.67
P03058,Sofa 002,Furniture,Sofa,Apex,1728.61,1988.13
P03059,Sofa 003,Furniture,Sofa,Elite,1490.11,2257.49
P03060,Sofa 004,Furniture,Sofa,Nova,1941.14,3212.87
P03061,Sofa 005,Furniture,Sofa,Vertex,2530.91,3443.75
P03062,Sofa 006,Furniture,Sofa,Orion,1940.31,2612.44
P03063,Sofa 007,Furniture,Sofa,Core,1693.62,2168.94
P03064,Sofa 008,Furniture,Sofa,Urban,1413.88,1867.19
P03065,Bookshelf 001,Furniture,Bookshelf,Zenith,2164.34,3313.71
P03066,Bookshelf 002,Furniture,Bookshelf,Viva,1449.49,2343.8
P03067,Bookshelf 003,Furniture,Bookshelf,Prime,2031.26,2627.46
P03068,Bookshelf 004,Furniture,Bookshelf,Apex,1586.33,1931.14
P03069,Bookshelf 005,Furniture,Bookshelf,Elite,2194.65,3597.66
P03070,Bookshelf 006,Furniture,Bookshelf,Nova,1634.26,2188.35
P03071,Bookshelf 007,Furniture,Bookshelf,Vertex,2027.93,3141.05
P03072,Bookshelf 008,Furniture,Bookshelf,Orion,1908.84,3179.0
P03073,Bed 001,Furniture,Bed,Core,2222.71,2934.45
P03074,Bed 002,Furniture,Bed,Urban,1817.64,3000.94
P03075,Bed 003,Furniture,Bed,Zenith,2053.81,2658.85
P03076,Bed 004,Furniture,Bed,Viva,2553.71,3494.92
P03077,Bed 005,Furniture,Bed,Prime,1940.15,3239.08
P03078,Bed 006,Furniture,Bed,Apex,2478.7,4080.1
P03079,Bed 007,Furniture,Bed,Elite,2477.34,3978.4
P03080,Bed 008,Furniture,Bed,Nova,1698.56,1994.04
P03081,T-Shirt 001,Clothing,T-Shirt,Vertex,279.65,436.31
P03082,T-Shirt 002,Clothing,T-Shirt,Orion,505.3,665.36
P03083,T-Shirt 003,Clothing,T-Shirt,Core,306.86,344.71
P03084,T-Shirt 004,Clothing,T-Shirt,Urban,377.66,516.81
P03085,T-Shirt 005,Clothing,T-Shirt,Zenith,490.67,645.58
P03086,T-Shirt 006,Clothing,T-Shirt,Viva,313.79,381.44
P03087,T-Shirt 007,Clothing,T-Shirt,Prime,315.42,391.32
P03088,T-Shirt 008,Clothing,T-Shirt,Apex,315.76,530.9
P03089,Jeans 001,Clothing,Jeans,Elite,414.18,548.63
P03090,Jeans 002,Clothing,Jeans,Nova,366.72,610.35
P03091,Jeans 003,Clothing,Jeans,Vertex,450.11,646.2
P03092,Jeans 004,Clothing,Jeans,Orion,310.54,425.88
P03093,Jeans 005,Clothing,Jeans,Core,514.61,836.63
P03094,Jeans 006,Clothing,Jeans,Urban,373.88,480.05
P03095,Jeans 007,Clothing,Jeans,Zenith,519.56,777.04
P03096,Jeans 008,Clothing,Jeans,Viva,319.34,538.58
P03097,Shirt 001,Clothing,Shirt,Prime,339.44,398.48
P03098,Shirt 002,Clothing,Shirt,Apex,336.61,528.19
P03099,Shirt 003,Clothing,Shirt,Elite,374.03,532.77
P03100,Shirt 004,Clothing,Shirt,Nova,358.44,608.98
P03101,Shirt 005,Clothing,Shirt,Vertex,469.31,644.88
P03102,Shirt 006,Clothing,Shirt,Orion,304.54,485.0
P03103,Shirt 007,Clothing,Shirt,Core,484.9,726.75
P03104,Shirt 008,Clothing,Shirt,Urban,452.34,545.88
P03105,Jacket 001,Clothing,Jacket,Zenith,418.46,590.03
P03106,Jacket 002,Clothing,Jacket,Viva,315.76,509.6
P03107,Jacket 003,Clothing,Jacket,Prime,441.13,710.99
P03108,Jacket 004,Clothing,Jacket,Apex,454.63,520.03
P03109,Jacket 005,Clothing,Jacket,Elite,363.32,493.88
P03110,Jacket 006,Clothing,Jacket,Nova,449.72,601.52
P03111,Jacket 007,Clothing,Jacket,Vertex,343.56,431.65
P03112,Jacket 008,Clothing,Jacket,Orion,364.44,450.69
P03113,Kurta 001,Clothing,Kurta,Core,389.07,628.27
P03114,Kurta 002,Clothing,Kurta,Urban,334.8,535.0
P03115,Kurta 003,Clothing,Kurta,Zenith,507.22,741.82
P03116,Kurta 004,Clothing,Kurta,Viva,513.96,688.2
P03117,Kurta 005,Clothing,Kurta,Prime,368.23,456.43
P03118,Kurta 006,Clothing,Kurta,Apex,465.37,578.3
P03119,Kurta 007,Clothing,Kurta,Elite,432.97,566.11
P03120,Kurta 008,Clothing,Kurta,Nova,417.03,651.59
P03121,Running Shoes 001,Shoes,Running Shoes,Vertex,674.8,1009.65
P03122,Running Shoes 002,Shoes,Running Shoes,Orion,580.81,717.26
P03123,Running Shoes 003,Shoes,Running Shoes,Core,694.05,1155.24
P03124,Running Shoes 004,Shoes,Running Shoes,Urban,685.98,895.37
P03125,Running Shoes 005,Shoes,Running Shoes,Zenith,646.25,830.26
P03126,Running Shoes 006,Shoes,Running Shoes,Viva,711.38,1054.75
P03127,Running Shoes 007,Shoes,Running Shoes,Prime,676.68,1142.08
P03128,Running Shoes 008,Shoes,Running Shoes,Apex,493.21,713.34
P03129,Casual Shoes 001,Shoes,Casual Shoes,Elite,558.75,706.08
P03130,Casual Shoes 002,Shoes,Casual Shoes,Nova,427.8,486.35
P03131,Casual Shoes 003,Shoes,Casual Shoes,Vertex,597.74,688.68
P03132,Casual Shoes 004,Shoes,Casual Shoes,Orion,404.32,628.35
P03133,Casual Shoes 005,Shoes,Casual Shoes,Core,598.0,830.6
P03134,Casual Shoes 006,Shoes,Casual Shoes,Urban,687.29,804.39
P03135,Casual Shoes 007,Shoes,Casual Shoes,Zenith,629.34,782.21
P03136,Casual Shoes 008,Shoes,Casual Shoes,Viva,698.84,870.28
P03137,Formal Shoes 001,Shoes,Formal Shoes,Prime,569.46,858.4
P03138,Formal Shoes 002,Shoes,Formal Shoes,Apex,661.32,845.55
P03139,Formal Shoes 003,Shoes,Formal Shoes,Elite,403.64,539.34
P03140,Formal Shoes 004,Shoes,Formal Shoes,Nova,468.94,659.58
P03141,Formal Shoes 005,Shoes,Formal Shoes,Vertex,541.05,761.63
P03142,Formal Shoes 006,Shoes,Formal Shoes,Orion,499.98,810.35
P03143,Formal Shoes 007,Shoes,Formal Shoes,Core,450.4,666.55
P03144,Formal Shoes 008,Shoes,Formal Shoes,Urban,578.06,916.24
P03145,Sandals 001,Shoes,Sandals,Zenith,406.99,571.88
P03146,Sandals 002,Shoes,Sandals,Viva,718.0,967.06
P03147,Sandals 003,Shoes,Sandals,Prime,640.68,1046.7
P03148,Sandals 004,Shoes,Sandals,Apex,661.41,835.71
P03149,Sandals 005,Shoes,Sandals,Elite,411.39,634.09
P03150,Sandals 006,Shoes,Sandals,Nova,494.85,561.26
P03151,Sandals 007,Shoes,Sandals,Vertex,530.53,877.19
P03152,Sandals 008,Shoes,Sandals,Orion,399.35,542.6
P03153,Sports Shoes 001,Shoes,Sports Shoes,Core,564.68,800.29
P03154,Sports Shoes 002,Shoes,Sports Shoes,Urban,731.22,1150.87
P03155,Sports Shoes 003,Shoes,Sports Shoes,Zenith,619.48,731.75
P03156,Sports Shoes 004,Shoes,Sports Shoes,Viva,635.89,1048.19
P03157,Sports Shoes 005,Shoes,Sports Shoes,Prime,576.64,652.6
P03158,Sports Shoes 006,Shoes,Sports Shoes,Apex,729.53,899.68
P03159,Sports Shoes 007,Shoes,Sports Shoes,Elite,407.18,542.97
P03160,Sports Shoes 008,Shoes,Sports Shoes,Nova,633.82,998.8
P03161,Face Wash 001,Beauty & Personal Care,Face Wash,Vertex,306.4,446.66
P03162,Face Wash 002,Beauty & Personal Care,Face Wash,Orion,310.09,409.75
P03163,Face Wash 003,Beauty & Personal Care,Face Wash,Core,203.0,227.61
P03164,Face Wash 004,Beauty & Personal Care,Face Wash,Urban,267.72,328.09
P03165,Face Wash 005,Beauty & Personal Care,Face Wash,Zenith,220.94,367.75
P03166,Face Wash 006,Beauty & Personal Care,Face Wash,Viva,172.07,234.3
P03167,Face Wash 007,Beauty & Personal Care,Face Wash,Prime,292.59,480.49
P03168,Face Wash 008,Beauty & Personal Care,Face Wash,Apex,249.39,356.9
P03169,Shampoo 001,Beauty & Personal Care,Shampoo,Elite,299.17,407.57
P03170,Shampoo 002,Beauty & Personal Care,Shampoo,Nova,167.82,215.57
P03171,Shampoo 003,Beauty & Personal Care,Shampoo,Vertex,237.4,373.8
P03172,Shampoo 004,Beauty & Personal Care,Shampoo,Orion,313.98,444.0
P03173,Shampoo 005,Beauty & Personal Care,Shampoo,Core,247.05,279.11
P03174,Shampoo 006,Beauty & Personal Care,Shampoo,Urban,256.31,324.33
P03175,Shampoo 007,Beauty & Personal Care,Shampoo,Zenith,291.05,434.52
P03176,Shampoo 008,Beauty & Personal Care,Shampoo,Viva,226.81,294.14
P03177,Perfume 001,Beauty & Personal Care,Perfume,Prime,257.47,437.51
P03178,Perfume 002,Beauty & Personal Care,Perfume,Apex,246.53,287.94
P03179,Perfume 003,Beauty & Personal Care,Perfume,Elite,255.96,352.61
P03180,Perfume 004,Beauty & Personal Care,Perfume,Nova,263.58,379.77
P03181,Perfume 005,Beauty & Personal Care,Perfume,Vertex,184.44,276.33
P03182,Perfume 006,Beauty & Personal Care,Perfume,Orion,191.35,289.24
P03183,Perfume 007,Beauty & Personal Care,Perfume,Core,297.77,454.02
P03184,Perfume 008,Beauty & Personal Care,Perfume,Urban,278.42,402.96
P03185,Skin Cream 001,Beauty & Personal Care,Skin Cream,Zenith,275.75,373.87
P03186,Skin Cream 002,Beauty & Personal Care,Skin Cream,Viva,236.98,365.14
P03187,Skin Cream 003,Beauty & Personal Care,Skin Cream,Prime,225.87,285.2
P03188,Skin Cream 004,Beauty & Personal Care,Skin Cream,Apex,250.3,413.17
P03189,Skin Cream 005,Beauty & Personal Care,Skin Cream,Elite,298.66,375.29
P03190,Skin Cream 006,Beauty & Personal Care,Skin Cream,Nova,174.68,216.72
P03191,Skin Cream 007,Beauty & Personal Care,Skin Cream,Vertex,245.16,345.08
P03192,Skin Cream 008,Beauty & Personal Care,Skin Cream,Orion,225.2,265.76
P03193,Hair Dryer 001,Beauty & Personal Care,Hair Dryer,Core,203.82,289.61
P03194,Hair Dryer 002,Beauty & Personal Care,Hair Dryer,Urban,230.28,369.89
P03195,Hair Dryer 003,Beauty & Personal Care,Hair Dryer,Zenith,288.35,324.89
P03196,Hair Dryer 004,Beauty & Personal Care,Hair Dryer,Viva,188.93,224.28
P03197,Hair Dryer 005,Beauty & Personal Care,Hair Dryer,Prime,296.35,454.82
P03198,Hair Dryer 006,Beauty & Personal Care,Hair Dryer,Apex,195.65,299.88
P03199,Hair Dryer 007,Beauty & Personal Care,Hair Dryer,Elite,237.44,352.68
P03200,Hair Dryer 008,Beauty & Personal Care,Hair Dryer,Nova,172.73,241.58
P03201,Rice 001,Grocery,Rice,Vertex,139.24,200.48
P03202,Rice 002,Grocery,Rice,Orion,144.16,197.95
P03203,Rice 003,Grocery,Rice,Core,138.89,235.89
P03204,Rice 004,Grocery,Rice,Urban,151.34,180.09
P03205,Rice 005,Grocery,Rice,Zenith,95.47,150.0
P03206,Rice 006,Grocery,Rice,Viva,95.95,147.57
P03207,Rice 007,Grocery,Rice,Prime,121.53,165.59
P03208,Rice 008,Grocery,Rice,Apex,98.05,165.96
P03209,Cooking Oil 001,Grocery,Cooking Oil,Elite,127.17,162.22
P03210,Cooking Oil 002,Grocery,Cooking Oil,Nova,147.37,237.32
P03211,Cooking Oil 003,Grocery,Cooking Oil,Vertex,96.72,160.64
P03212,Cooking Oil 004,Grocery,Cooking Oil,Orion,140.91,171.53
P03213,Cooking Oil 005,Grocery,Cooking Oil,Core,118.96,137.86
P03214,Cooking Oil 006,Grocery,Cooking Oil,Urban,91.77,138.24
P03215,Cooking Oil 007,Grocery,Cooking Oil,Zenith,121.36,172.33
P03216,Cooking Oil 008,Grocery,Cooking Oil,Viva,107.09,146.52
P03217,Tea 001,Grocery,Tea,Prime,99.31,164.34
P03218,Tea 002,Grocery,Tea,Apex,154.18,175.83
P03219,Tea 003,Grocery,Tea,Elite,108.46,133.03
P03220,Tea 004,Grocery,Tea,Nova,155.72,255.9
P03221,Tea 005,Grocery,Tea,Vertex,148.64,252.29
P03222,Tea 006,Grocery,Tea,Orion,129.94,204.5
P03223,Tea 007,Grocery,Tea,Core,110.18,179.74
P03224,Tea 008,Grocery,Tea,Urban,120.87,168.12
P03225,Coffee 001,Grocery,Coffee,Zenith,120.37,166.82
P03226,Coffee 002,Grocery,Coffee,Viva,133.27,171.51
P03227,Coffee 003,Grocery,Coffee,Prime,143.66,233.41
P03228,Coffee 004,Grocery,Coffee,Apex,107.51,180.01
P03229,Coffee 005,Grocery,Coffee,Elite,132.53,225.27
P03230,Coffee 006,Grocery,Coffee,Nova,90.44,152.72
P03231,Coffee 007,Grocery,Coffee,Vertex,135.11,160.74
P03232,Coffee 008,Grocery,Coffee,Orion,124.51,208.52
P03233,Packaged Snacks 001,Grocery,Packaged Snacks,Core,123.24,180.98
P03234,Packaged Snacks 002,Grocery,Packaged Snacks,Urban,84.18,111.64
P03235,Packaged Snacks 003,Grocery,Packaged Snacks,Zenith,117.31,173.5
P03236,Packaged Snacks 004,Grocery,Packaged Snacks,Viva,151.43,254.4
P03237,Packaged Snacks 005,Grocery,Packaged Snacks,Prime,147.09,177.17
P03238,Packaged Snacks 006,Grocery,Packaged Snacks,Apex,89.28,134.4
P03239,Packaged Snacks 007,Grocery,Packaged Snacks,Elite,106.75,170.94
P03240,Packaged Snacks 008,Grocery,Packaged Snacks,Nova,119.74,150.71
P03241,Cricket Bat 001,Sports,Cricket Bat,Vertex,491.49,692.44
P03242,Cricket Bat 002,Sports,Cricket Bat,Orion,622.37,868.15
P03243,Cricket Bat 003,Sports,Cricket Bat,Core,504.95,578.11
P03244,Cricket Bat 004,Sports,Cricket Bat,Urban,548.4,808.39
P03245,Cricket Bat 005,Sports,Cricket Bat,Zenith,414.44,701.08
P03246,Cricket Bat 006,Sports,Cricket Bat,Viva,521.45,694.07
P03247,Cricket Bat 007,Sports,Cricket Bat,Prime,442.33,645.63
P03248,Cricket Bat 008,Sports,Cricket Bat,Apex,349.68,592.02
P03249,Football 001,Sports,Football,Elite,485.64,671.68
P03250,Football 002,Sports,Football,Nova,416.46,546.9
P03251,Football 003,Sports,Football,Vertex,428.59,718.08
P03252,Football 004,Sports,Football,Orion,427.87,656.86
P03253,Football 005,Sports,Football,Core,485.98,586.19
P03254,Football 006,Sports,Football,Urban,476.21,553.83
P03255,Football 007,Sports,Football,Zenith,498.21,761.85
P03256,Football 008,Sports,Football,Viva,436.37,576.02
P03257,Yoga Mat 001,Sports,Yoga Mat,Prime,350.07,451.84
P03258,Yoga Mat 002,Sports,Yoga Mat,Apex,428.36,547.55
P03259,Yoga Mat 003,Sports,Yoga Mat,Elite,516.83,637.59
P03260,Yoga Mat 004,Sports,Yoga Mat,Nova,590.05,734.26
P03261,Yoga Mat 005,Sports,Yoga Mat,Vertex,476.75,791.97
P03262,Yoga Mat 006,Sports,Yoga Mat,Orion,575.65,816.87
P03263,Yoga Mat 007,Sports,Yoga Mat,Core,478.34,558.29
P03264,Yoga Mat 008,Sports,Yoga Mat,Urban,614.74,720.8
P03265,Badminton Racket 001,Sports,Badminton Racket,Zenith,533.72,820.1
P03266,Badminton Racket 002,Sports,Badminton Racket,Viva,603.45,701.68
P03267,Badminton Racket 003,Sports,Badminton Racket,Prime,625.85,786.47
P03268,Badminton Racket 004,Sports,Badminton Racket,Apex,355.71,412.1
P03269,Badminton Racket 005,Sports,Badminton Racket,Elite,397.54,484.95
P03270,Badminton Racket 006,Sports,Badminton Racket,Nova,472.42,665.7
P03271,Badminton Racket 007,Sports,Badminton Racket,Vertex,380.77,445.35
P03272,Badminton Racket 008,Sports,Badminton Racket,Orion,528.73,715.26
P03273,Dumbbells 001,Sports,Dumbbells,Core,357.1,598.76
P03274,Dumbbells 002,Sports,Dumbbells,Urban,543.66,669.11
P03275,Dumbbells 003,Sports,Dumbbells,Zenith,374.59,440.94
P03276,Dumbbells 004,Sports,Dumbbells,Viva,522.96,758.76
P03277,Dumbbells 005,Sports,Dumbbells,Prime,589.24,812.95
P03278,Dumbbells 006,Sports,Dumbbells,Apex,449.16,568.75
P03279,Dumbbells 007,Sports,Dumbbells,Elite,476.69,727.07
P03280,Dumbbells 008,Sports,Dumbbells,Nova,523.06,777.48
P03281,Business Book 001,Books,Business Book,Vertex,204.93,261.39
P03282,Business Book 002,Books,Business Book,Orion,189.78,313.63
P03283,Business Book 003,Books,Business Book,Core,217.66,325.65
P03284,Business Book 004,Books,Business Book,Urban,196.24,297.96
P03285,Business Book 005,Books,Business Book,Zenith,194.43,305.67
P03286,Business Book 006,Books,Business Book,Viva,148.98,246.45
P03287,Business Book 007,Books,Business Book,Prime,210.76,240.78
P03288,Business Book 008,Books,Business Book,Apex,143.09,218.41
P03289,Technology Book 001,Books,Technology Book,Elite,151.87,199.37
P03290,Technology Book 002,Books,Technology Book,Nova,143.06,219.73
P03291,Technology Book 003,Books,Technology Book,Vertex,234.56,276.59
P03292,Technology Book 004,Books,Technology Book,Orion,204.47,284.75
P03293,Technology Book 005,Books,Technology Book,Core,228.4,300.49
P03294,Technology Book 006,Books,Technology Book,Urban,247.71,376.27
P03295,Technology Book 007,Books,Technology Book,Zenith,204.73,268.0
P03296,Technology Book 008,Books,Technology Book,Viva,247.95,325.71
P03297,Fiction Book 001,Books,Fiction Book,Prime,210.48,320.95
P03298,Fiction Book 002,Books,Fiction Book,Apex,192.14,296.23
P03299,Fiction Book 003,Books,Fiction Book,Elite,154.51,262.02
P03300,Fiction Book 004,Books,Fiction Book,Nova,190.09,288.11
P03301,Fiction Book 005,Books,Fiction Book,Vertex,224.96,316.74
P03302,Fiction Book 006,Books,Fiction Book,Orion,177.14,222.59
P03303,Fiction Book 007,Books,Fiction Book,Core,184.44,227.37
P03304,Fiction Book 008,Books,Fiction Book,Urban,160.06,251.97
P03305,Exam Preparation Book 001,Books,Exam Preparation Book,Zenith,244.47,323.64
P03306,Exam Preparation Book 002,Books,Exam Preparation Book,Viva,187.9,270.44
P03307,Exam Preparation Book 003,Books,Exam Preparation Book,Prime,200.57,296.22
P03308,Exam Preparation Book 004,Books,Exam Preparation Book,Apex,198.62,260.8
P03309,Exam Preparation Book 005,Books,Exam Preparation Book,Elite,208.27,280.36
P03310,Exam Preparation Book 006,Books,Exam Preparation Book,Nova,240.06,300.16
P03311,Exam Preparation Book 007,Books,Exam Preparation Book,Vertex,202.29,320.86
P03312,Exam Preparation Book 008,Books,Exam Preparation Book,Orion,144.4,238.46
P03313,Self Help Book 001,Books,Self Help Book,Core,168.36,283.67
P03314,Self Help Book 002,Books,Self Help Book,Urban,144.61,198.88
P03315,Self Help Book 003,Books,Self Help Book,Zenith,204.16,262.74
P03316,Self Help Book 004,Books,Self Help Book,Viva,242.54,290.68
P03317,Self Help Book 005,Books,Self Help Book,Prime,158.4,183.93
P03318,Self Help Book 006,Books,Self Help Book,Apex,163.22,243.57
P03319,Self Help Book 007,Books,Self Help Book,Elite,164.79,199.23
P03320,Self Help Book 008,Books,Self Help Book,Nova,144.18,185.16
P03321,Board Game 001,Toys,Board Game,Vertex,282.58,454.92
P03322,Board Game 002,Toys,Board Game,Orion,242.22,386.4
P03323,Board Game 003,Toys,Board Game,Core,303.75,405.67
P03324,Board Game 004,Toys,Board Game,Urban,329.84,541.03
P03325,Board Game 005,Toys,Board Game,Zenith,403.75,658.23
P03326,Board Game 006,Toys,Board Game,Viva,363.18,527.06
P03327,Board Game 007,Toys,Board Game,Prime,364.3,434.92
P03328,Board Game 008,Toys,Board Game,Apex,235.35,319.34
P03329,Remote Car 001,Toys,Remote Car,Elite,290.16,439.18
P03330,Remote Car 002,Toys,Remote Car,Nova,351.15,398.65
P03331,Remote Car 003,Toys,Remote Car,Vertex,379.56,519.46
P03332,Remote Car 004,Toys,Remote Car,Orion,329.24,528.38
P03333,Remote Car 005,Toys,Remote Car,Core,409.92,616.21
P03334,Remote Car 006,Toys,Remote Car,Urban,278.18,425.35
P03335,Remote Car 007,Toys,Remote Car,Zenith,383.62,498.49
P03336,Remote Car 008,Toys,Remote Car,Viva,223.82,309.54
P03337,Puzzle 001,Toys,Puzzle,Prime,292.81,457.07
P03338,Puzzle 002,Toys,Puzzle,Apex,336.05,405.99
P03339,Puzzle 003,Toys,Puzzle,Elite,260.59,384.04
P03340,Puzzle 004,Toys,Puzzle,Nova,366.9,541.09
P03341,Puzzle 005,Toys,Puzzle,Vertex,299.27,455.16
P03342,Puzzle 006,Toys,Puzzle,Orion,407.62,626.76
P03343,Puzzle 007,Toys,Puzzle,Core,393.83,660.29
P03344,Puzzle 008,Toys,Puzzle,Urban,360.98,569.63
P03345,Building Blocks 001,Toys,Building Blocks,Zenith,244.19,394.87
P03346,Building Blocks 002,Toys,Building Blocks,Viva,298.43,422.58
P03347,Building Blocks 003,Toys,Building Blocks,Prime,283.74,349.69
P03348,Building Blocks 004,Toys,Building Blocks,Apex,400.81,673.53
P03349,Building Blocks 005,Toys,Building Blocks,Elite,354.24,417.75
P03350,Building Blocks 006,Toys,Building Blocks,Nova,301.08,383.14
P03351,Building Blocks 007,Toys,Building Blocks,Vertex,388.68,564.59
P03352,Building Blocks 008,Toys,Building Blocks,Orion,269.65,397.73
P03353,Educational Toy 001,Toys,Educational Toy,Core,351.04,517.67
P03354,Educational Toy 002,Toys,Educational Toy,Urban,339.47,421.89
P03355,Educational Toy 003,Toys,Educational Toy,Zenith,250.77,326.64
P03356,Educational Toy 004,Toys,Educational Toy,Viva,228.34,279.93
P03357,Educational Toy 005,Toys,Educational Toy,Prime,413.39,472.67
P03358,Educational Toy 006,Toys,Educational Toy,Apex,351.39,477.05
P03359,Educational Toy 007,Toys,Educational Toy,Elite,255.75,375.64
P03360,Educational Toy 008,Toys,Educational Toy,Nova,311.53,506.88
P03361,LED TV 001,Electronics,LED TV,Vertex,1211.43,1462.65
P03362,LED TV 002,Electronics,LED TV,Orion,1385.78,2346.53
P03363,LED TV 003,Electronics,LED TV,Core,1441.19,1811.49
P03364,LED TV 004,Electronics,LED TV,Urban,1035.08,1181.46
P03365,LED TV 005,Electronics,LED TV,Zenith,1160.05,1544.98
P03366,LED TV 006,Electronics,LED TV,Viva,1410.39,1618.55
P03367,LED TV 007,Electronics,LED TV,Prime,1028.57,1220.66
P03368,LED TV 008,Electronics,LED TV,Apex,1105.16,1488.63
P03369,Bluetooth Speaker 001,Electronics,Bluetooth Speaker,Elite,1131.96,1853.56
P03370,Bluetooth Speaker 002,Electronics,Bluetooth Speaker,Nova,1188.55,1762.95
P03371,Bluetooth Speaker 003,Electronics,Bluetooth Speaker,Vertex,985.34,1229.7
P03372,Bluetooth Speaker 004,Electronics,Bluetooth Speaker,Orion,1419.18,1647.72
P03373,Bluetooth Speaker 005,Electronics,Bluetooth Speaker,Core,1516.4,2543.17
P03374,Bluetooth Speaker 006,Electronics,Bluetooth Speaker,Urban,849.92,1073.63
P03375,Bluetooth Speaker 007,Electronics,Bluetooth Speaker,Zenith,834.86,1132.2
P03376,Bluetooth Speaker 008,Electronics,Bluetooth Speaker,Viva,1424.22,1771.86
P03377,Wireless Headphones 001,Electronics,Wireless Headphones,Prime,1146.79,1373.24
P03378,Wireless Headphones 002,Electronics,Wireless Headphones,Apex,939.75,1190.28
P03379,Wireless Headphones 003,Electronics,Wireless Headphones,Elite,1115.8,1320.85
P03380,Wireless Headphones 004,Electronics,Wireless Headphones,Nova,911.25,1096.07
P03381,Wireless Headphones 005,Electronics,Wireless Headphones,Vertex,1338.09,1923.67
P03382,Wireless Headphones 006,Electronics,Wireless Headphones,Orion,1472.98,2184.19
P03383,Wireless Headphones 007,Electronics,Wireless Headphones,Core,1505.7,2232.83
P03384,Wireless Headphones 008,Electronics,Wireless Headphones,Urban,1442.84,1995.81
P03385,Smart Watch 001,Electronics,Smart Watch,Zenith,1329.32,2211.44
P03386,Smart Watch 002,Electronics,Smart Watch,Viva,845.03,956.32
P03387,Smart Watch 003,Electronics,Smart Watch,Prime,1081.44,1632.31
P03388,Smart Watch 004,Electronics,Smart Watch,Apex,976.99,1397.07
P03389,Smart Watch 005,Electronics,Smart Watch,Elite,1229.68,1666.27
P03390,Smart Watch 006,Electronics,Smart Watch,Nova,1169.35,1649.28
P03391,Smart Watch 007,Electronics,Smart Watch,Vertex,1528.98,2377.97
P03392,Smart Watch 008,Electronics,Smart Watch,Orion,1248.24,1946.22
P03393,Digital Camera 001,Electronics,Digital Camera,Core,1560.41,2063.32
P03394,Digital Camera 002,Electronics,Digital Camera,Urban,1525.09,2531.99
P03395,Digital Camera 003,Electronics,Digital Camera,Zenith,1001.45,1685.65
P03396,Digital Camera 004,Electronics,Digital Camera,Viva,1397.54,2046.86
P03397,Digital Camera 005,Electronics,Digital Camera,Prime,1091.13,1790.23
P03398,Digital Camera 006,Electronics,Digital Camera,Apex,1290.75,1959.64
P03399,Digital Camera 007,Electronics,Digital Camera,Elite,1249.41,2123.45
P03400,Digital Camera 008,Electronics,Digital Camera,Nova,1189.74,1548.76
P03401,Smartphone 001,Mobile & Accessories,Smartphone,Vertex,309.91,437.69
P03402,Smartphone 002,Mobile & Accessories,Smartphone,Orion,344.08,413.78
P03403,Smartphone 003,Mobile & Accessories,Smartphone,Core,472.1,779.17
P03404,Smartphone 004,Mobile & Accessories,Smartphone,Urban,495.97,714.73
P03405,Smartphone 005,Mobile & Accessories,Smartphone,Zenith,318.78,406.69
P03406,Smartphone 006,Mobile & Accessories,Smartphone,Viva,401.88,463.03
P03407,Smartphone 007,Mobile & Accessories,Smartphone,Prime,364.7,554.69
P03408,Smartphone 008,Mobile & Accessories,Smartphone,Apex,519.04,581.43
P03409,Power Bank 001,Mobile & Accessories,Power Bank,Elite,358.65,574.02
P03410,Power Bank 002,Mobile & Accessories,Power Bank,Nova,516.7,590.96
P03411,Power Bank 003,Mobile & Accessories,Power Bank,Vertex,336.51,399.76
P03412,Power Bank 004,Mobile & Accessories,Power Bank,Orion,494.82,751.13
P03413,Power Bank 005,Mobile & Accessories,Power Bank,Core,478.14,608.03
P03414,Power Bank 006,Mobile & Accessories,Power Bank,Urban,500.03,766.47
P03415,Power Bank 007,Mobile & Accessories,Power Bank,Zenith,421.94,533.25
P03416,Power Bank 008,Mobile & Accessories,Power Bank,Viva,373.16,516.34
P03417,Phone Case 001,Mobile & Accessories,Phone Case,Prime,393.41,519.28
P03418,Phone Case 002,Mobile & Accessories,Phone Case,Apex,491.72,591.55
P03419,Phone Case 003,Mobile & Accessories,Phone Case,Elite,286.1,480.66
P03420,Phone Case 004,Mobile & Accessories,Phone Case,Nova,481.97,784.36
P03421,Phone Case 005,Mobile & Accessories,Phone Case,Vertex,409.86,654.14
P03422,Phone Case 006,Mobile & Accessories,Phone Case,Orion,523.52,815.66
P03423,Phone Case 007,Mobile & Accessories,Phone Case,Core,496.27,708.25
P03424,Phone Case 008,Mobile & Accessories,Phone Case,Urban,321.19,387.05
P03425,USB Cable 001,Mobile & Accessories,USB Cable,Zenith,345.5,565.66
P03426,USB Cable 002,Mobile & Accessories,USB Cable,Viva,513.52,840.02
P03427,USB Cable 003,Mobile & Accessories,USB Cable,Prime,426.37,558.12
P03428,USB Cable 004,Mobile & Accessories,USB Cable,Apex,480.05,798.58
P03429,USB Cable 005,Mobile & Accessories,USB Cable,Elite,370.08,614.2
P03430,USB Cable 006,Mobile & Accessories,USB Cable,Nova,387.87,601.65
P03431,USB Cable 007,Mobile & Accessories,USB Cable,Vertex,505.38,683.84
P03432,USB Cable 008,Mobile & Accessories,USB Cable,Orion,492.21,669.45
P03433,Fast Charger 001,Mobile & Accessories,Fast Charger,Core,411.37,658.03
P03434,Fast Charger 002,Mobile & Accessories,Fast Charger,Urban,496.14,812.4
P03435,Fast Charger 003,Mobile & Accessories,Fast Charger,Zenith,515.36,814.51
P03436,Fast Charger 004,Mobile & Accessories,Fast Charger,Viva,522.83,825.77
P03437,Fast Charger 005,Mobile & Accessories,Fast Charger,Prime,438.13,680.11
P03438,Fast Charger 006,Mobile & Accessories,Fast Charger,Apex,453.12,507.59
P03439,Fast Charger 007,Mobile & Accessories,Fast Charger,Elite,287.91,357.81
P03440,Fast Charger 008,Mobile & Accessories,Fast Charger,Nova,394.97,620.97
P03441,Laptop 001,Computers,Laptop,Vertex,2237.01,2826.9
P03442,Laptop 002,Computers,Laptop,Orion,2408.68,3865.1
P03443,Laptop 003,Computers,Laptop,Core,2525.57,3473.24
P03444,Laptop 004,Computers,Laptop,Urban,2056.75,3304.47
P03445,Laptop 005,Computers,Laptop,Zenith,2614.5,3579.65
P03446,Laptop 006,Computers,Laptop,Viva,2595.02,4279.39
P03447,Laptop 007,Computers,Laptop,Prime,1430.79,1766.61
P03448,Laptop 008,Computers,Laptop,Apex,1641.9,1866.41
P03449,Desktop PC 001,Computers,Desktop PC,Elite,1999.99,2326.05
P03450,Desktop PC 002,Computers,Desktop PC,Nova,1682.51,2158.6
P03451,Desktop PC 003,Computers,Desktop PC,Vertex,2120.46,3553.04
P03452,Desktop PC 004,Computers,Desktop PC,Orion,1455.83,2105.56
P03453,Desktop PC 005,Computers,Desktop PC,Core,2534.67,4289.89
P03454,Desktop PC 006,Computers,Desktop PC,Urban,1703.2,2162.2
P03455,Desktop PC 007,Computers,Desktop PC,Zenith,1663.25,2038.52
P03456,Desktop PC 008,Computers,Desktop PC,Viva,2026.57,2580.91
P03457,Monitor 001,Computers,Monitor,Prime,1984.53,2374.69
P03458,Monitor 002,Computers,Monitor,Apex,2428.69,3076.37
P03459,Monitor 003,Computers,Monitor,Elite,2355.02,2776.3
P03460,Monitor 004,Computers,Monitor,Nova,1973.06,3191.91
P03461,Monitor 005,Computers,Monitor,Vertex,1462.71,2010.8
P03462,Monitor 006,Computers,Monitor,Orion,2178.25,3417.19
P03463,Monitor 007,Computers,Monitor,Core,2162.23,2861.25
P03464,Monitor 008,Computers,Monitor,Urban,1767.15,2783.53
P03465,Keyboard 001,Computers,Keyboard,Zenith,1566.31,1838.17
P03466,Keyboard 002,Computers,Keyboard,Viva,1713.01,2618.13
P03467,Keyboard 003,Computers,Keyboard,Prime,2233.75,3225.55
P03468,Keyboard 004,Computers,Keyboard,Apex,1673.47,2135.6
P03469,Keyboard 005,Computers,Keyboard,Elite,2104.97,2436.37
P03470,Keyboard 006,Computers,Keyboard,Nova,2545.63,4229.94
P03471,Keyboard 007,Computers,Keyboard,Vertex,1460.01,2415.86
P03472,Keyboard 008,Computers,Keyboard,Orion,1890.24,2657.67
P03473,Mouse 001,Computers,Mouse,Core,2005.83,3065.18
P03474,Mouse 002,Computers,Mouse,Urban,2598.43,3729.06
P03475,Mouse 003,Computers,Mouse,Zenith,2049.38,3413.8
P03476,Mouse 004,Computers,Mouse,Viva,2188.94,2658.73
P03477,Mouse 005,Computers,Mouse,Prime,2561.65,3008.99
P03478,Mouse 006,Computers,Mouse,Apex,2581.76,4183.79
P03479,Mouse 007,Computers,Mouse,Elite,1614.26,1927.96
P03480,Mouse 008,Computers,Mouse,Nova,2083.21,3466.59
P03481,Refrigerator 001,Home Appliances,Refrigerator,Vertex,2753.52,4158.39
P03482,Refrigerator 002,Home Appliances,Refrigerator,Orion,2230.43,2560.76
P03483,Refrigerator 003,Home Appliances,Refrigerator,Core,2624.24,3171.87
P03484,Refrigerator 004,Home Appliances,Refrigerator,Urban,1994.43,2244.64
P03485,Refrigerator 005,Home Appliances,Refrigerator,Zenith,2661.51,3557.93
P03486,Refrigerator 006,Home Appliances,Refrigerator,Viva,3134.45,4676.19
P03487,Refrigerator 007,Home Appliances,Refrigerator,Prime,3007.32,4453.05
P03488,Refrigerator 008,Home Appliances,Refrigerator,Apex,2292.43,3681.4
P03489,Washing Machine 001,Home Appliances,Washing Machine,Elite,1955.65,2557.52
P03490,Washing Machine 002,Home Appliances,Washing Machine,Nova,2179.51,3378.51
P03491,Washing Machine 003,Home Appliances,Washing Machine,Vertex,2796.66,3429.17
P03492,Washing Machine 004,Home Appliances,Washing Machine,Orion,2282.29,3124.26
P03493,Washing Machine 005,Home Appliances,Washing Machine,Core,2320.32,2951.6
P03494,Washing Machine 006,Home Appliances,Washing Machine,Urban,3476.87,4637.35
P03495,Washing Machine 007,Home Appliances,Washing Machine,Zenith,2190.2,2895.92
P03496,Washing Machine 008,Home Appliances,Washing Machine,Viva,3508.12,4615.65
P03497,Microwave Oven 001,Home Appliances,Microwave Oven,Prime,2767.01,3270.95
P03498,Microwave Oven 002,Home Appliances,Microwave Oven,Apex,2048.9,2777.07
P03499,Microwave Oven 003,Home Appliances,Microwave Oven,Elite,1979.54,3296.9
P03500,Microwave Oven 004,Home Appliances,Microwave Oven,Nova,1991.32,2791.53
P03501,Microwave Oven 005,Home Appliances,Microwave Oven,Vertex,2535.21,2942.07
P03502,Microwave Oven 006,Home Appliances,Microwave Oven,Orion,2741.9,3445.01
P03503,Microwave Oven 007,Home Appliances,Microwave Oven,Core,3075.72,3466.44
P03504,Microwave Oven 008,Home Appliances,Microwave Oven,Urban,3276.58,3936.55
P03505,Air Conditioner 001,Home Appliances,Air Conditioner,Zenith,3022.19,5080.63
P03506,Air Conditioner 002,Home Appliances,Air Conditioner,Viva,3020.68,4321.72
P03507,Air Conditioner 003,Home Appliances,Air Conditioner,Prime,2740.76,3923.31
P03508,Air Conditioner 004,Home Appliances,Air Conditioner,Apex,2697.91,3922.81
P03509,Air Conditioner 005,Home Appliances,Air Conditioner,Elite,3079.02,3634.37
P03510,Air Conditioner 006,Home Appliances,Air Conditioner,Nova,3648.47,5609.48
P03511,Air Conditioner 007,Home Appliances,Air Conditioner,Vertex,3174.37,4415.89
P03512,Air Conditioner 008,Home Appliances,Air Conditioner,Orion,2379.23,2742.55
P03513,Mixer Grinder 001,Home Appliances,Mixer Grinder,Core,2872.92,3468.61
P03514,Mixer Grinder 002,Home Appliances,Mixer Grinder,Urban,2036.59,3388.25
P03515,Mixer Grinder 003,Home Appliances,Mixer Grinder,Zenith,3557.7,5157.76
P03516,Mixer Grinder 004,Home Appliances,Mixer Grinder,Viva,2625.5,3503.12
P03517,Mixer Grinder 005,Home Appliances,Mixer Grinder,Prime,2486.83,3524.66
P03518,Mixer Grinder 006,Home Appliances,Mixer Grinder,Apex,2377.29,3095.66
P03519,Mixer Grinder 007,Home Appliances,Mixer Grinder,Elite,3264.47,5201.46
P03520,Mixer Grinder 008,Home Appliances,Mixer Grinder,Nova,3352.45,3907.55
P03521,Office Chair 001,Furniture,Office Chair,Vertex,2541.32,2936.47
P03522,Office Chair 002,Furniture,Office Chair,Orion,1929.09,2167.75
P03523,Office Chair 003,Furniture,Office Chair,Core,1408.75,1913.64
P03524,Office Chair 004,Furniture,Office Chair,Urban,2204.15,3660.26
P03525,Office Chair 005,Furniture,Office Chair,Zenith,1426.72,1747.06
P03526,Office Chair 006,Furniture,Office Chair,Viva,2155.55,3590.06
P03527,Office Chair 007,Furniture,Office Chair,Prime,2429.52,3015.56
P03528,Office Chair 008,Furniture,Office Chair,Apex,1797.92,2558.12
P03529,Study Table 001,Furniture,Study Table,Elite,1752.35,1962.96
P03530,Study Table 002,Furniture,Study Table,Nova,1662.58,2617.24
P03531,Study Table 003,Furniture,Study Table,Vertex,2180.96,3635.79
P03532,Study Table 004,Furniture,Study Table,Orion,1412.5,2390.73
P03533,Study Table 005,Furniture,Study Table,Core,1499.28,1713.6
P03534,Study Table 006,Furniture,Study Table,Urban,1687.0,1906.02
P03535,Study Table 007,Furniture,Study Table,Zenith,1595.34,2043.98
P03536,Study Table 008,Furniture,Study Table,Viva,2198.92,3066.78
P03537,Sofa 001,Furniture,Sofa,Prime,2538.68,3183.73
P03538,Sofa 002,Furniture,Sofa,Apex,2077.21,3070.9
P03539,Sofa 003,Furniture,Sofa,Elite,2323.0,3200.03
P03540,Sofa 004,Furniture,Sofa,Nova,2494.73,2816.28
P03541,Sofa 005,Furniture,Sofa,Vertex,1605.5,2449.89
P03542,Sofa 006,Furniture,Sofa,Orion,2547.01,4110.78
P03543,Sofa 007,Furniture,Sofa,Core,2522.88,3449.96
P03544,Sofa 008,Furniture,Sofa,Urban,2612.85,3643.5
P03545,Bookshelf 001,Furniture,Bookshelf,Zenith,1507.78,2390.07
P03546,Bookshelf 002,Furniture,Bookshelf,Viva,1906.11,2148.01
P03547,Bookshelf 003,Furniture,Bookshelf,Prime,1517.32,2400.15
P03548,Bookshelf 004,Furniture,Bookshelf,Apex,2348.8,3482.15
P03549,Bookshelf 005,Furniture,Bookshelf,Elite,1425.43,1792.25
P03550,Bookshelf 006,Furniture,Bookshelf,Nova,1461.44,1949.16
P03551,Bookshelf 007,Furniture,Bookshelf,Vertex,2217.4,2753.43
P03552,Bookshelf 008,Furniture,Bookshelf,Orion,2442.77,3132.64
P03553,Bed 001,Furniture,Bed,Core,2610.49,4287.89
P03554,Bed 002,Furniture,Bed,Urban,1677.25,2198.23
P03555,Bed 003,Furniture,Bed,Zenith,1869.07,2769.22
P03556,Bed 004,Furniture,Bed,Viva,1660.32,2816.26
P03557,Bed 005,Furniture,Bed,Prime,2274.67,2857.61
P03558,Bed 006,Furniture,Bed,Apex,2229.49,3534.57
P03559,Bed 007,Furniture,Bed,Elite,2153.79,2691.21
P03560,Bed 008,Furniture,Bed,Nova,2311.59,3311.41
P03561,T-Shirt 001,Clothing,T-Shirt,Vertex,297.07,405.7
P03562,T-Shirt 002,Clothing,T-Shirt,Orion,281.12,466.42
P03563,T-Shirt 003,Clothing,T-Shirt,Core,436.06,689.98
P03564,T-Shirt 004,Clothing,T-Shirt,Urban,457.94,688.28
P03565,T-Shirt 005,Clothing,T-Shirt,Zenith,507.85,830.81
P03566,T-Shirt 006,Clothing,T-Shirt,Viva,439.34,611.82
P03567,T-Shirt 007,Clothing,T-Shirt,Prime,490.18,565.61
P03568,T-Shirt 008,Clothing,T-Shirt,Apex,435.05,626.19
P03569,Jeans 001,Clothing,Jeans,Elite,340.03,387.36
P03570,Jeans 002,Clothing,Jeans,Nova,401.48,659.84
P03571,Jeans 003,Clothing,Jeans,Vertex,322.61,474.16
P03572,Jeans 004,Clothing,Jeans,Orion,472.89,615.4
P03573,Jeans 005,Clothing,Jeans,Core,426.11,719.57
P03574,Jeans 006,Clothing,Jeans,Urban,283.23,431.59
P03575,Jeans 007,Clothing,Jeans,Zenith,464.02,714.37
P03576,Jeans 008,Clothing,Jeans,Viva,359.07,494.9
P03577,Shirt 001,Clothing,Shirt,Prime,351.54,419.39
P03578,Shirt 002,Clothing,Shirt,Apex,504.66,804.39
P03579,Shirt 003,Clothing,Shirt,Elite,420.55,607.02
P03580,Shirt 004,Clothing,Shirt,Nova,488.55,786.74
P03581,Shirt 005,Clothing,Shirt,Vertex,503.09,694.05
P03582,Shirt 006,Clothing,Shirt,Orion,278.45,333.17
P03583,Shirt 007,Clothing,Shirt,Core,282.71,398.67
P03584,Shirt 008,Clothing,Shirt,Urban,281.06,330.68
P03585,Jacket 001,Clothing,Jacket,Zenith,427.9,550.51
P03586,Jacket 002,Clothing,Jacket,Viva,309.76,389.34
P03587,Jacket 003,Clothing,Jacket,Prime,290.2,460.59
P03588,Jacket 004,Clothing,Jacket,Apex,364.34,538.96
P03589,Jacket 005,Clothing,Jacket,Elite,289.32,467.34
P03590,Jacket 006,Clothing,Jacket,Nova,494.61,629.65
P03591,Jacket 007,Clothing,Jacket,Vertex,338.6,471.11
P03592,Jacket 008,Clothing,Jacket,Orion,472.27,753.12
P03593,Kurta 001,Clothing,Kurta,Core,357.21,432.72
P03594,Kurta 002,Clothing,Kurta,Urban,435.87,728.59
P03595,Kurta 003,Clothing,Kurta,Zenith,384.85,630.3
P03596,Kurta 004,Clothing,Kurta,Viva,365.83,595.39
P03597,Kurta 005,Clothing,Kurta,Prime,398.58,587.02
P03598,Kurta 006,Clothing,Kurta,Apex,384.16,565.21
P03599,Kurta 007,Clothing,Kurta,Elite,305.73,413.62
P03600,Kurta 008,Clothing,Kurta,Nova,417.49,633.88
P03601,Running Shoes 001,Shoes,Running Shoes,Vertex,721.76,929.81
P03602,Running Shoes 002,Shoes,Running Shoes,Orion,698.29,1173.33
P03603,Running Shoes 003,Shoes,Running Shoes,Core,566.48,819.92
P03604,Running Shoes 004,Shoes,Running Shoes,Urban,647.44,986.48
P03605,Running Shoes 005,Shoes,Running Shoes,Zenith,548.79,849.02
P03606,Running Shoes 006,Shoes,Running Shoes,Viva,711.27,1062.11
P03607,Running Shoes 007,Shoes,Running Shoes,Prime,638.99,1025.1
P03608,Running Shoes 008,Shoes,Running Shoes,Apex,539.33,709.4
P03609,Casual Shoes 001,Shoes,Casual Shoes,Elite,701.41,1026.05
P03610,Casual Shoes 002,Shoes,Casual Shoes,Nova,609.73,820.76
P03611,Casual Shoes 003,Shoes,Casual Shoes,Vertex,500.61,608.2
P03612,Casual Shoes 004,Shoes,Casual Shoes,Orion,517.93,718.63
P03613,Casual Shoes 005,Shoes,Casual Shoes,Core,732.99,952.33
P03614,Casual Shoes 006,Shoes,Casual Shoes,Urban,729.4,1166.75
P03615,Casual Shoes 007,Shoes,Casual Shoes,Zenith,549.83,683.76
P03616,Casual Shoes 008,Shoes,Casual Shoes,Viva,416.79,681.74
P03617,Formal Shoes 001,Shoes,Formal Shoes,Prime,506.01,625.33
P03618,Formal Shoes 002,Shoes,Formal Shoes,Apex,607.8,720.21
P03619,Formal Shoes 003,Shoes,Formal Shoes,Elite,701.89,1086.51
P03620,Formal Shoes 004,Shoes,Formal Shoes,Nova,655.32,1104.93
P03621,Formal Shoes 005,Shoes,Formal Shoes,Vertex,616.84,921.33
P03622,Formal Shoes 006,Shoes,Formal Shoes,Orion,712.53,1059.3
P03623,Formal Shoes 007,Shoes,Formal Shoes,Core,628.23,725.66
P03624,Formal Shoes 008,Shoes,Formal Shoes,Urban,619.72,871.73
P03625,Sandals 001,Shoes,Sandals,Zenith,457.55,733.39
P03626,Sandals 002,Shoes,Sandals,Viva,522.34,718.21
P03627,Sandals 003,Shoes,Sandals,Prime,574.08,926.48
P03628,Sandals 004,Shoes,Sandals,Apex,471.92,697.94
P03629,Sandals 005,Shoes,Sandals,Elite,698.41,1010.22
P03630,Sandals 006,Shoes,Sandals,Nova,457.11,664.32
P03631,Sandals 007,Shoes,Sandals,Vertex,561.54,880.81
P03632,Sandals 008,Shoes,Sandals,Orion,657.5,984.79
P03633,Sports Shoes 001,Shoes,Sports Shoes,Core,517.35,802.84
P03634,Sports Shoes 002,Shoes,Sports Shoes,Urban,454.69,533.52
P03635,Sports Shoes 003,Shoes,Sports Shoes,Zenith,414.64,647.91
P03636,Sports Shoes 004,Shoes,Sports Shoes,Viva,465.54,566.04
P03637,Sports Shoes 005,Shoes,Sports Shoes,Prime,489.21,772.38
P03638,Sports Shoes 006,Shoes,Sports Shoes,Apex,709.63,1034.21
P03639,Sports Shoes 007,Shoes,Sports Shoes,Elite,724.16,908.42
P03640,Sports Shoes 008,Shoes,Sports Shoes,Nova,412.15,590.42
P03641,Face Wash 001,Beauty & Personal Care,Face Wash,Vertex,177.57,240.94
P03642,Face Wash 002,Beauty & Personal Care,Face Wash,Orion,217.77,303.66
P03643,Face Wash 003,Beauty & Personal Care,Face Wash,Core,174.29,281.0
P03644,Face Wash 004,Beauty & Personal Care,Face Wash,Urban,199.57,268.78
P03645,Face Wash 005,Beauty & Personal Care,Face Wash,Zenith,189.67,236.31
P03646,Face Wash 006,Beauty & Personal Care,Face Wash,Viva,232.47,371.81
P03647,Face Wash 007,Beauty & Personal Care,Face Wash,Prime,308.11,439.5
P03648,Face Wash 008,Beauty & Personal Care,Face Wash,Apex,270.87,401.93
P03649,Shampoo 001,Beauty & Personal Care,Shampoo,Elite,188.01,266.35
P03650,Shampoo 002,Beauty & Personal Care,Shampoo,Nova,209.77,255.35
P03651,Shampoo 003,Beauty & Personal Care,Shampoo,Vertex,272.6,449.28
P03652,Shampoo 004,Beauty & Personal Care,Shampoo,Orion,278.66,412.48
P03653,Shampoo 005,Beauty & Personal Care,Shampoo,Core,286.43,390.36
P03654,Shampoo 006,Beauty & Personal Care,Shampoo,Urban,291.28,436.37
P03655,Shampoo 007,Beauty & Personal Care,Shampoo,Zenith,189.18,292.35
P03656,Shampoo 008,Beauty & Personal Care,Shampoo,Viva,302.71,466.46
P03657,Perfume 001,Beauty & Personal Care,Perfume,Prime,247.26,315.08
P03658,Perfume 002,Beauty & Personal Care,Perfume,Apex,242.83,276.96
P03659,Perfume 003,Beauty & Personal Care,Perfume,Elite,225.11,337.04
P03660,Perfume 004,Beauty & Personal Care,Perfume,Nova,185.11,218.58
P03661,Perfume 005,Beauty & Personal Care,Perfume,Vertex,218.01,259.77
P03662,Perfume 006,Beauty & Personal Care,Perfume,Orion,307.63,359.61
P03663,Perfume 007,Beauty & Personal Care,Perfume,Core,170.29,235.57
P03664,Perfume 008,Beauty & Personal Care,Perfume,Urban,298.49,353.87
P03665,Skin Cream 001,Beauty & Personal Care,Skin Cream,Zenith,213.35,274.11
P03666,Skin Cream 002,Beauty & Personal Care,Skin Cream,Viva,191.36,306.74
P03667,Skin Cream 003,Beauty & Personal Care,Skin Cream,Prime,168.0,199.16
P03668,Skin Cream 004,Beauty & Personal Care,Skin Cream,Apex,215.82,260.2
P03669,Skin Cream 005,Beauty & Personal Care,Skin Cream,Elite,257.17,418.45
P03670,Skin Cream 006,Beauty & Personal Care,Skin Cream,Nova,226.2,375.64
P03671,Skin Cream 007,Beauty & Personal Care,Skin Cream,Vertex,290.08,462.15
P03672,Skin Cream 008,Beauty & Personal Care,Skin Cream,Orion,194.22,262.64
P03673,Hair Dryer 001,Beauty & Personal Care,Hair Dryer,Core,271.78,404.71
P03674,Hair Dryer 002,Beauty & Personal Care,Hair Dryer,Urban,296.81,459.32
P03675,Hair Dryer 003,Beauty & Personal Care,Hair Dryer,Zenith,281.76,453.38
P03676,Hair Dryer 004,Beauty & Personal Care,Hair Dryer,Viva,278.67,390.42
P03677,Hair Dryer 005,Beauty & Personal Care,Hair Dryer,Prime,303.12,473.87
P03678,Hair Dryer 006,Beauty & Personal Care,Hair Dryer,Apex,247.49,413.69
P03679,Hair Dryer 007,Beauty & Personal Care,Hair Dryer,Elite,198.74,281.4
P03680,Hair Dryer 008,Beauty & Personal Care,Hair Dryer,Nova,205.88,282.65
P03681,Rice 001,Grocery,Rice,Vertex,82.75,118.39
P03682,Rice 002,Grocery,Rice,Orion,151.84,174.69
P03683,Rice 003,Grocery,Rice,Core,107.11,129.53
P03684,Rice 004,Grocery,Rice,Urban,125.87,179.43
P03685,Rice 005,Grocery,Rice,Zenith,122.28,199.1
P03686,Rice 006,Grocery,Rice,Viva,101.8,133.04
P03687,Rice 007,Grocery,Rice,Prime,92.4,128.41
P03688,Rice 008,Grocery,Rice,Apex,86.37,130.31
P03689,Cooking Oil 001,Grocery,Cooking Oil,Elite,95.56,111.09
P03690,Cooking Oil 002,Grocery,Cooking Oil,Nova,145.55,200.72
P03691,Cooking Oil 003,Grocery,Cooking Oil,Vertex,97.61,133.8
P03692,Cooking Oil 004,Grocery,Cooking Oil,Orion,110.48,161.69
P03693,Cooking Oil 005,Grocery,Cooking Oil,Core,85.01,120.87
P03694,Cooking Oil 006,Grocery,Cooking Oil,Urban,124.13,166.7
P03695,Cooking Oil 007,Grocery,Cooking Oil,Zenith,132.97,156.18
P03696,Cooking Oil 008,Grocery,Cooking Oil,Viva,136.2,189.16
P03697,Tea 001,Grocery,Tea,Prime,124.31,173.62
P03698,Tea 002,Grocery,Tea,Apex,103.66,152.89
P03699,Tea 003,Grocery,Tea,Elite,135.93,200.1
P03700,Tea 004,Grocery,Tea,Nova,146.53,167.14
P03701,Tea 005,Grocery,Tea,Vertex,115.35,170.34
P03702,Tea 006,Grocery,Tea,Orion,149.24,214.13
P03703,Tea 007,Grocery,Tea,Core,138.1,233.75
P03704,Tea 008,Grocery,Tea,Urban,157.4,213.45
P03705,Coffee 001,Grocery,Coffee,Zenith,115.0,137.26
P03706,Coffee 002,Grocery,Coffee,Viva,144.05,242.33
P03707,Coffee 003,Grocery,Coffee,Prime,120.59,137.22
P03708,Coffee 004,Grocery,Coffee,Apex,105.95,148.74
P03709,Coffee 005,Grocery,Coffee,Elite,139.26,221.75
P03710,Coffee 006,Grocery,Coffee,Nova,146.7,186.86
P03711,Coffee 007,Grocery,Coffee,Vertex,94.67,153.47
P03712,Coffee 008,Grocery,Coffee,Orion,142.11,222.59
P03713,Packaged Snacks 001,Grocery,Packaged Snacks,Core,99.98,145.54
P03714,Packaged Snacks 002,Grocery,Packaged Snacks,Urban,122.15,139.38
P03715,Packaged Snacks 003,Grocery,Packaged Snacks,Zenith,152.6,236.69
P03716,Packaged Snacks 004,Grocery,Packaged Snacks,Viva,131.26,196.23
P03717,Packaged Snacks 005,Grocery,Packaged Snacks,Prime,125.49,208.44
P03718,Packaged Snacks 006,Grocery,Packaged Snacks,Apex,103.83,148.44
P03719,Packaged Snacks 007,Grocery,Packaged Snacks,Elite,110.58,151.64
P03720,Packaged Snacks 008,Grocery,Packaged Snacks,Nova,93.32,107.89
P03721,Cricket Bat 001,Sports,Cricket Bat,Vertex,464.38,580.7
P03722,Cricket Bat 002,Sports,Cricket Bat,Orion,466.96,604.86
P03723,Cricket Bat 003,Sports,Cricket Bat,Core,404.92,462.71
P03724,Cricket Bat 004,Sports,Cricket Bat,Urban,372.49,590.99
P03725,Cricket Bat 005,Sports,Cricket Bat,Zenith,395.62,464.38
P03726,Cricket Bat 006,Sports,Cricket Bat,Viva,594.77,712.37
P03727,Cricket Bat 007,Sports,Cricket Bat,Prime,501.54,630.11
P03728,Cricket Bat 008,Sports,Cricket Bat,Apex,599.65,998.97
P03729,Football 001,Sports,Football,Elite,552.46,778.1
P03730,Football 002,Sports,Football,Nova,523.32,690.96
P03731,Football 003,Sports,Football,Vertex,616.8,705.51
P03732,Football 004,Sports,Football,Orion,383.35,528.75
P03733,Football 005,Sports,Football,Core,497.2,821.94
P03734,Football 006,Sports,Football,Urban,621.7,927.01
P03735,Football 007,Sports,Football,Zenith,529.21,640.01
P03736,Football 008,Sports,Football,Viva,590.78,932.53
P03737,Yoga Mat 001,Sports,Yoga Mat,Prime,355.06,436.92
P03738,Yoga Mat 002,Sports,Yoga Mat,Apex,558.5,704.71
P03739,Yoga Mat 003,Sports,Yoga Mat,Elite,464.44,671.76
P03740,Yoga Mat 004,Sports,Yoga Mat,Nova,567.75,876.7
P03741,Yoga Mat 005,Sports,Yoga Mat,Vertex,570.2,722.05
P03742,Yoga Mat 006,Sports,Yoga Mat,Orion,572.46,662.41
P03743,Yoga Mat 007,Sports,Yoga Mat,Core,628.05,850.35
P03744,Yoga Mat 008,Sports,Yoga Mat,Urban,442.74,629.67
P03745,Badminton Racket 001,Sports,Badminton Racket,Zenith,499.95,752.97
P03746,Badminton Racket 002,Sports,Badminton Racket,Viva,586.89,800.17
P03747,Badminton Racket 003,Sports,Badminton Racket,Prime,615.47,1027.61
P03748,Badminton Racket 004,Sports,Badminton Racket,Apex,613.27,983.41
P03749,Badminton Racket 005,Sports,Badminton Racket,Elite,342.79,526.96
P03750,Badminton Racket 006,Sports,Badminton Racket,Nova,601.02,825.61
P03751,Badminton Racket 007,Sports,Badminton Racket,Vertex,469.04,680.79
P03752,Badminton Racket 008,Sports,Badminton Racket,Orion,585.55,868.88
P03753,Dumbbells 001,Sports,Dumbbells,Core,442.39,736.41
P03754,Dumbbells 002,Sports,Dumbbells,Urban,348.72,575.42
P03755,Dumbbells 003,Sports,Dumbbells,Zenith,570.9,672.92
P03756,Dumbbells 004,Sports,Dumbbells,Viva,618.32,851.23
P03757,Dumbbells 005,Sports,Dumbbells,Prime,339.92,389.77
P03758,Dumbbells 006,Sports,Dumbbells,Apex,369.78,454.84
P03759,Dumbbells 007,Sports,Dumbbells,Elite,480.25,572.47
P03760,Dumbbells 008,Sports,Dumbbells,Nova,457.49,622.03
P03761,Business Book 001,Books,Business Book,Vertex,225.46,306.5
P03762,Business Book 002,Books,Business Book,Orion,149.74,174.32
P03763,Business Book 003,Books,Business Book,Core,210.92,262.3
P03764,Business Book 004,Books,Business Book,Urban,147.3,238.49
P03765,Business Book 005,Books,Business Book,Zenith,143.8,168.36
P03766,Business Book 006,Books,Business Book,Viva,206.07,346.54
P03767,Business Book 007,Books,Business Book,Prime,216.09,334.51
P03768,Business Book 008,Books,Business Book,Apex,198.2,327.12
P03769,Technology Book 001,Books,Technology Book,Elite,167.48,211.76
P03770,Technology Book 002,Books,Technology Book,Nova,162.74,213.36
P03771,Technology Book 003,Books,Technology Book,Vertex,147.01,212.51
P03772,Technology Book 004,Books,Technology Book,Orion,250.03,362.37
P03773,Technology Book 005,Books,Technology Book,Core,229.01,337.43
P03774,Technology Book 006,Books,Technology Book,Urban,168.06,280.88
P03775,Technology Book 007,Books,Technology Book,Zenith,202.29,311.82
P03776,Technology Book 008,Books,Technology Book,Viva,224.49,300.01
P03777,Fiction Book 001,Books,Fiction Book,Prime,237.66,375.47
P03778,Fiction Book 002,Books,Fiction Book,Apex,211.84,244.15
P03779,Fiction Book 003,Books,Fiction Book,Elite,245.75,374.85
P03780,Fiction Book 004,Books,Fiction Book,Nova,187.76,220.07
P03781,Fiction Book 005,Books,Fiction Book,Vertex,227.41,267.67
P03782,Fiction Book 006,Books,Fiction Book,Orion,232.86,355.26
P03783,Fiction Book 007,Books,Fiction Book,Core,169.38,193.08
P03784,Fiction Book 008,Books,Fiction Book,Urban,220.3,335.1
P03785,Exam Preparation Book 001,Books,Exam Preparation Book,Zenith,222.2,350.41
P03786,Exam Preparation Book 002,Books,Exam Preparation Book,Viva,248.56,306.06
P03787,Exam Preparation Book 003,Books,Exam Preparation Book,Prime,149.98,188.44
P03788,Exam Preparation Book 004,Books,Exam Preparation Book,Apex,252.39,417.87
P03789,Exam Preparation Book 005,Books,Exam Preparation Book,Elite,249.83,400.13
P03790,Exam Preparation Book 006,Books,Exam Preparation Book,Nova,193.13,231.05
P03791,Exam Preparation Book 007,Books,Exam Preparation Book,Vertex,140.35,178.5
P03792,Exam Preparation Book 008,Books,Exam Preparation Book,Orion,215.26,316.07
P03793,Self Help Book 001,Books,Self Help Book,Core,227.23,267.92
P03794,Self Help Book 002,Books,Self Help Book,Urban,221.06,315.54
P03795,Self Help Book 003,Books,Self Help Book,Zenith,241.66,380.7
P03796,Self Help Book 004,Books,Self Help Book,Viva,255.93,382.76
P03797,Self Help Book 005,Books,Self Help Book,Prime,160.98,208.03
P03798,Self Help Book 006,Books,Self Help Book,Apex,252.28,308.39
P03799,Self Help Book 007,Books,Self Help Book,Elite,213.59,357.84
P03800,Self Help Book 008,Books,Self Help Book,Nova,140.95,171.51
P03801,Board Game 001,Toys,Board Game,Vertex,299.17,501.37
P03802,Board Game 002,Toys,Board Game,Orion,255.11,326.05
P03803,Board Game 003,Toys,Board Game,Core,279.03,424.24
P03804,Board Game 004,Toys,Board Game,Urban,259.27,345.63
P03805,Board Game 005,Toys,Board Game,Zenith,397.54,461.91
P03806,Board Game 006,Toys,Board Game,Viva,252.15,315.6
P03807,Board Game 007,Toys,Board Game,Prime,236.31,343.24
P03808,Board Game 008,Toys,Board Game,Apex,334.25,408.15
P03809,Remote Car 001,Toys,Remote Car,Elite,366.35,615.87
P03810,Remote Car 002,Toys,Remote Car,Nova,228.74,354.8
P03811,Remote Car 003,Toys,Remote Car,Vertex,352.01,443.09
P03812,Remote Car 004,Toys,Remote Car,Orion,228.99,346.54
P03813,Remote Car 005,Toys,Remote Car,Core,348.92,403.68
P03814,Remote Car 006,Toys,Remote Car,Urban,314.18,521.43
P03815,Remote Car 007,Toys,Remote Car,Zenith,234.64,301.64
P03816,Remote Car 008,Toys,Remote Car,Viva,274.3,312.42
P03817,Puzzle 001,Toys,Puzzle,Prime,270.69,408.98
P03818,Puzzle 002,Toys,Puzzle,Apex,377.34,540.08
P03819,Puzzle 003,Toys,Puzzle,Elite,409.43,612.91
P03820,Puzzle 004,Toys,Puzzle,Nova,383.14,615.51
P03821,Puzzle 005,Toys,Puzzle,Vertex,244.9,354.59
P03822,Puzzle 006,Toys,Puzzle,Orion,268.2,449.94
P03823,Puzzle 007,Toys,Puzzle,Core,360.88,470.7
P03824,Puzzle 008,Toys,Puzzle,Urban,328.17,483.22
P03825,Building Blocks 001,Toys,Building Blocks,Zenith,325.36,540.17
P03826,Building Blocks 002,Toys,Building Blocks,Viva,411.66,609.74
P03827,Building Blocks 003,Toys,Building Blocks,Prime,332.62,556.34
P03828,Building Blocks 004,Toys,Building Blocks,Apex,355.16,515.2
P03829,Building Blocks 005,Toys,Building Blocks,Elite,313.52,356.16
P03830,Building Blocks 006,Toys,Building Blocks,Nova,250.32,321.5
P03831,Building Blocks 007,Toys,Building Blocks,Vertex,417.71,515.72
P03832,Building Blocks 008,Toys,Building Blocks,Orion,292.32,350.34
P03833,Educational Toy 001,Toys,Educational Toy,Core,235.06,285.17
P03834,Educational Toy 002,Toys,Educational Toy,Urban,266.39,388.55
P03835,Educational Toy 003,Toys,Educational Toy,Zenith,235.18,274.78
P03836,Educational Toy 004,Toys,Educational Toy,Viva,344.16,497.58
P03837,Educational Toy 005,Toys,Educational Toy,Prime,305.06,504.14
P03838,Educational Toy 006,Toys,Educational Toy,Apex,419.07,547.92
P03839,Educational Toy 007,Toys,Educational Toy,Elite,304.43,405.48
P03840,Educational Toy 008,Toys,Educational Toy,Nova,407.82,544.39
P03841,LED TV 001,Electronics,LED TV,Vertex,1171.98,1962.82
P03842,LED TV 002,Electronics,LED TV,Orion,1386.58,1681.56
P03843,LED TV 003,Electronics,LED TV,Core,1489.96,2159.78
P03844,LED TV 004,Electronics,LED TV,Urban,1174.97,1981.08
P03845,LED TV 005,Electronics,LED TV,Zenith,1460.14,1951.03
P03846,LED TV 006,Electronics,LED TV,Viva,1113.92,1466.35
P03847,LED TV 007,Electronics,LED TV,Prime,1240.14,1495.83
P03848,LED TV 008,Electronics,LED TV,Apex,1147.87,1287.13
P03849,Bluetooth Speaker 001,Electronics,Bluetooth Speaker,Elite,1523.28,1793.41
P03850,Bluetooth Speaker 002,Electronics,Bluetooth Speaker,Nova,1254.9,1624.46
P03851,Bluetooth Speaker 003,Electronics,Bluetooth Speaker,Vertex,961.63,1079.84
P03852,Bluetooth Speaker 004,Electronics,Bluetooth Speaker,Orion,1132.02,1514.62
P03853,Bluetooth Speaker 005,Electronics,Bluetooth Speaker,Core,960.42,1188.48
P03854,Bluetooth Speaker 006,Electronics,Bluetooth Speaker,Urban,841.15,956.31
P03855,Bluetooth Speaker 007,Electronics,Bluetooth Speaker,Zenith,1276.74,1939.06
P03856,Bluetooth Speaker 008,Electronics,Bluetooth Speaker,Viva,1117.34,1448.91
P03857,Wireless Headphones 001,Electronics,Wireless Headphones,Prime,890.77,1388.16
P03858,Wireless Headphones 002,Electronics,Wireless Headphones,Apex,1100.19,1237.26
P03859,Wireless Headphones 003,Electronics,Wireless Headphones,Elite,1470.7,2097.21
P03860,Wireless Headphones 004,Electronics,Wireless Headphones,Nova,1550.3,1824.73
P03861,Wireless Headphones 005,Electronics,Wireless Headphones,Vertex,1135.54,1377.32
P03862,Wireless Headphones 006,Electronics,Wireless Headphones,Orion,982.69,1354.26
P03863,Wireless Headphones 007,Electronics,Wireless Headphones,Core,1430.96,1766.81
P03864,Wireless Headphones 008,Electronics,Wireless Headphones,Urban,1516.33,2350.21
P03865,Smart Watch 001,Electronics,Smart Watch,Zenith,1174.34,1644.98
P03866,Smart Watch 002,Electronics,Smart Watch,Viva,1188.8,1646.88
P03867,Smart Watch 003,Electronics,Smart Watch,Prime,1341.29,1564.5
P03868,Smart Watch 004,Electronics,Smart Watch,Apex,1131.87,1598.85
P03869,Smart Watch 005,Electronics,Smart Watch,Elite,1156.66,1621.48
P03870,Smart Watch 006,Electronics,Smart Watch,Nova,1139.63,1927.15
P03871,Smart Watch 007,Electronics,Smart Watch,Vertex,1094.1,1710.56
P03872,Smart Watch 008,Electronics,Smart Watch,Orion,1332.05,2220.66
P03873,Digital Camera 001,Electronics,Digital Camera,Core,1440.81,2170.19
P03874,Digital Camera 002,Electronics,Digital Camera,Urban,1366.24,1669.22
P03875,Digital Camera 003,Electronics,Digital Camera,Zenith,1339.39,2063.64
P03876,Digital Camera 004,Electronics,Digital Camera,Viva,1330.82,1690.74
P03877,Digital Camera 005,Electronics,Digital Camera,Prime,1184.31,1428.03
P03878,Digital Camera 006,Electronics,Digital Camera,Apex,1426.95,2374.83
P03879,Digital Camera 007,Electronics,Digital Camera,Elite,998.23,1361.22
P03880,Digital Camera 008,Electronics,Digital Camera,Nova,844.39,965.96
P03881,Smartphone 001,Mobile & Accessories,Smartphone,Vertex,495.74,636.95
P03882,Smartphone 002,Mobile & Accessories,Smartphone,Orion,361.4,507.27
P03883,Smartphone 003,Mobile & Accessories,Smartphone,Core,510.18,807.57
P03884,Smartphone 004,Mobile & Accessories,Smartphone,Urban,474.33,533.45
P03885,Smartphone 005,Mobile & Accessories,Smartphone,Zenith,378.02,445.88
P03886,Smartphone 006,Mobile & Accessories,Smartphone,Viva,361.05,406.62
P03887,Smartphone 007,Mobile & Accessories,Smartphone,Prime,330.41,554.27
P03888,Smartphone 008,Mobile & Accessories,Smartphone,Apex,394.16,616.68
P03889,Power Bank 001,Mobile & Accessories,Power Bank,Elite,278.44,435.6
P03890,Power Bank 002,Mobile & Accessories,Power Bank,Nova,402.06,593.51
P03891,Power Bank 003,Mobile & Accessories,Power Bank,Vertex,307.74,440.9
P03892,Power Bank 004,Mobile & Accessories,Power Bank,Orion,455.08,666.73
P03893,Power Bank 005,Mobile & Accessories,Power Bank,Core,364.66,548.65
P03894,Power Bank 006,Mobile & Accessories,Power Bank,Urban,517.47,586.26
P03895,Power Bank 007,Mobile & Accessories,Power Bank,Zenith,388.05,586.38
P03896,Power Bank 008,Mobile & Accessories,Power Bank,Viva,287.2,360.78
P03897,Phone Case 001,Mobile & Accessories,Phone Case,Prime,491.77,769.54
P03898,Phone Case 002,Mobile & Accessories,Phone Case,Apex,288.31,361.58
P03899,Phone Case 003,Mobile & Accessories,Phone Case,Elite,519.53,738.05
P03900,Phone Case 004,Mobile & Accessories,Phone Case,Nova,290.47,456.88
P03901,Phone Case 005,Mobile & Accessories,Phone Case,Vertex,427.92,660.46
P03902,Phone Case 006,Mobile & Accessories,Phone Case,Orion,290.65,408.29
P03903,Phone Case 007,Mobile & Accessories,Phone Case,Core,337.47,451.04
P03904,Phone Case 008,Mobile & Accessories,Phone Case,Urban,420.8,612.85
P03905,USB Cable 001,Mobile & Accessories,USB Cable,Zenith,407.76,677.35
P03906,USB Cable 002,Mobile & Accessories,USB Cable,Viva,353.64,521.3
P03907,USB Cable 003,Mobile & Accessories,USB Cable,Prime,397.1,604.17
P03908,USB Cable 004,Mobile & Accessories,USB Cable,Apex,311.34,524.08
P03909,USB Cable 005,Mobile & Accessories,USB Cable,Elite,385.2,602.8
P03910,USB Cable 006,Mobile & Accessories,USB Cable,Nova,425.93,601.7
P03911,USB Cable 007,Mobile & Accessories,USB Cable,Vertex,393.87,612.41
P03912,USB Cable 008,Mobile & Accessories,USB Cable,Orion,392.8,662.88
P03913,Fast Charger 001,Mobile & Accessories,Fast Charger,Core,369.19,491.9
P03914,Fast Charger 002,Mobile & Accessories,Fast Charger,Urban,312.22,411.53
P03915,Fast Charger 003,Mobile & Accessories,Fast Charger,Zenith,310.76,402.85
P03916,Fast Charger 004,Mobile & Accessories,Fast Charger,Viva,488.99,627.3
P03917,Fast Charger 005,Mobile & Accessories,Fast Charger,Prime,409.93,481.72
P03918,Fast Charger 006,Mobile & Accessories,Fast Charger,Apex,499.59,792.29
P03919,Fast Charger 007,Mobile & Accessories,Fast Charger,Elite,517.34,770.59
P03920,Fast Charger 008,Mobile & Accessories,Fast Charger,Nova,355.56,447.36
P03921,Laptop 001,Computers,Laptop,Vertex,1788.99,2783.04
P03922,Laptop 002,Computers,Laptop,Orion,1808.86,2301.08
P03923,Laptop 003,Computers,Laptop,Core,2194.29,3540.1
P03924,Laptop 004,Computers,Laptop,Urban,2242.52,3657.78
P03925,Laptop 005,Computers,Laptop,Zenith,2185.99,2695.63
P03926,Laptop 006,Computers,Laptop,Viva,2179.0,3125.22
P03927,Laptop 007,Computers,Laptop,Prime,1455.68,2140.1
P03928,Laptop 008,Computers,Laptop,Apex,1585.6,2000.1
P03929,Desktop PC 001,Computers,Desktop PC,Elite,2402.6,2773.84
P03930,Desktop PC 002,Computers,Desktop PC,Nova,1375.87,2061.07
P03931,Desktop PC 003,Computers,Desktop PC,Vertex,2564.94,2884.07
P03932,Desktop PC 004,Computers,Desktop PC,Orion,1643.66,2338.03
P03933,Desktop PC 005,Computers,Desktop PC,Core,2611.69,3685.35
P03934,Desktop PC 006,Computers,Desktop PC,Urban,2078.11,3056.18
P03935,Desktop PC 007,Computers,Desktop PC,Zenith,1501.4,2488.37
P03936,Desktop PC 008,Computers,Desktop PC,Viva,2187.43,2699.52
P03937,Monitor 001,Computers,Monitor,Prime,1508.66,2283.14
P03938,Monitor 002,Computers,Monitor,Apex,2515.62,3434.15
P03939,Monitor 003,Computers,Monitor,Elite,1404.78,2220.12
P03940,Monitor 004,Computers,Monitor,Nova,2283.56,2960.69
P03941,Monitor 005,Computers,Monitor,Vertex,1686.24,2448.36
P03942,Monitor 006,Computers,Monitor,Orion,2346.65,3912.74
P03943,Monitor 007,Computers,Monitor,Core,1758.99,2689.2
P03944,Monitor 008,Computers,Monitor,Urban,2450.97,3626.86
P03945,Keyboard 001,Computers,Keyboard,Zenith,2575.17,3592.45
P03946,Keyboard 002,Computers,Keyboard,Viva,1412.23,1945.32
P03947,Keyboard 003,Computers,Keyboard,Prime,1492.77,1737.05
P03948,Keyboard 004,Computers,Keyboard,Apex,2296.58,2925.12
P03949,Keyboard 005,Computers,Keyboard,Elite,2269.7,2764.39
P03950,Keyboard 006,Computers,Keyboard,Nova,2222.15,3059.25
P03951,Keyboard 007,Computers,Keyboard,Vertex,1494.64,2210.38
P03952,Keyboard 008,Computers,Keyboard,Orion,1715.37,2308.6
P03953,Mouse 001,Computers,Mouse,Core,2613.51,4022.46
P03954,Mouse 002,Computers,Mouse,Urban,2405.2,2845.06
P03955,Mouse 003,Computers,Mouse,Zenith,2081.61,2340.72
P03956,Mouse 004,Computers,Mouse,Viva,1905.42,2791.21
P03957,Mouse 005,Computers,Mouse,Prime,2599.03,4037.29
P03958,Mouse 006,Computers,Mouse,Apex,2297.44,3674.94
P03959,Mouse 007,Computers,Mouse,Elite,2467.62,3362.02
P03960,Mouse 008,Computers,Mouse,Nova,2613.49,3064.11
P03961,Refrigerator 001,Home Appliances,Refrigerator,Vertex,2877.17,4026.96
P03962,Refrigerator 002,Home Appliances,Refrigerator,Orion,2901.91,4752.41
P03963,Refrigerator 003,Home Appliances,Refrigerator,Core,3593.12,4304.84
P03964,Refrigerator 004,Home Appliances,Refrigerator,Urban,2128.6,3318.95
P03965,Refrigerator 005,Home Appliances,Refrigerator,Zenith,2615.28,3107.03
P03966,Refrigerator 006,Home Appliances,Refrigerator,Viva,3070.44,3778.47
P03967,Refrigerator 007,Home Appliances,Refrigerator,Prime,2103.35,2765.09
P03968,Refrigerator 008,Home Appliances,Refrigerator,Apex,2196.85,3649.57
P03969,Washing Machine 001,Home Appliances,Washing Machine,Elite,3170.58,3843.29
P03970,Washing Machine 002,Home Appliances,Washing Machine,Nova,3613.45,4889.88
P03971,Washing Machine 003,Home Appliances,Washing Machine,Vertex,2181.3,3250.48
P03972,Washing Machine 004,Home Appliances,Washing Machine,Orion,2053.96,3135.24
P03973,Washing Machine 005,Home Appliances,Washing Machine,Core,3017.97,4046.12
P03974,Washing Machine 006,Home Appliances,Washing Machine,Urban,1980.97,2753.87
P03975,Washing Machine 007,Home Appliances,Washing Machine,Zenith,3483.06,4818.54
P03976,Washing Machine 008,Home Appliances,Washing Machine,Viva,3595.89,4635.82
P03977,Microwave Oven 001,Home Appliances,Microwave Oven,Prime,2101.43,2671.74
P03978,Microwave Oven 002,Home Appliances,Microwave Oven,Apex,3244.64,4878.02
P03979,Microwave Oven 003,Home Appliances,Microwave Oven,Elite,2193.76,2962.14
P03980,Microwave Oven 004,Home Appliances,Microwave Oven,Nova,2946.81,4291.37
P03981,Microwave Oven 005,Home Appliances,Microwave Oven,Vertex,3482.93,4768.51
P03982,Microwave Oven 006,Home Appliances,Microwave Oven,Orion,2411.9,3173.56
P03983,Microwave Oven 007,Home Appliances,Microwave Oven,Core,3099.23,4984.83
P03984,Microwave Oven 008,Home Appliances,Microwave Oven,Urban,3034.44,4374.02
P03985,Air Conditioner 001,Home Appliances,Air Conditioner,Zenith,3588.17,4504.64
P03986,Air Conditioner 002,Home Appliances,Air Conditioner,Viva,3094.29,4180.75
P03987,Air Conditioner 003,Home Appliances,Air Conditioner,Prime,3372.12,5472.48
P03988,Air Conditioner 004,Home Appliances,Air Conditioner,Apex,2616.38,3777.59
P03989,Air Conditioner 005,Home Appliances,Air Conditioner,Elite,2646.77,3593.2
P03990,Air Conditioner 006,Home Appliances,Air Conditioner,Nova,2579.75,3780.03
P03991,Air Conditioner 007,Home Appliances,Air Conditioner,Vertex,2816.31,4484.6
P03992,Air Conditioner 008,Home Appliances,Air Conditioner,Orion,3479.52,5278.05
P03993,Mixer Grinder 001,Home Appliances,Mixer Grinder,Core,2977.1,3799.11
P03994,Mixer Grinder 002,Home Appliances,Mixer Grinder,Urban,2434.39,3284.26
P03995,Mixer Grinder 003,Home Appliances,Mixer Grinder,Zenith,3018.56,4263.31
P03996,Mixer Grinder 004,Home Appliances,Mixer Grinder,Viva,3595.64,5888.04
P03997,Mixer Grinder 005,Home Appliances,Mixer Grinder,Prime,3092.48,5107.85
P03998,Mixer Grinder 006,Home Appliances,Mixer Grinder,Apex,1991.67,3350.15
P03999,Mixer Grinder 007,Home Appliances,Mixer Grinder,Elite,3440.3,4432.29
P04000,Mixer Grinder 008,Home Appliances,Mixer Grinder,Nova,2631.82,3197.69
P04001,Office Chair 001,Furniture,Office Chair,Vertex,1714.53,2579.74
P04002,Office Chair 002,Furniture,Office Chair,Orion,1725.25,2906.86
P04003,Office Chair 003,Furniture,Office Chair,Core,1924.51,2605.61
P04004,Office Chair 004,Furniture,Office Chair,Urban,1451.42,2229.24
P04005,Office Chair 005,Furniture,Office Chair,Zenith,1567.43,1855.51
P04006,Office Chair 006,Furniture,Office Chair,Viva,2550.99,2874.84
P04007,Office Chair 007,Furniture,Office Chair,Prime,2080.32,2750.22
P04008,Office Chair 008,Furniture,Office Chair,Apex,2204.72,3242.99
P04009,Study Table 001,Furniture,Study Table,Elite,2379.36,2837.85
P04010,Study Table 002,Furniture,Study Table,Nova,1763.88,2426.82
P04011,Study Table 003,Furniture,Study Table,Vertex,2391.72,3424.28
P04012,Study Table 004,Furniture,Study Table,Orion,1694.34,2388.88
P04013,Study Table 005,Furniture,Study Table,Core,1967.11,2289.37
P04014,Study Table 006,Furniture,Study Table,Urban,2351.63,3908.6
P04015,Study Table 007,Furniture,Study Table,Zenith,2042.34,2917.85
P04016,Study Table 008,Furniture,Study Table,Viva,2356.7,2723.57
P04017,Sofa 001,Furniture,Sofa,Prime,1744.33,2194.41
P04018,Sofa 002,Furniture,Sofa,Apex,1753.63,2260.4
P04019,Sofa 003,Furniture,Sofa,Elite,1700.13,2406.34
P04020,Sofa 004,Furniture,Sofa,Nova,1639.32,2280.4
P04021,Sofa 005,Furniture,Sofa,Vertex,2136.4,2593.43
P04022,Sofa 006,Furniture,Sofa,Orion,2274.43,3349.24
P04023,Sofa 007,Furniture,Sofa,Core,2024.81,2334.43
P04024,Sofa 008,Furniture,Sofa,Urban,2151.75,2954.1
P04025,Bookshelf 001,Furniture,Bookshelf,Zenith,1380.71,1564.22
P04026,Bookshelf 002,Furniture,Bookshelf,Viva,1512.46,2540.86
P04027,Bookshelf 003,Furniture,Bookshelf,Prime,1629.84,2129.18
P04028,Bookshelf 004,Furniture,Bookshelf,Apex,2304.61,2717.0
P04029,Bookshelf 005,Furniture,Bookshelf,Elite,1588.18,1805.2
P04030,Bookshelf 006,Furniture,Bookshelf,Nova,2155.9,2745.15
P04031,Bookshelf 007,Furniture,Bookshelf,Vertex,1779.08,2300.33
P04032,Bookshelf 008,Furniture,Bookshelf,Orion,2378.22,2996.74
P04033,Bed 001,Furniture,Bed,Core,2340.53,2817.87
P04034,Bed 002,Furniture,Bed,Urban,1751.69,2489.13
P04035,Bed 003,Furniture,Bed,Zenith,1556.5,1949.62
P04036,Bed 004,Furniture,Bed,Viva,1670.24,2570.62
P04037,Bed 005,Furniture,Bed,Prime,1750.72,2089.27
P04038,Bed 006,Furniture,Bed,Apex,1646.08,2780.3
P04039,Bed 007,Furniture,Bed,Elite,1431.23,1912.31
P04040,Bed 008,Furniture,Bed,Nova,1508.76,1777.94
P04041,T-Shirt 001,Clothing,T-Shirt,Vertex,411.09,696.77
P04042,T-Shirt 002,Clothing,T-Shirt,Orion,397.56,511.09
P04043,T-Shirt 003,Clothing,T-Shirt,Core,389.98,443.34
P04044,T-Shirt 004,Clothing,T-Shirt,Urban,449.42,570.03
P04045,T-Shirt 005,Clothing,T-Shirt,Zenith,423.78,497.84
P04046,T-Shirt 006,Clothing,T-Shirt,Viva,348.63,563.17
P04047,T-Shirt 007,Clothing,T-Shirt,Prime,289.26,433.99
P04048,T-Shirt 008,Clothing,T-Shirt,Apex,291.73,332.75
P04049,Jeans 001,Clothing,Jeans,Elite,469.49,718.1
P04050,Jeans 002,Clothing,Jeans,Nova,345.48,389.37
P04051,Jeans 003,Clothing,Jeans,Vertex,455.38,736.32
P04052,Jeans 004,Clothing,Jeans,Orion,480.53,786.27
P04053,Jeans 005,Clothing,Jeans,Core,310.47,372.39
P04054,Jeans 006,Clothing,Jeans,Urban,294.4,431.48
P04055,Jeans 007,Clothing,Jeans,Zenith,295.98,430.43
P04056,Jeans 008,Clothing,Jeans,Viva,492.87,599.11
P04057,Shirt 001,Clothing,Shirt,Prime,343.69,460.63
P04058,Shirt 002,Clothing,Shirt,Apex,293.06,364.62
P04059,Shirt 003,Clothing,Shirt,Elite,428.47,653.43
P04060,Shirt 004,Clothing,Shirt,Nova,386.37,649.66
P04061,Shirt 005,Clothing,Shirt,Vertex,475.86,724.03
P04062,Shirt 006,Clothing,Shirt,Orion,346.61,461.82
P04063,Shirt 007,Clothing,Shirt,Core,355.18,407.16
P04064,Shirt 008,Clothing,Shirt,Urban,405.06,495.05
P04065,Jacket 001,Clothing,Jacket,Zenith,517.78,801.24
P04066,Jacket 002,Clothing,Jacket,Viva,415.42,649.06
P04067,Jacket 003,Clothing,Jacket,Prime,436.32,687.28
P04068,Jacket 004,Clothing,Jacket,Apex,499.78,805.11
P04069,Jacket 005,Clothing,Jacket,Elite,297.4,454.58
P04070,Jacket 006,Clothing,Jacket,Nova,338.34,389.73
P04071,Jacket 007,Clothing,Jacket,Vertex,463.9,522.91
P04072,Jacket 008,Clothing,Jacket,Orion,297.24,356.01
P04073,Kurta 001,Clothing,Kurta,Core,503.62,647.16
P04074,Kurta 002,Clothing,Kurta,Urban,488.1,549.11
P04075,Kurta 003,Clothing,Kurta,Zenith,405.31,525.23
P04076,Kurta 004,Clothing,Kurta,Viva,460.72,690.78
P04077,Kurta 005,Clothing,Kurta,Prime,412.51,625.75
P04078,Kurta 006,Clothing,Kurta,Apex,522.16,630.21
P04079,Kurta 007,Clothing,Kurta,Elite,447.56,587.02
P04080,Kurta 008,Clothing,Kurta,Nova,518.65,674.79
P04081,Running Shoes 001,Shoes,Running Shoes,Vertex,427.46,671.43
P04082,Running Shoes 002,Shoes,Running Shoes,Orion,427.87,659.64
P04083,Running Shoes 003,Shoes,Running Shoes,Core,692.96,1074.73
P04084,Running Shoes 004,Shoes,Running Shoes,Urban,430.95,491.83
P04085,Running Shoes 005,Shoes,Running Shoes,Zenith,716.77,817.55
P04086,Running Shoes 006,Shoes,Running Shoes,Viva,433.9,492.89
P04087,Running Shoes 007,Shoes,Running Shoes,Prime,547.11,905.88
P04088,Running Shoes 008,Shoes,Running Shoes,Apex,645.13,940.66
P04089,Casual Shoes 001,Shoes,Casual Shoes,Elite,515.2,835.16
P04090,Casual Shoes 002,Shoes,Casual Shoes,Nova,387.27,539.55
P04091,Casual Shoes 003,Shoes,Casual Shoes,Vertex,497.75,768.06
P04092,Casual Shoes 004,Shoes,Casual Shoes,Orion,680.42,1052.36
P04093,Casual Shoes 005,Shoes,Casual Shoes,Core,694.81,1044.65
P04094,Casual Shoes 006,Shoes,Casual Shoes,Urban,603.3,877.11
P04095,Casual Shoes 007,Shoes,Casual Shoes,Zenith,471.73,696.24
P04096,Casual Shoes 008,Shoes,Casual Shoes,Viva,724.13,978.01
P04097,Formal Shoes 001,Shoes,Formal Shoes,Prime,662.66,1004.59
P04098,Formal Shoes 002,Shoes,Formal Shoes,Apex,527.09,882.9
P04099,Formal Shoes 003,Shoes,Formal Shoes,Elite,632.41,720.22
P04100,Formal Shoes 004,Shoes,Formal Shoes,Nova,638.07,755.87
P04101,Formal Shoes 005,Shoes,Formal Shoes,Vertex,570.53,941.0
P04102,Formal Shoes 006,Shoes,Formal Shoes,Orion,621.47,887.32
P04103,Formal Shoes 007,Shoes,Formal Shoes,Core,508.96,769.42
P04104,Formal Shoes 008,Shoes,Formal Shoes,Urban,647.28,925.89
P04105,Sandals 001,Shoes,Sandals,Zenith,581.79,814.46
P04106,Sandals 002,Shoes,Sandals,Viva,429.87,669.06
P04107,Sandals 003,Shoes,Sandals,Prime,484.31,699.11
P04108,Sandals 004,Shoes,Sandals,Apex,658.8,904.47
P04109,Sandals 005,Shoes,Sandals,Elite,408.4,551.96
P04110,Sandals 006,Shoes,Sandals,Nova,587.39,997.99
P04111,Sandals 007,Shoes,Sandals,Vertex,526.27,882.09
P04112,Sandals 008,Shoes,Sandals,Orion,564.44,900.81
P04113,Sports Shoes 001,Shoes,Sports Shoes,Core,416.0,508.25
P04114,Sports Shoes 002,Shoes,Sports Shoes,Urban,543.44,692.81
P04115,Sports Shoes 003,Shoes,Sports Shoes,Zenith,663.0,1047.32
P04116,Sports Shoes 004,Shoes,Sports Shoes,Viva,445.7,730.39
P04117,Sports Shoes 005,Shoes,Sports Shoes,Prime,457.67,573.89
P04118,Sports Shoes 006,Shoes,Sports Shoes,Apex,567.55,762.43
P04119,Sports Shoes 007,Shoes,Sports Shoes,Elite,660.76,1090.99
P04120,Sports Shoes 008,Shoes,Sports Shoes,Nova,580.73,888.3
P04121,Face Wash 001,Beauty & Personal Care,Face Wash,Vertex,250.83,353.49
P04122,Face Wash 002,Beauty & Personal Care,Face Wash,Orion,265.43,399.24
P04123,Face Wash 003,Beauty & Personal Care,Face Wash,Core,212.19,266.14
P04124,Face Wash 004,Beauty & Personal Care,Face Wash,Urban,294.15,457.77
P04125,Face Wash 005,Beauty & Personal Care,Face Wash,Zenith,234.86,326.98
P04126,Face Wash 006,Beauty & Personal Care,Face Wash,Viva,291.04,380.81
P04127,Face Wash 007,Beauty & Personal Care,Face Wash,Prime,262.62,378.76
P04128,Face Wash 008,Beauty & Personal Care,Face Wash,Apex,265.05,391.85
P04129,Shampoo 001,Beauty & Personal Care,Shampoo,Elite,226.76,344.24
P04130,Shampoo 002,Beauty & Personal Care,Shampoo,Nova,197.87,324.66
P04131,Shampoo 003,Beauty & Personal Care,Shampoo,Vertex,294.87,384.04
P04132,Shampoo 004,Beauty & Personal Care,Shampoo,Orion,286.23,475.57
P04133,Shampoo 005,Beauty & Personal Care,Shampoo,Core,243.58,296.24
P04134,Shampoo 006,Beauty & Personal Care,Shampoo,Urban,294.68,339.07
P04135,Shampoo 007,Beauty & Personal Care,Shampoo,Zenith,232.3,272.45
P04136,Shampoo 008,Beauty & Personal Care,Shampoo,Viva,253.12,420.48
P04137,Perfume 001,Beauty & Personal Care,Perfume,Prime,240.32,337.97
P04138,Perfume 002,Beauty & Personal Care,Perfume,Apex,201.55,283.11
P04139,Perfume 003,Beauty & Personal Care,Perfume,Elite,258.13,362.64
P04140,Perfume 004,Beauty & Personal Care,Perfume,Nova,238.03,322.74
P04141,Perfume 005,Beauty & Personal Care,Perfume,Vertex,269.19,355.13
P04142,Perfume 006,Beauty & Personal Care,Perfume,Orion,209.43,252.05
P04143,Perfume 007,Beauty & Personal Care,Perfume,Core,193.93,268.97
P04144,Perfume 008,Beauty & Personal Care,Perfume,Urban,262.84,422.76
P04145,Skin Cream 001,Beauty & Personal Care,Skin Cream,Zenith,232.87,275.74
P04146,Skin Cream 002,Beauty & Personal Care,Skin Cream,Viva,235.15,300.78
P04147,Skin Cream 003,Beauty & Personal Care,Skin Cream,Prime,169.92,256.38
P04148,Skin Cream 004,Beauty & Personal Care,Skin Cream,Apex,214.18,294.16
P04149,Skin Cream 005,Beauty & Personal Care,Skin Cream,Elite,274.73,397.66
P04150,Skin Cream 006,Beauty & Personal Care,Skin Cream,Nova,274.87,402.47
P04151,Skin Cream 007,Beauty & Personal Care,Skin Cream,Vertex,282.36,341.24
P04152,Skin Cream 008,Beauty & Personal Care,Skin Cream,Orion,237.57,393.76
P04153,Hair Dryer 001,Beauty & Personal Care,Hair Dryer,Core,232.71,322.74
P04154,Hair Dryer 002,Beauty & Personal Care,Hair Dryer,Urban,292.16,398.18
P04155,Hair Dryer 003,Beauty & Personal Care,Hair Dryer,Zenith,242.46,342.03
P04156,Hair Dryer 004,Beauty & Personal Care,Hair Dryer,Viva,188.36,248.03
P04157,Hair Dryer 005,Beauty & Personal Care,Hair Dryer,Prime,278.34,344.62
P04158,Hair Dryer 006,Beauty & Personal Care,Hair Dryer,Apex,234.6,365.93
P04159,Hair Dryer 007,Beauty & Personal Care,Hair Dryer,Elite,304.6,510.4
P04160,Hair Dryer 008,Beauty & Personal Care,Hair Dryer,Nova,246.68,390.06
P04161,Rice 001,Grocery,Rice,Vertex,96.07,121.66
P04162,Rice 002,Grocery,Rice,Orion,157.01,265.54
P04163,Rice 003,Grocery,Rice,Core,104.43,173.76
P04164,Rice 004,Grocery,Rice,Urban,132.22,205.99
P04165,Rice 005,Grocery,Rice,Zenith,121.28,159.82
P04166,Rice 006,Grocery,Rice,Viva,118.17,192.58
P04167,Rice 007,Grocery,Rice,Prime,87.0,108.49
P04168,Rice 008,Grocery,Rice,Apex,122.04,139.13
P04169,Cooking Oil 001,Grocery,Cooking Oil,Elite,120.16,150.98
P04170,Cooking Oil 002,Grocery,Cooking Oil,Nova,82.51,122.1
P04171,Cooking Oil 003,Grocery,Cooking Oil,Vertex,134.33,224.57
P04172,Cooking Oil 004,Grocery,Cooking Oil,Orion,100.09,151.89
P04173,Cooking Oil 005,Grocery,Cooking Oil,Core,123.68,191.97
P04174,Cooking Oil 006,Grocery,Cooking Oil,Urban,129.2,208.63
P04175,Cooking Oil 007,Grocery,Cooking Oil,Zenith,123.09,139.18
P04176,Cooking Oil 008,Grocery,Cooking Oil,Viva,117.61,175.92
P04177,Tea 001,Grocery,Tea,Prime,123.54,159.15
P04178,Tea 002,Grocery,Tea,Apex,151.79,250.79
P04179,Tea 003,Grocery,Tea,Elite,139.65,234.74
P04180,Tea 004,Grocery,Tea,Nova,146.16,237.94
P04181,Tea 005,Grocery,Tea,Vertex,97.29,115.59
P04182,Tea 006,Grocery,Tea,Orion,147.52,249.59
P04183,Tea 007,Grocery,Tea,Core,154.55,198.85
P04184,Tea 008,Grocery,Tea,Urban,116.99,141.14
P04185,Coffee 001,Grocery,Coffee,Zenith,98.95,112.56
P04186,Coffee 002,Grocery,Coffee,Viva,149.71,178.8
P04187,Coffee 003,Grocery,Coffee,Prime,95.36,144.58
P04188,Coffee 004,Grocery,Coffee,Apex,101.72,165.45
P04189,Coffee 005,Grocery,Coffee,Elite,119.09,140.5
P04190,Coffee 006,Grocery,Coffee,Nova,142.01,239.36
P04191,Coffee 007,Grocery,Coffee,Vertex,131.73,204.02
P04192,Coffee 008,Grocery,Coffee,Orion,129.94,148.07
P04193,Packaged Snacks 001,Grocery,Packaged Snacks,Core,91.15,109.0
P04194,Packaged Snacks 002,Grocery,Packaged Snacks,Urban,143.63,188.49
P04195,Packaged Snacks 003,Grocery,Packaged Snacks,Zenith,95.15,113.0
P04196,Packaged Snacks 004,Grocery,Packaged Snacks,Viva,153.5,241.79
P04197,Packaged Snacks 005,Grocery,Packaged Snacks,Prime,154.94,214.41
P04198,Packaged Snacks 006,Grocery,Packaged Snacks,Apex,148.66,250.89
P04199,Packaged Snacks 007,Grocery,Packaged Snacks,Elite,127.23,198.29
P04200,Packaged Snacks 008,Grocery,Packaged Snacks,Nova,124.45,151.67
P04201,Cricket Bat 001,Sports,Cricket Bat,Vertex,547.04,738.34
P04202,Cricket Bat 002,Sports,Cricket Bat,Orion,559.85,887.87
P04203,Cricket Bat 003,Sports,Cricket Bat,Core,474.79,801.64
P04204,Cricket Bat 004,Sports,Cricket Bat,Urban,579.14,893.39
P04205,Cricket Bat 005,Sports,Cricket Bat,Zenith,442.44,674.53
P04206,Cricket Bat 006,Sports,Cricket Bat,Viva,513.25,743.16
P04207,Cricket Bat 007,Sports,Cricket Bat,Prime,349.21,551.09
P04208,Cricket Bat 008,Sports,Cricket Bat,Apex,371.63,476.83
P04209,Football 001,Sports,Football,Elite,400.4,547.94
P04210,Football 002,Sports,Football,Nova,617.38,921.47
P04211,Football 003,Sports,Football,Vertex,364.51,481.38
P04212,Football 004,Sports,Football,Orion,469.24,764.9
P04213,Football 005,Sports,Football,Core,537.98,706.45
P04214,Football 006,Sports,Football,Urban,517.47,636.12
P04215,Football 007,Sports,Football,Zenith,527.15,882.65
P04216,Football 008,Sports,Football,Viva,571.98,874.81
P04217,Yoga Mat 001,Sports,Yoga Mat,Prime,474.5,663.83
P04218,Yoga Mat 002,Sports,Yoga Mat,Apex,545.22,829.32
P04219,Yoga Mat 003,Sports,Yoga Mat,Elite,593.52,899.88
P04220,Yoga Mat 004,Sports,Yoga Mat,Nova,361.56,537.1
P04221,Yoga Mat 005,Sports,Yoga Mat,Vertex,375.2,621.08
P04222,Yoga Mat 006,Sports,Yoga Mat,Orion,444.74,732.27
P04223,Yoga Mat 007,Sports,Yoga Mat,Core,506.34,580.35
P04224,Yoga Mat 008,Sports,Yoga Mat,Urban,437.47,497.65
P04225,Badminton Racket 001,Sports,Badminton Racket,Zenith,436.37,552.28
P04226,Badminton Racket 002,Sports,Badminton Racket,Viva,411.04,696.23
P04227,Badminton Racket 003,Sports,Badminton Racket,Prime,343.57,444.59
P04228,Badminton Racket 004,Sports,Badminton Racket,Apex,548.49,876.81
P04229,Badminton Racket 005,Sports,Badminton Racket,Elite,375.71,634.17
P04230,Badminton Racket 006,Sports,Badminton Racket,Nova,585.45,757.73
P04231,Badminton Racket 007,Sports,Badminton Racket,Vertex,339.01,393.32
P04232,Badminton Racket 008,Sports,Badminton Racket,Orion,364.28,598.2
P04233,Dumbbells 001,Sports,Dumbbells,Core,357.46,517.05
P04234,Dumbbells 002,Sports,Dumbbells,Urban,625.59,930.72
P04235,Dumbbells 003,Sports,Dumbbells,Zenith,508.53,638.4
P04236,Dumbbells 004,Sports,Dumbbells,Viva,338.3,571.28
P04237,Dumbbells 005,Sports,Dumbbells,Prime,538.55,785.99
P04238,Dumbbells 006,Sports,Dumbbells,Apex,451.57,632.45
P04239,Dumbbells 007,Sports,Dumbbells,Elite,617.22,880.88
P04240,Dumbbells 008,Sports,Dumbbells,Nova,345.62,475.43
P04241,Business Book 001,Books,Business Book,Vertex,186.55,244.18
P04242,Business Book 002,Books,Business Book,Orion,161.88,236.22
P04243,Business Book 003,Books,Business Book,Core,170.41,196.52
P04244,Business Book 004,Books,Business Book,Urban,157.88,217.79
P04245,Business Book 005,Books,Business Book,Zenith,174.22,251.7
P04246,Business Book 006,Books,Business Book,Viva,153.18,196.1
P04247,Business Book 007,Books,Business Book,Prime,193.66,235.54
P04248,Business Book 008,Books,Business Book,Apex,227.91,364.98
P04249,Technology Book 001,Books,Technology Book,Elite,139.75,181.75
P04250,Technology Book 002,Books,Technology Book,Nova,141.17,197.13
P04251,Technology Book 003,Books,Technology Book,Vertex,244.45,326.67
P04252,Technology Book 004,Books,Technology Book,Orion,180.43,247.5
P04253,Technology Book 005,Books,Technology Book,Core,202.63,261.1
P04254,Technology Book 006,Books,Technology Book,Urban,190.87,244.72
P04255,Technology Book 007,Books,Technology Book,Zenith,146.44,170.2
P04256,Technology Book 008,Books,Technology Book,Viva,194.77,271.96
P04257,Fiction Book 001,Books,Fiction Book,Prime,202.46,299.62
P04258,Fiction Book 002,Books,Fiction Book,Apex,205.74,314.5
P04259,Fiction Book 003,Books,Fiction Book,Elite,188.86,319.33
P04260,Fiction Book 004,Books,Fiction Book,Nova,232.51,286.33
P04261,Fiction Book 005,Books,Fiction Book,Vertex,212.65,336.33
P04262,Fiction Book 006,Books,Fiction Book,Orion,170.16,231.74
P04263,Fiction Book 007,Books,Fiction Book,Core,154.82,193.27
P04264,Fiction Book 008,Books,Fiction Book,Urban,208.29,317.39
P04265,Exam Preparation Book 001,Books,Exam Preparation Book,Zenith,206.46,232.2
P04266,Exam Preparation Book 002,Books,Exam Preparation Book,Viva,208.26,287.08
P04267,Exam Preparation Book 003,Books,Exam Preparation Book,Prime,197.66,226.26
P04268,Exam Preparation Book 004,Books,Exam Preparation Book,Apex,184.78,213.71
P04269,Exam Preparation Book 005,Books,Exam Preparation Book,Elite,192.03,217.82
P04270,Exam Preparation Book 006,Books,Exam Preparation Book,Nova,244.72,288.3
P04271,Exam Preparation Book 007,Books,Exam Preparation Book,Vertex,231.58,330.84
P04272,Exam Preparation Book 008,Books,Exam Preparation Book,Orion,227.63,358.49
P04273,Self Help Book 001,Books,Self Help Book,Core,181.4,223.38
P04274,Self Help Book 002,Books,Self Help Book,Urban,140.76,234.9
P04275,Self Help Book 003,Books,Self Help Book,Zenith,177.52,295.09
P04276,Self Help Book 004,Books,Self Help Book,Viva,218.43,260.97
P04277,Self Help Book 005,Books,Self Help Book,Prime,187.02,297.22
P04278,Self Help Book 006,Books,Self Help Book,Apex,191.17,265.94
P04279,Self Help Book 007,Books,Self Help Book,Elite,245.74,337.88
P04280,Self Help Book 008,Books,Self Help Book,Nova,157.78,194.99
P04281,Board Game 001,Toys,Board Game,Vertex,327.85,398.06
P04282,Board Game 002,Toys,Board Game,Orion,335.86,427.35
P04283,Board Game 003,Toys,Board Game,Core,220.05,339.54
P04284,Board Game 004,Toys,Board Game,Urban,383.11,641.45
P04285,Board Game 005,Toys,Board Game,Zenith,291.33,348.02
P04286,Board Game 006,Toys,Board Game,Viva,302.89,479.92
P04287,Board Game 007,Toys,Board Game,Prime,409.48,492.15
P04288,Board Game 008,Toys,Board Game,Apex,292.53,398.63
P04289,Remote Car 001,Toys,Remote Car,Elite,362.66,588.88
P04290,Remote Car 002,Toys,Remote Car,Nova,329.97,460.48
P04291,Remote Car 003,Toys,Remote Car,Vertex,278.33,328.5
P04292,Remote Car 004,Toys,Remote Car,Orion,264.5,419.16
P04293,Remote Car 005,Toys,Remote Car,Core,380.87,502.58
P04294,Remote Car 006,Toys,Remote Car,Urban,243.74,397.24
P04295,Remote Car 007,Toys,Remote Car,Zenith,279.41,466.87
P04296,Remote Car 008,Toys,Remote Car,Viva,289.43,472.96
P04297,Puzzle 001,Toys,Puzzle,Prime,249.49,346.15
P04298,Puzzle 002,Toys,Puzzle,Apex,340.48,461.79
P04299,Puzzle 003,Toys,Puzzle,Elite,352.18,585.91
P04300,Puzzle 004,Toys,Puzzle,Nova,314.24,457.99
P04301,Puzzle 005,Toys,Puzzle,Vertex,258.33,350.51
P04302,Puzzle 006,Toys,Puzzle,Orion,288.62,468.55
P04303,Puzzle 007,Toys,Puzzle,Core,235.41,289.23
P04304,Puzzle 008,Toys,Puzzle,Urban,398.31,602.97
P04305,Building Blocks 001,Toys,Building Blocks,Zenith,320.72,537.57
P04306,Building Blocks 002,Toys,Building Blocks,Viva,367.62,573.06
P04307,Building Blocks 003,Toys,Building Blocks,Prime,271.97,336.02
P04308,Building Blocks 004,Toys,Building Blocks,Apex,348.39,515.27
P04309,Building Blocks 005,Toys,Building Blocks,Elite,335.7,488.07
P04310,Building Blocks 006,Toys,Building Blocks,Nova,234.78,302.09
P04311,Building Blocks 007,Toys,Building Blocks,Vertex,248.83,298.59
P04312,Building Blocks 008,Toys,Building Blocks,Orion,411.52,579.5
P04313,Educational Toy 001,Toys,Educational Toy,Core,287.45,424.48
P04314,Educational Toy 002,Toys,Educational Toy,Urban,305.0,362.71
P04315,Educational Toy 003,Toys,Educational Toy,Zenith,228.51,373.82
P04316,Educational Toy 004,Toys,Educational Toy,Viva,258.38,397.39
P04317,Educational Toy 005,Toys,Educational Toy,Prime,374.35,467.47
P04318,Educational Toy 006,Toys,Educational Toy,Apex,303.59,468.99
P04319,Educational Toy 007,Toys,Educational Toy,Elite,403.87,525.14
P04320,Educational Toy 008,Toys,Educational Toy,Nova,272.46,424.17
P04321,LED TV 001,Electronics,LED TV,Vertex,1474.21,2424.14
P04322,LED TV 002,Electronics,LED TV,Orion,920.65,1345.99
P04323,LED TV 003,Electronics,LED TV,Core,950.21,1120.24
P04324,LED TV 004,Electronics,LED TV,Urban,1549.63,1827.13
P04325,LED TV 005,Electronics,LED TV,Zenith,1220.21,1865.69
P04326,LED TV 006,Electronics,LED TV,Viva,831.94,1084.9
P04327,LED TV 007,Electronics,LED TV,Prime,1238.28,1482.07
P04328,LED TV 008,Electronics,LED TV,Apex,1227.31,1555.28
P04329,Bluetooth Speaker 001,Electronics,Bluetooth Speaker,Elite,1175.0,1496.48
P04330,Bluetooth Speaker 002,Electronics,Bluetooth Speaker,Nova,1457.4,2239.26
P04331,Bluetooth Speaker 003,Electronics,Bluetooth Speaker,Vertex,1534.66,2595.32
P04332,Bluetooth Speaker 004,Electronics,Bluetooth Speaker,Orion,1434.79,1709.83
P04333,Bluetooth Speaker 005,Electronics,Bluetooth Speaker,Core,1360.46,1879.86
P04334,Bluetooth Speaker 006,Electronics,Bluetooth Speaker,Urban,1333.22,1943.89
P04335,Bluetooth Speaker 007,Electronics,Bluetooth Speaker,Zenith,1442.34,2235.08
P04336,Bluetooth Speaker 008,Electronics,Bluetooth Speaker,Viva,1295.19,2190.93
P04337,Wireless Headphones 001,Electronics,Wireless Headphones,Prime,866.12,1461.63
P04338,Wireless Headphones 002,Electronics,Wireless Headphones,Apex,1563.89,2540.07
P04339,Wireless Headphones 003,Electronics,Wireless Headphones,Elite,957.5,1168.84
P04340,Wireless Headphones 004,Electronics,Wireless Headphones,Nova,995.69,1509.34
P04341,Wireless Headphones 005,Electronics,Wireless Headphones,Vertex,1410.03,1686.92
P04342,Wireless Headphones 006,Electronics,Wireless Headphones,Orion,1381.38,2242.11
P04343,Wireless Headphones 007,Electronics,Wireless Headphones,Core,1370.7,2127.63
P04344,Wireless Headphones 008,Electronics,Wireless Headphones,Urban,1155.59,1380.06
P04345,Smart Watch 001,Electronics,Smart Watch,Zenith,1351.1,1628.63
P04346,Smart Watch 002,Electronics,Smart Watch,Viva,1063.61,1722.22
P04347,Smart Watch 003,Electronics,Smart Watch,Prime,1321.42,1688.4
P04348,Smart Watch 004,Electronics,Smart Watch,Apex,905.07,1261.54
P04349,Smart Watch 005,Electronics,Smart Watch,Elite,1066.31,1256.55
P04350,Smart Watch 006,Electronics,Smart Watch,Nova,1016.21,1544.84
P04351,Smart Watch 007,Electronics,Smart Watch,Vertex,934.67,1561.47
P04352,Smart Watch 008,Electronics,Smart Watch,Orion,1199.05,1599.25
P04353,Digital Camera 001,Electronics,Digital Camera,Core,915.31,1250.54
P04354,Digital Camera 002,Electronics,Digital Camera,Urban,1031.58,1158.54
P04355,Digital Camera 003,Electronics,Digital Camera,Zenith,1348.95,1613.69
P04356,Digital Camera 004,Electronics,Digital Camera,Viva,1510.92,2285.56
P04357,Digital Camera 005,Electronics,Digital Camera,Prime,860.64,1307.7
P04358,Digital Camera 006,Electronics,Digital Camera,Apex,952.15,1389.44
P04359,Digital Camera 007,Electronics,Digital Camera,Elite,1170.3,1466.93
P04360,Digital Camera 008,Electronics,Digital Camera,Nova,1090.05,1786.79
P04361,Smartphone 001,Mobile & Accessories,Smartphone,Vertex,305.04,396.6
P04362,Smartphone 002,Mobile & Accessories,Smartphone,Orion,341.66,461.53
P04363,Smartphone 003,Mobile & Accessories,Smartphone,Core,511.52,804.02
P04364,Smartphone 004,Mobile & Accessories,Smartphone,Urban,442.24,586.3
P04365,Smartphone 005,Mobile & Accessories,Smartphone,Zenith,514.07,706.64
P04366,Smartphone 006,Mobile & Accessories,Smartphone,Viva,498.04,643.15
P04367,Smartphone 007,Mobile & Accessories,Smartphone,Prime,487.57,647.68
P04368,Smartphone 008,Mobile & Accessories,Smartphone,Apex,363.54,595.57
P04369,Power Bank 001,Mobile & Accessories,Power Bank,Elite,369.55,583.7
P04370,Power Bank 002,Mobile & Accessories,Power Bank,Nova,318.15,377.86
P04371,Power Bank 003,Mobile & Accessories,Power Bank,Vertex,470.83,797.37
P04372,Power Bank 004,Mobile & Accessories,Power Bank,Orion,510.22,853.99
P04373,Power Bank 005,Mobile & Accessories,Power Bank,Core,310.82,482.06
P04374,Power Bank 006,Mobile & Accessories,Power Bank,Urban,419.9,555.84
P04375,Power Bank 007,Mobile & Accessories,Power Bank,Zenith,333.43,446.8
P04376,Power Bank 008,Mobile & Accessories,Power Bank,Viva,373.18,437.01
P04377,Phone Case 001,Mobile & Accessories,Phone Case,Prime,442.92,566.15
P04378,Phone Case 002,Mobile & Accessories,Phone Case,Apex,408.07,621.99
P04379,Phone Case 003,Mobile & Accessories,Phone Case,Elite,282.47,388.3
P04380,Phone Case 004,Mobile & Accessories,Phone Case,Nova,296.58,425.23
P04381,Phone Case 005,Mobile & Accessories,Phone Case,Vertex,392.22,520.52
P04382,Phone Case 006,Mobile & Accessories,Phone Case,Orion,344.81,501.08
P04383,Phone Case 007,Mobile & Accessories,Phone Case,Core,413.51,570.38
P04384,Phone Case 008,Mobile & Accessories,Phone Case,Urban,500.67,636.14
P04385,USB Cable 001,Mobile & Accessories,USB Cable,Zenith,456.27,726.23
P04386,USB Cable 002,Mobile & Accessories,USB Cable,Viva,474.69,581.79
P04387,USB Cable 003,Mobile & Accessories,USB Cable,Prime,434.21,702.51
P04388,USB Cable 004,Mobile & Accessories,USB Cable,Apex,433.47,496.89
P04389,USB Cable 005,Mobile & Accessories,USB Cable,Elite,471.3,569.69
P04390,USB Cable 006,Mobile & Accessories,USB Cable,Nova,423.21,652.76
P04391,USB Cable 007,Mobile & Accessories,USB Cable,Vertex,326.12,393.44
P04392,USB Cable 008,Mobile & Accessories,USB Cable,Orion,518.2,852.22
P04393,Fast Charger 001,Mobile & Accessories,Fast Charger,Core,500.04,584.84
P04394,Fast Charger 002,Mobile & Accessories,Fast Charger,Urban,426.59,569.63
P04395,Fast Charger 003,Mobile & Accessories,Fast Charger,Zenith,283.01,471.34
P04396,Fast Charger 004,Mobile & Accessories,Fast Charger,Viva,290.35,352.74
P04397,Fast Charger 005,Mobile & Accessories,Fast Charger,Prime,353.49,454.31
P04398,Fast Charger 006,Mobile & Accessories,Fast Charger,Apex,427.93,691.31
P04399,Fast Charger 007,Mobile & Accessories,Fast Charger,Elite,377.84,466.07
P04400,Fast Charger 008,Mobile & Accessories,Fast Charger,Nova,364.23,453.01
P04401,Laptop 001,Computers,Laptop,Vertex,1504.75,2519.33
P04402,Laptop 002,Computers,Laptop,Orion,2179.55,2489.51
P04403,Laptop 003,Computers,Laptop,Core,1506.51,1756.18
P04404,Laptop 004,Computers,Laptop,Urban,1886.47,2974.93
P04405,Laptop 005,Computers,Laptop,Zenith,2549.62,3255.29
P04406,Laptop 006,Computers,Laptop,Viva,2124.83,2492.95
P04407,Laptop 007,Computers,Laptop,Prime,2072.85,3308.32
P04408,Laptop 008,Computers,Laptop,Apex,1556.4,1931.61
P04409,Desktop PC 001,Computers,Desktop PC,Elite,1426.5,2174.93
P04410,Desktop PC 002,Computers,Desktop PC,Nova,2607.37,3260.17
P04411,Desktop PC 003,Computers,Desktop PC,Vertex,1521.96,2198.77
P04412,Desktop PC 004,Computers,Desktop PC,Orion,2408.79,3608.98
P04413,Desktop PC 005,Computers,Desktop PC,Core,2112.35,2397.73
P04414,Desktop PC 006,Computers,Desktop PC,Urban,1549.56,2312.41
P04415,Desktop PC 007,Computers,Desktop PC,Zenith,2311.02,3679.71
P04416,Desktop PC 008,Computers,Desktop PC,Viva,2428.76,3722.92
P04417,Monitor 001,Computers,Monitor,Prime,2345.31,3234.85
P04418,Monitor 002,Computers,Monitor,Apex,1655.41,2565.45
P04419,Monitor 003,Computers,Monitor,Elite,1510.86,1783.85
P04420,Monitor 004,Computers,Monitor,Nova,1939.63,2882.79
P04421,Monitor 005,Computers,Monitor,Vertex,2398.38,3111.96
P04422,Monitor 006,Computers,Monitor,Orion,2197.63,3171.94
P04423,Monitor 007,Computers,Monitor,Core,1470.77,1927.31
P04424,Monitor 008,Computers,Monitor,Urban,2444.6,3927.31
P04425,Keyboard 001,Computers,Keyboard,Zenith,2432.83,3648.74
P04426,Keyboard 002,Computers,Keyboard,Viva,2090.19,2896.49
P04427,Keyboard 003,Computers,Keyboard,Prime,1934.73,2255.74
P04428,Keyboard 004,Computers,Keyboard,Apex,1689.42,2808.16
P04429,Keyboard 005,Computers,Keyboard,Elite,1755.27,2732.47
P04430,Keyboard 006,Computers,Keyboard,Nova,2103.56,2808.0
P04431,Keyboard 007,Computers,Keyboard,Vertex,1461.08,1699.19
P04432,Keyboard 008,Computers,Keyboard,Orion,1998.12,2758.7
P04433,Mouse 001,Computers,Mouse,Core,2040.05,2862.59
P04434,Mouse 002,Computers,Mouse,Urban,2395.78,2805.95
P04435,Mouse 003,Computers,Mouse,Zenith,2320.82,2668.6
P04436,Mouse 004,Computers,Mouse,Viva,2051.91,2970.91
P04437,Mouse 005,Computers,Mouse,Prime,1890.2,2678.85
P04438,Mouse 006,Computers,Mouse,Apex,1527.54,1900.58
P04439,Mouse 007,Computers,Mouse,Elite,2406.3,3885.86
P04440,Mouse 008,Computers,Mouse,Nova,2006.89,2459.23
P04441,Refrigerator 001,Home Appliances,Refrigerator,Vertex,3287.6,4923.04
P04442,Refrigerator 002,Home Appliances,Refrigerator,Orion,3173.8,4145.07
P04443,Refrigerator 003,Home Appliances,Refrigerator,Core,2873.9,3418.49
P04444,Refrigerator 004,Home Appliances,Refrigerator,Urban,2647.64,4479.63
P04445,Refrigerator 005,Home Appliances,Refrigerator,Zenith,3218.09,5011.54
P04446,Refrigerator 006,Home Appliances,Refrigerator,Viva,2927.58,4532.76
P04447,Refrigerator 007,Home Appliances,Refrigerator,Prime,2852.89,4186.95
P04448,Refrigerator 008,Home Appliances,Refrigerator,Apex,2678.32,3712.32
P04449,Washing Machine 001,Home Appliances,Washing Machine,Elite,2832.14,3177.77
P04450,Washing Machine 002,Home Appliances,Washing Machine,Nova,2299.3,3132.27
P04451,Washing Machine 003,Home Appliances,Washing Machine,Vertex,2505.19,2911.08
P04452,Washing Machine 004,Home Appliances,Washing Machine,Orion,3460.61,5370.18
P04453,Washing Machine 005,Home Appliances,Washing Machine,Core,3556.55,4176.63
P04454,Washing Machine 006,Home Appliances,Washing Machine,Urban,2127.09,3301.49
P04455,Washing Machine 007,Home Appliances,Washing Machine,Zenith,2543.7,3569.29
P04456,Washing Machine 008,Home Appliances,Washing Machine,Viva,2640.83,3033.82
P04457,Microwave Oven 001,Home Appliances,Microwave Oven,Prime,3238.09,4537.89
P04458,Microwave Oven 002,Home Appliances,Microwave Oven,Apex,3208.11,5156.68
P04459,Microwave Oven 003,Home Appliances,Microwave Oven,Elite,3144.51,4253.73
P04460,Microwave Oven 004,Home Appliances,Microwave Oven,Nova,2315.42,3649.97
P04461,Microwave Oven 005,Home Appliances,Microwave Oven,Vertex,3604.81,5761.29
P04462,Microwave Oven 006,Home Appliances,Microwave Oven,Orion,2627.17,4448.62
P04463,Microwave Oven 007,Home Appliances,Microwave Oven,Core,2303.08,3534.1
P04464,Microwave Oven 008,Home Appliances,Microwave Oven,Urban,3386.79,5649.08
P04465,Air Conditioner 001,Home Appliances,Air Conditioner,Zenith,3587.3,4447.44
P04466,Air Conditioner 002,Home Appliances,Air Conditioner,Viva,3581.0,4418.5
P04467,Air Conditioner 003,Home Appliances,Air Conditioner,Prime,3554.2,5024.22
P04468,Air Conditioner 004,Home Appliances,Air Conditioner,Apex,2559.48,3511.36
P04469,Air Conditioner 005,Home Appliances,Air Conditioner,Elite,2059.52,3138.79
P04470,Air Conditioner 006,Home Appliances,Air Conditioner,Nova,3301.87,5513.62
P04471,Air Conditioner 007,Home Appliances,Air Conditioner,Vertex,2639.49,4349.06
P04472,Air Conditioner 008,Home Appliances,Air Conditioner,Orion,2510.09,3981.89
P04473,Mixer Grinder 001,Home Appliances,Mixer Grinder,Core,3320.06,5192.31
P04474,Mixer Grinder 002,Home Appliances,Mixer Grinder,Urban,3409.09,3879.42
P04475,Mixer Grinder 003,Home Appliances,Mixer Grinder,Zenith,3219.32,4117.93
P04476,Mixer Grinder 004,Home Appliances,Mixer Grinder,Viva,3023.69,3782.53
P04477,Mixer Grinder 005,Home Appliances,Mixer Grinder,Prime,3111.28,4674.51
P04478,Mixer Grinder 006,Home Appliances,Mixer Grinder,Apex,3622.43,4938.03
P04479,Mixer Grinder 007,Home Appliances,Mixer Grinder,Elite,3391.57,5548.62
P04480,Mixer Grinder 008,Home Appliances,Mixer Grinder,Nova,3109.53,3666.79
P04481,Office Chair 001,Furniture,Office Chair,Vertex,1859.48,3061.83
P04482,Office Chair 002,Furniture,Office Chair,Orion,1714.33,1986.8
P04483,Office Chair 003,Furniture,Office Chair,Core,1665.72,2704.78
P04484,Office Chair 004,Furniture,Office Chair,Urban,1943.58,2990.75
P04485,Office Chair 005,Furniture,Office Chair,Zenith,1759.29,2599.78
P04486,Office Chair 006,Furniture,Office Chair,Viva,1928.17,2674.72
P04487,Office Chair 007,Furniture,Office Chair,Prime,2426.74,3760.01
P04488,Office Chair 008,Furniture,Office Chair,Apex,2196.39,2667.47
P04489,Study Table 001,Furniture,Study Table,Elite,1966.6,2391.32
P04490,Study Table 002,Furniture,Study Table,Nova,1930.93,3253.46
P04491,Study Table 003,Furniture,Study Table,Vertex,1829.46,2986.27
P04492,Study Table 004,Furniture,Study Table,Orion,1456.4,2458.83
P04493,Study Table 005,Furniture,Study Table,Core,2005.49,3153.65
P04494,Study Table 006,Furniture,Study Table,Urban,1865.56,3137.73
P04495,Study Table 007,Furniture,Study Table,Zenith,1539.48,2436.21
P04496,Study Table 008,Furniture,Study Table,Viva,2169.4,3090.71
P04497,Sofa 001,Furniture,Sofa,Prime,1811.92,2757.41
P04498,Sofa 002,Furniture,Sofa,Apex,1904.29,2545.8
P04499,Sofa 003,Furniture,Sofa,Elite,1576.61,2276.91
P04500,Sofa 004,Furniture,Sofa,Nova,1787.54,2244.38
P04501,Sofa 005,Furniture,Sofa,Vertex,1985.09,3085.83
P04502,Sofa 006,Furniture,Sofa,Orion,2120.37,3194.29
P04503,Sofa 007,Furniture,Sofa,Core,2501.95,3501.98
P04504,Sofa 008,Furniture,Sofa,Urban,1482.56,1812.52
P04505,Bookshelf 001,Furniture,Bookshelf,Zenith,1957.12,2787.57
P04506,Bookshelf 002,Furniture,Bookshelf,Viva,2230.62,3078.44
P04507,Bookshelf 003,Furniture,Bookshelf,Prime,1499.44,2142.2
P04508,Bookshelf 004,Furniture,Bookshelf,Apex,1671.99,2511.03
P04509,Bookshelf 005,Furniture,Bookshelf,Elite,1822.37,3026.59
P04510,Bookshelf 006,Furniture,Bookshelf,Nova,1530.24,2479.97
P04511,Bookshelf 007,Furniture,Bookshelf,Vertex,1536.96,2056.66
P04512,Bookshelf 008,Furniture,Bookshelf,Orion,1859.06,2934.11
P04513,Bed 001,Furniture,Bed,Core,1901.36,2508.63
P04514,Bed 002,Furniture,Bed,Urban,1691.02,2026.07
P04515,Bed 003,Furniture,Bed,Zenith,2244.07,3123.81
P04516,Bed 004,Furniture,Bed,Viva,1577.39,2587.63
P04517,Bed 005,Furniture,Bed,Prime,1629.76,2544.66
P04518,Bed 006,Furniture,Bed,Apex,1768.55,2338.42
P04519,Bed 007,Furniture,Bed,Elite,2138.94,3040.22
P04520,Bed 008,Furniture,Bed,Nova,2586.59,3255.18
P04521,T-Shirt 001,Clothing,T-Shirt,Vertex,283.91,395.6
P04522,T-Shirt 002,Clothing,T-Shirt,Orion,516.62,688.05
P04523,T-Shirt 003,Clothing,T-Shirt,Core,396.87,524.39
P04524,T-Shirt 004,Clothing,T-Shirt,Urban,441.18,576.96
P04525,T-Shirt 005,Clothing,T-Shirt,Zenith,436.34,658.64
P04526,T-Shirt 006,Clothing,T-Shirt,Viva,304.56,469.21
P04527,T-Shirt 007,Clothing,T-Shirt,Prime,405.39,632.33
P04528,T-Shirt 008,Clothing,T-Shirt,Apex,363.8,493.25
P04529,Jeans 001,Clothing,Jeans,Elite,402.39,473.76
P04530,Jeans 002,Clothing,Jeans,Nova,430.94,573.07
P04531,Jeans 003,Clothing,Jeans,Vertex,477.76,557.83
P04532,Jeans 004,Clothing,Jeans,Orion,332.11,496.57
P04533,Jeans 005,Clothing,Jeans,Core,294.63,380.41
P04534,Jeans 006,Clothing,Jeans,Urban,364.57,493.4
P04535,Jeans 007,Clothing,Jeans,Zenith,389.19,639.93
P04536,Jeans 008,Clothing,Jeans,Viva,449.87,519.16
P04537,Shirt 001,Clothing,Shirt,Prime,507.58,684.35
P04538,Shirt 002,Clothing,Shirt,Apex,277.01,349.36
P04539,Shirt 003,Clothing,Shirt,Elite,284.18,382.75
P04540,Shirt 004,Clothing,Shirt,Nova,445.46,531.05
P04541,Shirt 005,Clothing,Shirt,Vertex,332.93,485.81
P04542,Shirt 006,Clothing,Shirt,Orion,419.55,475.74
P04543,Shirt 007,Clothing,Shirt,Core,280.15,338.8
P04544,Shirt 008,Clothing,Shirt,Urban,324.25,413.8
P04545,Jacket 001,Clothing,Jacket,Zenith,478.02,616.03
P04546,Jacket 002,Clothing,Jacket,Viva,482.8,542.82
P04547,Jacket 003,Clothing,Jacket,Prime,454.68,566.19
P04548,Jacket 004,Clothing,Jacket,Apex,345.91,540.46
P04549,Jacket 005,Clothing,Jacket,Elite,436.11,538.56
P04550,Jacket 006,Clothing,Jacket,Nova,358.09,429.74
P04551,Jacket 007,Clothing,Jacket,Vertex,309.13,415.22
P04552,Jacket 008,Clothing,Jacket,Orion,340.3,559.15
P04553,Kurta 001,Clothing,Kurta,Core,454.85,530.64
P04554,Kurta 002,Clothing,Kurta,Urban,297.17,367.4
P04555,Kurta 003,Clothing,Kurta,Zenith,358.76,603.35
P04556,Kurta 004,Clothing,Kurta,Viva,469.0,578.29
P04557,Kurta 005,Clothing,Kurta,Prime,447.13,514.08
P04558,Kurta 006,Clothing,Kurta,Apex,332.22,379.29
P04559,Kurta 007,Clothing,Kurta,Elite,310.7,526.38
P04560,Kurta 008,Clothing,Kurta,Nova,409.62,597.0
P04561,Running Shoes 001,Shoes,Running Shoes,Vertex,548.14,801.23
P04562,Running Shoes 002,Shoes,Running Shoes,Orion,530.06,606.6
P04563,Running Shoes 003,Shoes,Running Shoes,Core,664.56,956.91
P04564,Running Shoes 004,Shoes,Running Shoes,Urban,420.38,604.2
P04565,Running Shoes 005,Shoes,Running Shoes,Zenith,555.18,713.03
P04566,Running Shoes 006,Shoes,Running Shoes,Viva,717.76,897.53
P04567,Running Shoes 007,Shoes,Running Shoes,Prime,388.67,499.95
P04568,Running Shoes 008,Shoes,Running Shoes,Apex,401.6,621.93
P04569,Casual Shoes 001,Shoes,Casual Shoes,Elite,547.91,834.54
P04570,Casual Shoes 002,Shoes,Casual Shoes,Nova,414.18,656.07
P04571,Casual Shoes 003,Shoes,Casual Shoes,Vertex,691.25,1010.46
P04572,Casual Shoes 004,Shoes,Casual Shoes,Orion,479.35,674.62
P04573,Casual Shoes 005,Shoes,Casual Shoes,Core,583.21,883.38
P04574,Casual Shoes 006,Shoes,Casual Shoes,Urban,447.34,647.81
P04575,Casual Shoes 007,Shoes,Casual Shoes,Zenith,557.55,882.58
P04576,Casual Shoes 008,Shoes,Casual Shoes,Viva,638.51,788.09
P04577,Formal Shoes 001,Shoes,Formal Shoes,Prime,455.81,693.36
P04578,Formal Shoes 002,Shoes,Formal Shoes,Apex,509.99,594.22
P04579,Formal Shoes 003,Shoes,Formal Shoes,Elite,441.54,573.74
P04580,Formal Shoes 004,Shoes,Formal Shoes,Nova,572.14,873.87
P04581,Formal Shoes 005,Shoes,Formal Shoes,Vertex,628.36,862.32
P04582,Formal Shoes 006,Shoes,Formal Shoes,Orion,531.11,673.98
P04583,Formal Shoes 007,Shoes,Formal Shoes,Core,731.28,1171.17
P04584,Formal Shoes 008,Shoes,Formal Shoes,Urban,500.83,583.32
P04585,Sandals 001,Shoes,Sandals,Zenith,512.97,710.2
P04586,Sandals 002,Shoes,Sandals,Viva,513.77,658.57
P04587,Sandals 003,Shoes,Sandals,Prime,700.71,837.82
P04588,Sandals 004,Shoes,Sandals,Apex,455.23,729.22
P04589,Sandals 005,Shoes,Sandals,Elite,592.54,708.42
P04590,Sandals 006,Shoes,Sandals,Nova,588.16,930.88
P04591,Sandals 007,Shoes,Sandals,Vertex,640.76,1084.76
P04592,Sandals 008,Shoes,Sandals,Orion,624.92,712.11
P04593,Sports Shoes 001,Shoes,Sports Shoes,Core,677.2,1115.8
P04594,Sports Shoes 002,Shoes,Sports Shoes,Urban,616.29,1035.77
P04595,Sports Shoes 003,Shoes,Sports Shoes,Zenith,676.36,986.96
P04596,Sports Shoes 004,Shoes,Sports Shoes,Viva,419.02,628.14
P04597,Sports Shoes 005,Shoes,Sports Shoes,Prime,594.09,666.34
P04598,Sports Shoes 006,Shoes,Sports Shoes,Apex,524.7,780.38
P04599,Sports Shoes 007,Shoes,Sports Shoes,Elite,586.93,846.68
P04600,Sports Shoes 008,Shoes,Sports Shoes,Nova,415.84,605.79
P04601,Face Wash 001,Beauty & Personal Care,Face Wash,Vertex,186.07,233.97
P04602,Face Wash 002,Beauty & Personal Care,Face Wash,Orion,295.67,356.22
P04603,Face Wash 003,Beauty & Personal Care,Face Wash,Core,174.79,259.56
P04604,Face Wash 004,Beauty & Personal Care,Face Wash,Urban,284.29,382.92
P04605,Face Wash 005,Beauty & Personal Care,Face Wash,Zenith,303.23,364.69
P04606,Face Wash 006,Beauty & Personal Care,Face Wash,Viva,207.3,281.42
P04607,Face Wash 007,Beauty & Personal Care,Face Wash,Prime,194.12,245.1
P04608,Face Wash 008,Beauty & Personal Care,Face Wash,Apex,284.62,391.37
P04609,Shampoo 001,Beauty & Personal Care,Shampoo,Elite,165.95,205.54
P04610,Shampoo 002,Beauty & Personal Care,Shampoo,Nova,301.73,470.85
P04611,Shampoo 003,Beauty & Personal Care,Shampoo,Vertex,282.13,395.84
P04612,Shampoo 004,Beauty & Personal Care,Shampoo,Orion,232.42,361.51
P04613,Shampoo 005,Beauty & Personal Care,Shampoo,Core,251.96,400.93
P04614,Shampoo 006,Beauty & Personal Care,Shampoo,Urban,303.67,475.25
P04615,Shampoo 007,Beauty & Personal Care,Shampoo,Zenith,286.52,480.51
P04616,Shampoo 008,Beauty & Personal Care,Shampoo,Viva,283.12,366.64
P04617,Perfume 001,Beauty & Personal Care,Perfume,Prime,284.79,431.21
P04618,Perfume 002,Beauty & Personal Care,Perfume,Apex,301.1,410.89
P04619,Perfume 003,Beauty & Personal Care,Perfume,Elite,296.82,399.53
P04620,Perfume 004,Beauty & Personal Care,Perfume,Nova,258.39,422.25
P04621,Perfume 005,Beauty & Personal Care,Perfume,Vertex,304.91,432.13
P04622,Perfume 006,Beauty & Personal Care,Perfume,Orion,217.33,341.61
P04623,Perfume 007,Beauty & Personal Care,Perfume,Core,179.71,288.59
P04624,Perfume 008,Beauty & Personal Care,Perfume,Urban,274.39,333.24
P04625,Skin Cream 001,Beauty & Personal Care,Skin Cream,Zenith,182.68,254.18
P04626,Skin Cream 002,Beauty & Personal Care,Skin Cream,Viva,257.94,344.21
P04627,Skin Cream 003,Beauty & Personal Care,Skin Cream,Prime,223.08,329.19
P04628,Skin Cream 004,Beauty & Personal Care,Skin Cream,Apex,306.91,370.55
P04629,Skin Cream 005,Beauty & Personal Care,Skin Cream,Elite,166.11,249.94
P04630,Skin Cream 006,Beauty & Personal Care,Skin Cream,Nova,275.28,424.82
P04631,Skin Cream 007,Beauty & Personal Care,Skin Cream,Vertex,308.37,484.61
P04632,Skin Cream 008,Beauty & Personal Care,Skin Cream,Orion,267.71,427.74
P04633,Hair Dryer 001,Beauty & Personal Care,Hair Dryer,Core,298.12,500.51
P04634,Hair Dryer 002,Beauty & Personal Care,Hair Dryer,Urban,309.6,467.21
P04635,Hair Dryer 003,Beauty & Personal Care,Hair Dryer,Zenith,247.8,302.9
P04636,Hair Dryer 004,Beauty & Personal Care,Hair Dryer,Viva,209.74,259.56
P04637,Hair Dryer 005,Beauty & Personal Care,Hair Dryer,Prime,256.88,413.33
P04638,Hair Dryer 006,Beauty & Personal Care,Hair Dryer,Apex,224.83,262.46
P04639,Hair Dryer 007,Beauty & Personal Care,Hair Dryer,Elite,179.44,296.93
P04640,Hair Dryer 008,Beauty & Personal Care,Hair Dryer,Nova,178.57,221.88
P04641,Rice 001,Grocery,Rice,Vertex,113.85,151.97
P04642,Rice 002,Grocery,Rice,Orion,155.56,239.61
P04643,Rice 003,Grocery,Rice,Core,98.36,112.53
P04644,Rice 004,Grocery,Rice,Urban,106.51,171.3
P04645,Rice 005,Grocery,Rice,Zenith,127.98,208.93
P04646,Rice 006,Grocery,Rice,Viva,154.09,213.89
P04647,Rice 007,Grocery,Rice,Prime,83.54,120.27
P04648,Rice 008,Grocery,Rice,Apex,142.51,229.08
P04649,Cooking Oil 001,Grocery,Cooking Oil,Elite,89.2,121.36
P04650,Cooking Oil 002,Grocery,Cooking Oil,Nova,99.72,126.0
P04651,Cooking Oil 003,Grocery,Cooking Oil,Vertex,92.52,110.8
P04652,Cooking Oil 004,Grocery,Cooking Oil,Orion,96.68,119.93
P04653,Cooking Oil 005,Grocery,Cooking Oil,Core,138.44,208.42
P04654,Cooking Oil 006,Grocery,Cooking Oil,Urban,136.04,177.82
P04655,Cooking Oil 007,Grocery,Cooking Oil,Zenith,132.72,177.08
P04656,Cooking Oil 008,Grocery,Cooking Oil,Viva,109.73,159.48
P04657,Tea 001,Grocery,Tea,Prime,130.73,217.57
P04658,Tea 002,Grocery,Tea,Apex,83.16,97.37
P04659,Tea 003,Grocery,Tea,Elite,83.72,99.64
P04660,Tea 004,Grocery,Tea,Nova,108.51,144.61
P04661,Tea 005,Grocery,Tea,Vertex,92.99,111.89
P04662,Tea 006,Grocery,Tea,Orion,128.12,170.42
P04663,Tea 007,Grocery,Tea,Core,99.03,112.48
P04664,Tea 008,Grocery,Tea,Urban,104.28,157.31
P04665,Coffee 001,Grocery,Coffee,Zenith,154.72,258.68
P04666,Coffee 002,Grocery,Coffee,Viva,112.35,142.84
P04667,Coffee 003,Grocery,Coffee,Prime,135.94,165.64
P04668,Coffee 004,Grocery,Coffee,Apex,97.25,137.68
P04669,Coffee 005,Grocery,Coffee,Elite,114.03,177.12
P04670,Coffee 006,Grocery,Coffee,Nova,88.29,142.3
P04671,Coffee 007,Grocery,Coffee,Vertex,100.3,151.53
P04672,Coffee 008,Grocery,Coffee,Orion,129.0,155.63
P04673,Packaged Snacks 001,Grocery,Packaged Snacks,Core,111.73,163.64
P04674,Packaged Snacks 002,Grocery,Packaged Snacks,Urban,143.17,168.04
P04675,Packaged Snacks 003,Grocery,Packaged Snacks,Zenith,111.49,139.99
P04676,Packaged Snacks 004,Grocery,Packaged Snacks,Viva,89.28,127.11
P04677,Packaged Snacks 005,Grocery,Packaged Snacks,Prime,128.97,214.3
P04678,Packaged Snacks 006,Grocery,Packaged Snacks,Apex,138.31,202.47
P04679,Packaged Snacks 007,Grocery,Packaged Snacks,Elite,109.36,165.61
P04680,Packaged Snacks 008,Grocery,Packaged Snacks,Nova,129.25,192.09
P04681,Cricket Bat 001,Sports,Cricket Bat,Vertex,607.87,717.25
P04682,Cricket Bat 002,Sports,Cricket Bat,Orion,571.07,851.58
P04683,Cricket Bat 003,Sports,Cricket Bat,Core,415.99,612.75
P04684,Cricket Bat 004,Sports,Cricket Bat,Urban,580.63,717.58
P04685,Cricket Bat 005,Sports,Cricket Bat,Zenith,561.87,848.5
P04686,Cricket Bat 006,Sports,Cricket Bat,Viva,495.66,603.63
P04687,Cricket Bat 007,Sports,Cricket Bat,Prime,553.71,896.64
P04688,Cricket Bat 008,Sports,Cricket Bat,Apex,349.95,525.26
P04689,Football 001,Sports,Football,Elite,356.79,409.81
P04690,Football 002,Sports,Football,Nova,345.5,509.33
P04691,Football 003,Sports,Football,Vertex,603.21,719.66
P04692,Football 004,Sports,Football,Orion,535.98,674.01
P04693,Football 005,Sports,Football,Core,468.39,646.34
P04694,Football 006,Sports,Football,Urban,471.86,594.66
P04695,Football 007,Sports,Football,Zenith,579.49,702.67
P04696,Football 008,Sports,Football,Viva,366.99,557.99
P04697,Yoga Mat 001,Sports,Yoga Mat,Prime,446.5,753.32
P04698,Yoga Mat 002,Sports,Yoga Mat,Apex,506.86,800.14
P04699,Yoga Mat 003,Sports,Yoga Mat,Elite,437.64,623.51
P04700,Yoga Mat 004,Sports,Yoga Mat,Nova,514.63,683.98
P04701,Yoga Mat 005,Sports,Yoga Mat,Vertex,556.67,873.56
P04702,Yoga Mat 006,Sports,Yoga Mat,Orion,500.0,639.1
P04703,Yoga Mat 007,Sports,Yoga Mat,Core,507.96,726.51
P04704,Yoga Mat 008,Sports,Yoga Mat,Urban,501.21,641.95
P04705,Badminton Racket 001,Sports,Badminton Racket,Zenith,546.72,655.5
P04706,Badminton Racket 002,Sports,Badminton Racket,Viva,486.36,726.92
P04707,Badminton Racket 003,Sports,Badminton Racket,Prime,596.28,671.2
P04708,Badminton Racket 004,Sports,Badminton Racket,Apex,382.49,553.44
P04709,Badminton Racket 005,Sports,Badminton Racket,Elite,471.0,710.71
P04710,Badminton Racket 006,Sports,Badminton Racket,Nova,375.46,438.84
P04711,Badminton Racket 007,Sports,Badminton Racket,Vertex,372.93,439.7
P04712,Badminton Racket 008,Sports,Badminton Racket,Orion,412.82,701.04
P04713,Dumbbells 001,Sports,Dumbbells,Core,357.38,456.81
P04714,Dumbbells 002,Sports,Dumbbells,Urban,426.17,582.59
P04715,Dumbbells 003,Sports,Dumbbells,Zenith,411.01,511.91
P04716,Dumbbells 004,Sports,Dumbbells,Viva,538.36,632.69
P04717,Dumbbells 005,Sports,Dumbbells,Prime,525.91,860.89
P04718,Dumbbells 006,Sports,Dumbbells,Apex,412.91,626.63
P04719,Dumbbells 007,Sports,Dumbbells,Elite,436.39,548.19
P04720,Dumbbells 008,Sports,Dumbbells,Nova,433.72,717.91
P04721,Business Book 001,Books,Business Book,Vertex,245.5,285.16
P04722,Business Book 002,Books,Business Book,Orion,143.48,177.65
P04723,Business Book 003,Books,Business Book,Core,149.09,233.06
P04724,Business Book 004,Books,Business Book,Urban,164.86,248.33
P04725,Business Book 005,Books,Business Book,Zenith,138.66,169.57
P04726,Business Book 006,Books,Business Book,Viva,189.54,212.38
P04727,Business Book 007,Books,Business Book,Prime,228.52,276.31
P04728,Business Book 008,Books,Business Book,Apex,240.93,338.88
P04729,Technology Book 001,Books,Technology Book,Elite,141.33,175.27
P04730,Technology Book 002,Books,Technology Book,Nova,221.62,280.88
P04731,Technology Book 003,Books,Technology Book,Vertex,151.93,237.51
P04732,Technology Book 004,Books,Technology Book,Orion,191.92,300.51
P04733,Technology Book 005,Books,Technology Book,Core,198.75,312.61
P04734,Technology Book 006,Books,Technology Book,Urban,163.94,195.08
P04735,Technology Book 007,Books,Technology Book,Zenith,169.99,222.66
P04736,Technology Book 008,Books,Technology Book,Viva,203.06,230.09
P04737,Fiction Book 001,Books,Fiction Book,Prime,212.03,271.01
P04738,Fiction Book 002,Books,Fiction Book,Apex,236.26,392.19
P04739,Fiction Book 003,Books,Fiction Book,Elite,238.07,337.38
P04740,Fiction Book 004,Books,Fiction Book,Nova,242.44,372.45
P04741,Fiction Book 005,Books,Fiction Book,Vertex,154.73,175.76
P04742,Fiction Book 006,Books,Fiction Book,Orion,197.7,319.99
P04743,Fiction Book 007,Books,Fiction Book,Core,198.15,307.92
P04744,Fiction Book 008,Books,Fiction Book,Urban,234.45,397.19
P04745,Exam Preparation Book 001,Books,Exam Preparation Book,Zenith,199.92,230.08
P04746,Exam Preparation Book 002,Books,Exam Preparation Book,Viva,255.8,401.61
P04747,Exam Preparation Book 003,Books,Exam Preparation Book,Prime,243.99,275.69
P04748,Exam Preparation Book 004,Books,Exam Preparation Book,Apex,170.11,221.51
P04749,Exam Preparation Book 005,Books,Exam Preparation Book,Elite,171.66,258.18
P04750,Exam Preparation Book 006,Books,Exam Preparation Book,Nova,242.6,316.22
P04751,Exam Preparation Book 007,Books,Exam Preparation Book,Vertex,230.47,301.17
P04752,Exam Preparation Book 008,Books,Exam Preparation Book,Orion,208.34,247.02
P04753,Self Help Book 001,Books,Self Help Book,Core,184.61,228.99
P04754,Self Help Book 002,Books,Self Help Book,Urban,229.09,346.11
P04755,Self Help Book 003,Books,Self Help Book,Zenith,190.11,265.76
P04756,Self Help Book 004,Books,Self Help Book,Viva,188.64,285.52
P04757,Self Help Book 005,Books,Self Help Book,Prime,173.52,211.64
P04758,Self Help Book 006,Books,Self Help Book,Apex,193.51,224.88
P04759,Self Help Book 007,Books,Self Help Book,Elite,174.67,219.5
P04760,Self Help Book 008,Books,Self Help Book,Nova,193.04,265.75
P04761,Board Game 001,Toys,Board Game,Vertex,380.91,548.11
P04762,Board Game 002,Toys,Board Game,Orion,257.97,307.43
P04763,Board Game 003,Toys,Board Game,Core,400.55,658.58
P04764,Board Game 004,Toys,Board Game,Urban,283.03,367.75
P04765,Board Game 005,Toys,Board Game,Zenith,260.4,414.83
P04766,Board Game 006,Toys,Board Game,Viva,419.57,586.75
P04767,Board Game 007,Toys,Board Game,Prime,268.99,321.2
P04768,Board Game 008,Toys,Board Game,Apex,261.76,403.88
P04769,Remote Car 001,Toys,Remote Car,Elite,418.32,607.16
P04770,Remote Car 002,Toys,Remote Car,Nova,258.65,337.58
P04771,Remote Car 003,Toys,Remote Car,Vertex,261.23,440.68
P04772,Remote Car 004,Toys,Remote Car,Orion,246.98,404.25
P04773,Remote Car 005,Toys,Remote Car,Core,371.78,460.5
P04774,Remote Car 006,Toys,Remote Car,Urban,278.98,339.73
P04775,Remote Car 007,Toys,Remote Car,Zenith,341.67,398.79
P04776,Remote Car 008,Toys,Remote Car,Viva,281.42,437.97
P04777,Puzzle 001,Toys,Puzzle,Prime,369.02,447.5
P04778,Puzzle 002,Toys,Puzzle,Apex,345.55,402.04
P04779,Puzzle 003,Toys,Puzzle,Elite,288.22,370.78
P04780,Puzzle 004,Toys,Puzzle,Nova,375.54,523.82
P04781,Puzzle 005,Toys,Puzzle,Vertex,235.8,327.67
P04782,Puzzle 006,Toys,Puzzle,Orion,235.94,355.26
P04783,Puzzle 007,Toys,Puzzle,Core,266.26,432.83
P04784,Puzzle 008,Toys,Puzzle,Urban,378.65,593.6
P04785,Building Blocks 001,Toys,Building Blocks,Zenith,394.39,540.17
P04786,Building Blocks 002,Toys,Building Blocks,Viva,410.18,556.26
P04787,Building Blocks 003,Toys,Building Blocks,Prime,264.2,443.31
P04788,Building Blocks 004,Toys,Building Blocks,Apex,270.14,314.04
P04789,Building Blocks 005,Toys,Building Blocks,Elite,394.12,480.12
P04790,Building Blocks 006,Toys,Building Blocks,Nova,393.29,538.81
P04791,Building Blocks 007,Toys,Building Blocks,Vertex,384.48,496.69
P04792,Building Blocks 008,Toys,Building Blocks,Orion,365.19,524.34
P04793,Educational Toy 001,Toys,Educational Toy,Core,231.14,380.34
P04794,Educational Toy 002,Toys,Educational Toy,Urban,336.94,491.63
P04795,Educational Toy 003,Toys,Educational Toy,Zenith,227.52,301.1
P04796,Educational Toy 004,Toys,Educational Toy,Viva,285.26,333.56
P04797,Educational Toy 005,Toys,Educational Toy,Prime,373.58,487.28
P04798,Educational Toy 006,Toys,Educational Toy,Apex,264.5,445.24
P04799,Educational Toy 007,Toys,Educational Toy,Elite,376.99,567.1
P04800,Educational Toy 008,Toys,Educational Toy,Nova,332.67,499.88
P04801,LED TV 001,Electronics,LED TV,Vertex,1544.1,2433.55
P04802,LED TV 002,Electronics,LED TV,Orion,962.4,1275.88
P04803,LED TV 003,Electronics,LED TV,Core,986.44,1508.57
P04804,LED TV 004,Electronics,LED TV,Urban,1312.41,1912.06
P04805,LED TV 005,Electronics,LED TV,Zenith,1123.49,1848.07
P04806,LED TV 006,Electronics,LED TV,Viva,1471.03,1664.24
P04807,LED TV 007,Electronics,LED TV,Prime,901.04,1123.18
P04808,LED TV 008,Electronics,LED TV,Apex,961.79,1322.06
P04809,Bluetooth Speaker 001,Electronics,Bluetooth Speaker,Elite,1561.62,2130.32
P04810,Bluetooth Speaker 002,Electronics,Bluetooth Speaker,Nova,1006.16,1415.62
P04811,Bluetooth Speaker 003,Electronics,Bluetooth Speaker,Vertex,1355.25,2058.65
P04812,Bluetooth Speaker 004,Electronics,Bluetooth Speaker,Orion,1355.29,2193.45
P04813,Bluetooth Speaker 005,Electronics,Bluetooth Speaker,Core,1042.15,1221.01
P04814,Bluetooth Speaker 006,Electronics,Bluetooth Speaker,Urban,1359.73,1735.77
P04815,Bluetooth Speaker 007,Electronics,Bluetooth Speaker,Zenith,1362.47,1812.77
P04816,Bluetooth Speaker 008,Electronics,Bluetooth Speaker,Viva,1540.36,2295.43
P04817,Wireless Headphones 001,Electronics,Wireless Headphones,Prime,1257.83,1980.76
P04818,Wireless Headphones 002,Electronics,Wireless Headphones,Apex,961.49,1355.57
P04819,Wireless Headphones 003,Electronics,Wireless Headphones,Elite,1476.05,2168.72
P04820,Wireless Headphones 004,Electronics,Wireless Headphones,Nova,948.3,1227.07
P04821,Wireless Headphones 005,Electronics,Wireless Headphones,Vertex,1382.18,1657.86
P04822,Wireless Headphones 006,Electronics,Wireless Headphones,Orion,1054.68,1333.03
P04823,Wireless Headphones 007,Electronics,Wireless Headphones,Core,1235.06,1548.32
P04824,Wireless Headphones 008,Electronics,Wireless Headphones,Urban,1317.17,1875.3
P04825,Smart Watch 001,Electronics,Smart Watch,Zenith,1409.08,1949.32
P04826,Smart Watch 002,Electronics,Smart Watch,Viva,1007.42,1686.61
P04827,Smart Watch 003,Electronics,Smart Watch,Prime,1166.15,1969.58
P04828,Smart Watch 004,Electronics,Smart Watch,Apex,904.82,1494.62
P04829,Smart Watch 005,Electronics,Smart Watch,Elite,1077.16,1675.32
P04830,Smart Watch 006,Electronics,Smart Watch,Nova,1024.76,1434.63
P04831,Smart Watch 007,Electronics,Smart Watch,Vertex,1441.31,1682.53
P04832,Smart Watch 008,Electronics,Smart Watch,Orion,1266.23,2116.52
P04833,Digital Camera 001,Electronics,Digital Camera,Core,849.68,1172.66
P04834,Digital Camera 002,Electronics,Digital Camera,Urban,1261.41,1528.61
P04835,Digital Camera 003,Electronics,Digital Camera,Zenith,1436.01,1971.1
P04836,Digital Camera 004,Electronics,Digital Camera,Viva,1160.46,1354.45
P04837,Digital Camera 005,Electronics,Digital Camera,Prime,1117.72,1811.34
P04838,Digital Camera 006,Electronics,Digital Camera,Apex,976.53,1413.36
P04839,Digital Camera 007,Electronics,Digital Camera,Elite,1503.72,2329.64
P04840,Digital Camera 008,Electronics,Digital Camera,Nova,1251.12,1465.71
P04841,Smartphone 001,Mobile & Accessories,Smartphone,Vertex,380.81,514.64
P04842,Smartphone 002,Mobile & Accessories,Smartphone,Orion,302.53,408.87
P04843,Smartphone 003,Mobile & Accessories,Smartphone,Core,285.83,339.07
P04844,Smartphone 004,Mobile & Accessories,Smartphone,Urban,463.29,755.61
P04845,Smartphone 005,Mobile & Accessories,Smartphone,Zenith,488.58,826.8
P04846,Smartphone 006,Mobile & Accessories,Smartphone,Viva,494.99,611.96
P04847,Smartphone 007,Mobile & Accessories,Smartphone,Prime,487.28,736.77
P04848,Smartphone 008,Mobile & Accessories,Smartphone,Apex,419.8,638.0
P04849,Power Bank 001,Mobile & Accessories,Power Bank,Elite,479.06,593.35
P04850,Power Bank 002,Mobile & Accessories,Power Bank,Nova,371.34,536.65
P04851,Power Bank 003,Mobile & Accessories,Power Bank,Vertex,311.88,370.67
P04852,Power Bank 004,Mobile & Accessories,Power Bank,Orion,419.49,502.93
P04853,Power Bank 005,Mobile & Accessories,Power Bank,Core,417.19,550.71
P04854,Power Bank 006,Mobile & Accessories,Power Bank,Urban,322.47,427.15
P04855,Power Bank 007,Mobile & Accessories,Power Bank,Zenith,310.82,474.29
P04856,Power Bank 008,Mobile & Accessories,Power Bank,Viva,517.16,816.23
P04857,Phone Case 001,Mobile & Accessories,Phone Case,Prime,303.83,429.47
P04858,Phone Case 002,Mobile & Accessories,Phone Case,Apex,290.58,465.6
P04859,Phone Case 003,Mobile & Accessories,Phone Case,Elite,495.71,730.44
P04860,Phone Case 004,Mobile & Accessories,Phone Case,Nova,356.23,595.76
P04861,Phone Case 005,Mobile & Accessories,Phone Case,Vertex,437.32,582.42
P04862,Phone Case 006,Mobile & Accessories,Phone Case,Orion,371.75,580.16
P04863,Phone Case 007,Mobile & Accessories,Phone Case,Core,385.93,538.19
P04864,Phone Case 008,Mobile & Accessories,Phone Case,Urban,317.39,417.65
P04865,USB Cable 001,Mobile & Accessories,USB Cable,Zenith,491.54,713.79
P04866,USB Cable 002,Mobile & Accessories,USB Cable,Viva,357.85,529.36
P04867,USB Cable 003,Mobile & Accessories,USB Cable,Prime,432.2,678.02
P04868,USB Cable 004,Mobile & Accessories,USB Cable,Apex,446.19,681.04
P04869,USB Cable 005,Mobile & Accessories,USB Cable,Elite,450.89,581.5
P04870,USB Cable 006,Mobile & Accessories,USB Cable,Nova,523.93,755.21
P04871,USB Cable 007,Mobile & Accessories,USB Cable,Vertex,300.44,501.26
P04872,USB Cable 008,Mobile & Accessories,USB Cable,Orion,378.22,475.74
P04873,Fast Charger 001,Mobile & Accessories,Fast Charger,Core,411.99,644.38
P04874,Fast Charger 002,Mobile & Accessories,Fast Charger,Urban,347.15,589.19
P04875,Fast Charger 003,Mobile & Accessories,Fast Charger,Zenith,412.41,517.68
P04876,Fast Charger 004,Mobile & Accessories,Fast Charger,Viva,517.97,844.0
P04877,Fast Charger 005,Mobile & Accessories,Fast Charger,Prime,434.73,571.64
P04878,Fast Charger 006,Mobile & Accessories,Fast Charger,Apex,433.98,645.43
P04879,Fast Charger 007,Mobile & Accessories,Fast Charger,Elite,456.61,550.71
P04880,Fast Charger 008,Mobile & Accessories,Fast Charger,Nova,382.52,501.42
P04881,Laptop 001,Computers,Laptop,Vertex,2154.42,3021.65
P04882,Laptop 002,Computers,Laptop,Orion,2389.25,4014.05
P04883,Laptop 003,Computers,Laptop,Core,2467.61,2968.26
P04884,Laptop 004,Computers,Laptop,Urban,1529.72,2548.89
P04885,Laptop 005,Computers,Laptop,Zenith,2381.6,3391.71
P04886,Laptop 006,Computers,Laptop,Viva,2041.42,2827.35
P04887,Laptop 007,Computers,Laptop,Prime,2205.71,3366.18
P04888,Laptop 008,Computers,Laptop,Apex,2151.76,2699.33
P04889,Desktop PC 001,Computers,Desktop PC,Elite,1985.84,2915.47
P04890,Desktop PC 002,Computers,Desktop PC,Nova,2180.16,2762.12
P04891,Desktop PC 003,Computers,Desktop PC,Vertex,1859.45,2493.87
P04892,Desktop PC 004,Computers,Desktop PC,Orion,2145.59,3125.54
P04893,Desktop PC 005,Computers,Desktop PC,Core,2183.89,2868.34
P04894,Desktop PC 006,Computers,Desktop PC,Urban,2110.46,3433.72
P04895,Desktop PC 007,Computers,Desktop PC,Zenith,2301.55,2720.16
P04896,Desktop PC 008,Computers,Desktop PC,Viva,2000.19,2541.15
P04897,Monitor 001,Computers,Monitor,Prime,1632.62,1968.34
P04898,Monitor 002,Computers,Monitor,Apex,2523.43,3550.11
P04899,Monitor 003,Computers,Monitor,Elite,1900.56,2191.68
P04900,Monitor 004,Computers,Monitor,Nova,1616.87,2115.6
P04901,Monitor 005,Computers,Monitor,Vertex,2465.45,2987.34
P04902,Monitor 006,Computers,Monitor,Orion,2160.61,2835.34
P04903,Monitor 007,Computers,Monitor,Core,2381.89,3531.76
P04904,Monitor 008,Computers,Monitor,Urban,1917.01,2469.64
P04905,Keyboard 001,Computers,Keyboard,Zenith,1542.27,2572.77
P04906,Keyboard 002,Computers,Keyboard,Viva,2024.6,2397.4
P04907,Keyboard 003,Computers,Keyboard,Prime,1633.37,2625.19
P04908,Keyboard 004,Computers,Keyboard,Apex,2246.28,3333.02
P04909,Keyboard 005,Computers,Keyboard,Elite,2009.69,2284.09
P04910,Keyboard 006,Computers,Keyboard,Nova,1730.0,2073.72
P04911,Keyboard 007,Computers,Keyboard,Vertex,2086.18,2968.86
P04912,Keyboard 008,Computers,Keyboard,Orion,1838.66,2787.85
P04913,Mouse 001,Computers,Mouse,Core,1784.64,2989.42
P04914,Mouse 002,Computers,Mouse,Urban,1389.03,2355.69
P04915,Mouse 003,Computers,Mouse,Zenith,1932.23,2214.83
P04916,Mouse 004,Computers,Mouse,Viva,2101.88,2637.58
P04917,Mouse 005,Computers,Mouse,Prime,1920.63,2434.1
P04918,Mouse 006,Computers,Mouse,Apex,1849.39,2984.07
P04919,Mouse 007,Computers,Mouse,Elite,1807.61,2826.14
P04920,Mouse 008,Computers,Mouse,Nova,2264.35,2885.67
P04921,Refrigerator 001,Home Appliances,Refrigerator,Vertex,2239.23,3022.69
P04922,Refrigerator 002,Home Appliances,Refrigerator,Orion,3063.53,3768.18
P04923,Refrigerator 003,Home Appliances,Refrigerator,Core,3078.53,5063.77
P04924,Refrigerator 004,Home Appliances,Refrigerator,Urban,3498.15,4604.06
P04925,Refrigerator 005,Home Appliances,Refrigerator,Zenith,2188.59,2865.82
P04926,Refrigerator 006,Home Appliances,Refrigerator,Viva,2771.2,4158.2
P04927,Refrigerator 007,Home Appliances,Refrigerator,Prime,2495.38,4142.75
P04928,Refrigerator 008,Home Appliances,Refrigerator,Apex,2341.89,2701.32
P04929,Washing Machine 001,Home Appliances,Washing Machine,Elite,2976.43,4422.04
P04930,Washing Machine 002,Home Appliances,Washing Machine,Nova,2270.53,2720.5
P04931,Washing Machine 003,Home Appliances,Washing Machine,Vertex,2745.97,4246.93
P04932,Washing Machine 004,Home Appliances,Washing Machine,Orion,2339.14,3640.21
P04933,Washing Machine 005,Home Appliances,Washing Machine,Core,3656.17,4754.39
P04934,Washing Machine 006,Home Appliances,Washing Machine,Urban,3101.89,4505.02
P04935,Washing Machine 007,Home Appliances,Washing Machine,Zenith,2305.06,3891.12
P04936,Washing Machine 008,Home Appliances,Washing Machine,Viva,2929.52,3832.45
P04937,Microwave Oven 001,Home Appliances,Microwave Oven,Prime,2255.41,3367.81
P04938,Microwave Oven 002,Home Appliances,Microwave Oven,Apex,2812.01,3278.1
P04939,Microwave Oven 003,Home Appliances,Microwave Oven,Elite,2016.95,2858.94
P04940,Microwave Oven 004,Home Appliances,Microwave Oven,Nova,3065.29,4842.93
P04941,Microwave Oven 005,Home Appliances,Microwave Oven,Vertex,2048.06,2998.67
P04942,Microwave Oven 006,Home Appliances,Microwave Oven,Orion,3527.5,4000.35
P04943,Microwave Oven 007,Home Appliances,Microwave Oven,Core,3532.33,5920.04
P04944,Microwave Oven 008,Home Appliances,Microwave Oven,Urban,2321.94,2610.55
P04945,Air Conditioner 001,Home Appliances,Air Conditioner,Zenith,2342.48,3834.05
P04946,Air Conditioner 002,Home Appliances,Air Conditioner,Viva,3554.59,4351.09
P04947,Air Conditioner 003,Home Appliances,Air Conditioner,Prime,3223.25,4125.48
P04948,Air Conditioner 004,Home Appliances,Air Conditioner,Apex,2449.22,3735.12
P04949,Air Conditioner 005,Home Appliances,Air Conditioner,Elite,2871.69,4166.02
P04950,Air Conditioner 006,Home Appliances,Air Conditioner,Nova,2133.86,3507.93
P04951,Air Conditioner 007,Home Appliances,Air Conditioner,Vertex,2968.24,3942.23
P04952,Air Conditioner 008,Home Appliances,Air Conditioner,Orion,2932.25,4291.67
P04953,Mixer Grinder 001,Home Appliances,Mixer Grinder,Core,3085.23,4617.58
P04954,Mixer Grinder 002,Home Appliances,Mixer Grinder,Urban,3131.93,4854.71
P04955,Mixer Grinder 003,Home Appliances,Mixer Grinder,Zenith,3625.18,4424.58
P04956,Mixer Grinder 004,Home Appliances,Mixer Grinder,Viva,2462.88,3300.43
P04957,Mixer Grinder 005,Home Appliances,Mixer Grinder,Prime,3431.86,5232.44
P04958,Mixer Grinder 006,Home Appliances,Mixer Grinder,Apex,1986.8,3340.58
P04959,Mixer Grinder 007,Home Appliances,Mixer Grinder,Elite,2817.85,3364.68
P04960,Mixer Grinder 008,Home Appliances,Mixer Grinder,Nova,3570.89,5522.0
P04961,Office Chair 001,Furniture,Office Chair,Vertex,2288.99,2635.54
P04962,Office Chair 002,Furniture,Office Chair,Orion,1388.4,1708.13
P04963,Office Chair 003,Furniture,Office Chair,Core,2042.28,2561.61
P04964,Office Chair 004,Furniture,Office Chair,Urban,2015.07,2289.44
P04965,Office Chair 005,Furniture,Office Chair,Zenith,2286.37,3654.25
P04966,Office Chair 006,Furniture,Office Chair,Viva,1516.51,1698.79
P04967,Office Chair 007,Furniture,Office Chair,Prime,2157.2,2650.75
P04968,Office Chair 008,Furniture,Office Chair,Apex,2527.19,2889.37
P04969,Study Table 001,Furniture,Study Table,Elite,1979.73,3344.54
P04970,Study Table 002,Furniture,Study Table,Nova,2026.2,2514.81
P04971,Study Table 003,Furniture,Study Table,Vertex,2579.91,3142.1
P04972,Study Table 004,Furniture,Study Table,Orion,1766.31,2652.34
P04973,Study Table 005,Furniture,Study Table,Core,1676.6,2221.05
P04974,Study Table 006,Furniture,Study Table,Urban,2301.91,3275.54
P04975,Study Table 007,Furniture,Study Table,Zenith,1790.75,2481.48
P04976,Study Table 008,Furniture,Study Table,Viva,2508.07,3948.1
P04977,Sofa 001,Furniture,Sofa,Prime,2453.72,2970.94
P04978,Sofa 002,Furniture,Sofa,Apex,1574.14,2165.6
P04979,Sofa 003,Furniture,Sofa,Elite,2258.4,2602.26
P04980,Sofa 004,Furniture,Sofa,Nova,2336.78,3159.63
P04981,Sofa 005,Furniture,Sofa,Vertex,2268.57,2561.47
P04982,Sofa 006,Furniture,Sofa,Orion,1618.56,1816.9
P04983,Sofa 007,Furniture,Sofa,Core,2493.2,3874.9
P04984,Sofa 008,Furniture,Sofa,Urban,1861.37,2831.2
P04985,Bookshelf 001,Furniture,Bookshelf,Zenith,1787.65,2793.15
P04986,Bookshelf 002,Furniture,Bookshelf,Viva,2126.48,2802.42
P04987,Bookshelf 003,Furniture,Bookshelf,Prime,1953.6,2910.87
P04988,Bookshelf 004,Furniture,Bookshelf,Apex,1950.11,2214.28
P04989,Bookshelf 005,Furniture,Bookshelf,Elite,1501.86,2223.81
P04990,Bookshelf 006,Furniture,Bookshelf,Nova,2374.84,2999.95
P04991,Bookshelf 007,Furniture,Bookshelf,Vertex,1394.16,1833.98
P04992,Bookshelf 008,Furniture,Bookshelf,Orion,1869.67,2559.55
P04993,Bed 001,Furniture,Bed,Core,1891.9,2788.84
P04994,Bed 002,Furniture,Bed,Urban,1985.26,2577.42
P04995,Bed 003,Furniture,Bed,Zenith,1700.82,2309.11
P04996,Bed 004,Furniture,Bed,Viva,2333.28,2679.88
P04997,Bed 005,Furniture,Bed,Prime,2383.76,3786.21
P04998,Bed 006,Furniture,Bed,Apex,1389.79,2027.26
P04999,Bed 007,Furniture,Bed,Elite,2332.94,3043.33
P05000,Bed 008,Furniture,Bed,Nova,2439.72,2923.83
